# Blender 5.1.1
# www.blender.org
mtllib full-dummy.mtl
o Testo
v -0.635310 1.905198 0.511878
v -0.635559 1.901056 0.505984
v -0.635828 1.896641 0.500560
v -0.636114 1.891978 0.495612
v -0.636417 1.887088 0.491148
v -0.636736 1.881995 0.487175
v -0.637068 1.876723 0.483701
v -0.637412 1.871295 0.480733
v -0.637766 1.865734 0.478279
v -0.638130 1.860064 0.476345
v -0.638501 1.854308 0.474940
v -0.638878 1.848489 0.474070
v -0.639260 1.842630 0.473743
v -0.639575 1.837820 0.473951
v -0.639874 1.833294 0.474650
v -0.640154 1.829076 0.475817
v -0.640414 1.825192 0.477430
v -0.640652 1.821667 0.479466
v -0.640866 1.818525 0.481905
v -0.641055 1.815792 0.484722
v -0.641217 1.813493 0.487896
v -0.641350 1.811653 0.491406
v -0.641453 1.810296 0.495228
v -0.641524 1.809448 0.499340
v -0.641560 1.809134 0.503720
v -0.641559 1.809361 0.507418
v -0.641525 1.810087 0.510987
v -0.641460 1.811275 0.514391
v -0.641366 1.812889 0.517593
v -0.641246 1.814894 0.520559
v -0.641101 1.817255 0.523250
v -0.640935 1.819937 0.525633
v -0.640748 1.822903 0.527669
v -0.640544 1.826118 0.529323
v -0.640325 1.829548 0.530560
v -0.640092 1.833156 0.531342
v -0.639847 1.836907 0.531633
v -0.639598 1.840707 0.531437
v -0.639359 1.844327 0.530795
v -0.639132 1.847741 0.529733
v -0.638919 1.850919 0.528278
v -0.638722 1.853834 0.526455
v -0.638542 1.856456 0.524291
v -0.638383 1.858757 0.521812
v -0.638245 1.860710 0.519043
v -0.638131 1.862285 0.516011
v -0.638042 1.863455 0.512741
v -0.637981 1.864191 0.509260
v -0.637950 1.864464 0.505594
v -0.637946 1.864438 0.504074
v -0.637947 1.864339 0.502610
v -0.637953 1.864172 0.501200
v -0.637963 1.863944 0.499845
v -0.637976 1.863663 0.498542
v -0.637993 1.863335 0.497292
v -0.638013 1.862966 0.496093
v -0.638035 1.862563 0.494944
v -0.638059 1.862133 0.493845
v -0.638084 1.861683 0.492794
v -0.638111 1.861218 0.491791
v -0.638138 1.860747 0.490834
v -0.637930 1.864007 0.491987
v -0.637722 1.867264 0.493444
v -0.637517 1.870497 0.495184
v -0.637316 1.873683 0.497185
v -0.637121 1.876800 0.499424
v -0.636932 1.879827 0.501878
v -0.636751 1.882740 0.504527
v -0.636580 1.885517 0.507348
v -0.636420 1.888137 0.510318
v -0.636271 1.890577 0.513416
v -0.636137 1.892815 0.516619
v -0.636017 1.894828 0.519905
v -0.639032 1.846902 0.487820
v -0.638979 1.847795 0.489253
v -0.638933 1.848580 0.490589
v -0.638893 1.849262 0.491847
v -0.638859 1.849848 0.493045
v -0.638831 1.850342 0.494203
v -0.638809 1.850751 0.495338
v -0.638791 1.851080 0.496469
v -0.638779 1.851334 0.497616
v -0.638771 1.851519 0.498796
v -0.638768 1.851641 0.500029
v -0.638768 1.851705 0.501333
v -0.638773 1.851717 0.502727
v -0.638790 1.851571 0.504911
v -0.638823 1.851184 0.506980
v -0.638871 1.850568 0.508921
v -0.638931 1.849740 0.510717
v -0.639005 1.848712 0.512355
v -0.639089 1.847500 0.513820
v -0.639184 1.846118 0.515096
v -0.639289 1.844580 0.516171
v -0.639402 1.842901 0.517028
v -0.639522 1.841096 0.517653
v -0.639649 1.839178 0.518031
v -0.639781 1.837162 0.518148
v -0.639927 1.834928 0.518004
v -0.640062 1.832832 0.517619
v -0.640187 1.830887 0.517006
v -0.640301 1.829102 0.516174
v -0.640402 1.827488 0.515136
v -0.640491 1.826057 0.513902
v -0.640567 1.824820 0.512483
v -0.640629 1.823786 0.510891
v -0.640676 1.822968 0.509137
v -0.640708 1.822376 0.507231
v -0.640723 1.822020 0.505185
v -0.640722 1.821912 0.503009
v -0.640699 1.822129 0.500587
v -0.640651 1.822727 0.498233
v -0.640580 1.823694 0.495991
v -0.640486 1.825018 0.493903
v -0.640370 1.826685 0.492011
v -0.640233 1.828683 0.490357
v -0.640077 1.830999 0.488984
v -0.639901 1.833620 0.487935
v -0.639708 1.836534 0.487251
v -0.639498 1.839728 0.486976
v -0.639273 1.843188 0.487151
v -0.640471 1.823498 0.462836
v -0.640318 1.823811 0.426918
v -0.639949 1.829738 0.431940
v -0.639607 1.835217 0.436445
v -0.639290 1.840298 0.440450
v -0.638993 1.845031 0.443971
v -0.638714 1.849467 0.447022
v -0.638450 1.853656 0.449620
v -0.638197 1.857648 0.451780
v -0.637952 1.861494 0.453518
v -0.637712 1.865245 0.454850
v -0.637473 1.868950 0.455792
v -0.637232 1.872661 0.456360
v -0.636987 1.876427 0.456568
v -0.636711 1.880640 0.456366
v -0.636449 1.884610 0.455697
v -0.636202 1.888316 0.454582
v -0.635973 1.891733 0.453046
v -0.635763 1.894839 0.451109
v -0.635573 1.897611 0.448793
v -0.635406 1.900025 0.446122
v -0.635262 1.902059 0.443117
v -0.635143 1.903689 0.439801
v -0.635051 1.904892 0.436195
v -0.634987 1.905646 0.432323
v -0.634954 1.905927 0.428207
v -0.634950 1.905883 0.426324
v -0.634954 1.905718 0.424461
v -0.634966 1.905431 0.422611
v -0.634986 1.905020 0.420771
v -0.635014 1.904486 0.418939
v -0.635050 1.903826 0.417108
v -0.635095 1.903041 0.415277
v -0.635148 1.902129 0.413441
v -0.635209 1.901089 0.411596
v -0.635278 1.899921 0.409738
v -0.635356 1.898623 0.407864
v -0.635443 1.897194 0.405970
v -0.636546 1.880303 0.405818
v -0.636406 1.882554 0.407717
v -0.636283 1.884544 0.409586
v -0.636176 1.886284 0.411428
v -0.636085 1.887787 0.413246
v -0.636008 1.889064 0.415040
v -0.635945 1.890130 0.416813
v -0.635894 1.890995 0.418568
v -0.635857 1.891672 0.420305
v -0.635830 1.892174 0.422027
v -0.635814 1.892513 0.423737
v -0.635808 1.892702 0.425435
v -0.635811 1.892752 0.427125
v -0.635830 1.892583 0.429377
v -0.635868 1.892127 0.431514
v -0.635923 1.891398 0.433519
v -0.635995 1.890412 0.435377
v -0.636081 1.889182 0.437072
v -0.636182 1.887725 0.438589
v -0.636296 1.886055 0.439911
v -0.636422 1.884187 0.441025
v -0.636560 1.882136 0.441913
v -0.636707 1.879917 0.442559
v -0.636864 1.877545 0.442950
v -0.637028 1.875034 0.443068
v -0.637152 1.873140 0.443005
v -0.637268 1.871357 0.442851
v -0.637378 1.869665 0.442607
v -0.637482 1.868042 0.442271
v -0.637584 1.866468 0.441844
v -0.637683 1.864921 0.441325
v -0.637782 1.863380 0.440715
v -0.637881 1.861826 0.440013
v -0.637982 1.860235 0.439219
v -0.638086 1.858589 0.438332
v -0.638195 1.856865 0.437353
v -0.638310 1.855042 0.436282
v -0.638528 1.851595 0.434130
v -0.638752 1.848034 0.431748
v -0.638981 1.844388 0.429174
v -0.639213 1.840682 0.426443
v -0.639447 1.836945 0.423591
v -0.639680 1.833205 0.420654
v -0.639912 1.829487 0.417669
v -0.640141 1.825820 0.414672
v -0.640365 1.822231 0.411698
v -0.640582 1.818748 0.408784
v -0.640791 1.815397 0.405965
v -0.640989 1.812206 0.403279
v -0.641052 1.811245 0.403270
v -0.641305 1.810727 0.462721
v -0.640953 1.810377 0.361010
v -0.640994 1.810293 0.370644
v -0.634827 1.906186 0.398481
v -0.634786 1.906270 0.388848
v -0.634691 1.905394 0.347551
v -0.634514 1.905757 0.305853
v -0.637700 1.857006 0.305415
v -0.637659 1.857905 0.310407
v -0.637654 1.858248 0.315031
v -0.637681 1.858076 0.319273
v -0.637737 1.857432 0.323122
v -0.637820 1.856356 0.326563
v -0.637927 1.854890 0.329584
v -0.638055 1.853076 0.332172
v -0.638202 1.850956 0.334313
v -0.638364 1.848570 0.335996
v -0.638539 1.845962 0.337206
v -0.638724 1.843171 0.337931
v -0.638916 1.840241 0.338157
v -0.639064 1.837977 0.337958
v -0.639204 1.835801 0.337416
v -0.639336 1.833733 0.336557
v -0.639458 1.831795 0.335405
v -0.639570 1.830009 0.333986
v -0.639669 1.828395 0.332322
v -0.639755 1.826974 0.330440
v -0.639826 1.825768 0.328363
v -0.639882 1.824799 0.326116
v -0.639919 1.824086 0.323724
v -0.639938 1.823653 0.321211
v -0.639938 1.823519 0.318601
v -0.639927 1.823582 0.316882
v -0.639910 1.823743 0.315163
v -0.639887 1.823999 0.313447
v -0.639858 1.824352 0.311733
v -0.639822 1.824799 0.310021
v -0.639780 1.825342 0.308313
v -0.639732 1.825979 0.306608
v -0.639678 1.826710 0.304908
v -0.639618 1.827535 0.303212
v -0.639552 1.828452 0.301522
v -0.639480 1.829462 0.299837
v -0.639402 1.830564 0.298158
v -0.640308 1.816694 0.298033
v -0.640380 1.815697 0.300022
v -0.640446 1.814802 0.301954
v -0.640505 1.814004 0.303841
v -0.640558 1.813300 0.305695
v -0.640605 1.812689 0.307526
v -0.640646 1.812166 0.309347
v -0.640681 1.811729 0.311169
v -0.640711 1.811375 0.313002
v -0.640736 1.811101 0.314860
v -0.640755 1.810904 0.316752
v -0.640771 1.810780 0.318691
v -0.640781 1.810728 0.320688
v -0.640783 1.810949 0.325024
v -0.640751 1.811671 0.329135
v -0.640687 1.812865 0.332993
v -0.640593 1.814506 0.336570
v -0.640470 1.816566 0.339837
v -0.640321 1.819016 0.342766
v -0.640146 1.821831 0.345329
v -0.639948 1.824981 0.347496
v -0.639729 1.828440 0.349240
v -0.639489 1.832181 0.350532
v -0.639231 1.836176 0.351344
v -0.638956 1.840398 0.351646
v -0.638678 1.844637 0.351418
v -0.638411 1.848678 0.350664
v -0.638157 1.852484 0.349402
v -0.637920 1.856018 0.347648
v -0.637701 1.859243 0.345416
v -0.637503 1.862123 0.342724
v -0.637328 1.864621 0.339586
v -0.637179 1.866699 0.336020
v -0.637058 1.868321 0.332040
v -0.636968 1.869451 0.327663
v -0.636911 1.870050 0.322905
v -0.636890 1.870083 0.317781
v -0.635356 1.893566 0.317992
v -0.635481 1.893309 0.347443
v -0.639720 1.825034 0.286548
v -0.639567 1.825347 0.250629
v -0.639198 1.831274 0.255651
v -0.638857 1.836753 0.260157
v -0.638539 1.841834 0.264162
v -0.638243 1.846567 0.267682
v -0.637964 1.851003 0.270733
v -0.637700 1.855191 0.273331
v -0.637447 1.859184 0.275491
v -0.637202 1.863030 0.277230
v -0.636962 1.866781 0.278562
v -0.636723 1.870486 0.279504
v -0.636482 1.874197 0.280071
v -0.636237 1.877963 0.280280
v -0.635961 1.882176 0.280077
v -0.635699 1.886146 0.279408
v -0.635452 1.889851 0.278294
v -0.635223 1.893269 0.276757
v -0.635013 1.896375 0.274820
v -0.634823 1.899146 0.272505
v -0.634655 1.901561 0.269833
v -0.634511 1.903594 0.266829
v -0.634393 1.905225 0.263512
v -0.634301 1.906428 0.259907
v -0.634237 1.907182 0.256035
v -0.634204 1.907463 0.251918
v -0.634200 1.907419 0.250036
v -0.634203 1.907254 0.248172
v -0.634215 1.906967 0.246322
v -0.634235 1.906556 0.244483
v -0.634264 1.906022 0.242650
v -0.634300 1.905362 0.240820
v -0.634345 1.904577 0.238989
v -0.634397 1.903665 0.237152
v -0.634459 1.902625 0.235307
v -0.634528 1.901456 0.233450
v -0.634606 1.900158 0.231575
v -0.634693 1.898730 0.229681
v -0.635796 1.881839 0.229529
v -0.635656 1.884090 0.231428
v -0.635533 1.886080 0.233297
v -0.635426 1.887820 0.235140
v -0.635334 1.889322 0.236957
v -0.635257 1.890600 0.238752
v -0.635194 1.891665 0.240525
v -0.635144 1.892531 0.242279
v -0.635106 1.893208 0.244016
v -0.635080 1.893710 0.245739
v -0.635064 1.894049 0.247448
v -0.635058 1.894238 0.249147
v -0.635061 1.894288 0.250836
v -0.635080 1.894119 0.253088
v -0.635118 1.893663 0.255225
v -0.635173 1.892934 0.257230
v -0.635244 1.891948 0.259088
v -0.635331 1.890718 0.260783
v -0.635432 1.889261 0.262300
v -0.635546 1.887591 0.263623
v -0.635672 1.885723 0.264736
v -0.635809 1.883672 0.265624
v -0.635957 1.881453 0.266271
v -0.636114 1.879081 0.266661
v -0.636278 1.876570 0.266779
v -0.636402 1.874676 0.266717
v -0.636518 1.872893 0.266563
v -0.636627 1.871201 0.266318
v -0.636732 1.869578 0.265983
v -0.636834 1.868003 0.265556
v -0.636933 1.866457 0.265037
v -0.637031 1.864916 0.264427
v -0.637130 1.863361 0.263725
v -0.637231 1.861771 0.262930
v -0.637336 1.860124 0.262044
v -0.637445 1.858400 0.261065
v -0.637560 1.856578 0.259993
v -0.637778 1.853131 0.257841
v -0.638002 1.849570 0.255459
v -0.638231 1.845923 0.252885
v -0.638463 1.842218 0.250154
v -0.638696 1.838481 0.247302
v -0.638930 1.834740 0.244366
v -0.639162 1.831023 0.241381
v -0.639391 1.827356 0.238383
v -0.639615 1.823767 0.235409
v -0.639832 1.820283 0.232495
v -0.640040 1.816933 0.229677
v -0.640239 1.813742 0.226990
v -0.640302 1.812780 0.226982
v -0.640555 1.812263 0.286433
v -0.637228 1.859043 0.213497
v -0.637093 1.859318 0.181983
v -0.637883 1.847233 0.181874
v -0.637960 1.847076 0.199902
v -0.639216 1.827850 0.199729
v -0.639242 1.827359 0.198104
v -0.639267 1.826889 0.196472
v -0.639290 1.826444 0.194831
v -0.639311 1.826030 0.193178
v -0.639330 1.825651 0.191512
v -0.639346 1.825310 0.189831
v -0.639359 1.825012 0.188134
v -0.639369 1.824762 0.186418
v -0.639376 1.824563 0.184681
v -0.639378 1.824420 0.182922
v -0.639377 1.824338 0.181138
v -0.639372 1.824320 0.179328
v -0.639329 1.824668 0.173900
v -0.639249 1.825597 0.168784
v -0.639135 1.827076 0.164012
v -0.638988 1.829075 0.159614
v -0.638811 1.831564 0.155622
v -0.638605 1.834514 0.152066
v -0.638372 1.837895 0.148980
v -0.638116 1.841677 0.146392
v -0.637837 1.845830 0.144336
v -0.637537 1.850325 0.142842
v -0.637220 1.855131 0.141941
v -0.636886 1.860218 0.141666
v -0.636562 1.865190 0.142034
v -0.636257 1.869919 0.143020
v -0.635972 1.874368 0.144584
v -0.635709 1.878501 0.146688
v -0.635472 1.882281 0.149291
v -0.635261 1.885670 0.152354
v -0.635081 1.888632 0.155838
v -0.634932 1.891130 0.159703
v -0.634816 1.893127 0.163909
v -0.634738 1.894586 0.168417
v -0.634697 1.895471 0.173188
v -0.634698 1.895745 0.178181
v -0.634714 1.895655 0.181004
v -0.634739 1.895434 0.183830
v -0.634772 1.895083 0.186657
v -0.634814 1.894604 0.189482
v -0.634864 1.893997 0.192304
v -0.634923 1.893263 0.195122
v -0.634989 1.892403 0.197932
v -0.635064 1.891418 0.200734
v -0.635147 1.890310 0.203525
v -0.635237 1.889078 0.206303
v -0.635336 1.887725 0.209067
v -0.635443 1.886250 0.211815
v -0.634554 1.899846 0.211937
v -0.634444 1.901331 0.208409
v -0.634346 1.902641 0.205136
v -0.634260 1.903783 0.202083
v -0.634185 1.904768 0.199213
v -0.634121 1.905605 0.196490
v -0.634065 1.906303 0.193880
v -0.634019 1.906872 0.191346
v -0.633980 1.907320 0.188852
v -0.633949 1.907658 0.186363
v -0.633924 1.907895 0.183843
v -0.633905 1.908040 0.181257
v -0.633891 1.908102 0.178568
v -0.633890 1.907733 0.171560
v -0.633943 1.906537 0.164882
v -0.634049 1.904561 0.158588
v -0.634204 1.901857 0.152729
v -0.634406 1.898473 0.147357
v -0.634651 1.894459 0.142524
v -0.634935 1.889865 0.138282
v -0.635257 1.884740 0.134683
v -0.635613 1.879134 0.131780
v -0.636000 1.873097 0.129624
v -0.636414 1.866678 0.128268
v -0.636854 1.859927 0.127763
v -0.637294 1.853219 0.128136
v -0.637714 1.846856 0.129348
v -0.638112 1.840883 0.131352
v -0.638484 1.835345 0.134102
v -0.638828 1.830284 0.137549
v -0.639140 1.825747 0.141648
v -0.639417 1.821776 0.146351
v -0.639656 1.818417 0.151612
v -0.639854 1.815713 0.157383
v -0.640008 1.813709 0.163618
v -0.640115 1.812449 0.170269
v -0.640171 1.811977 0.177291
v -0.640182 1.811996 0.180502
v -0.640186 1.812110 0.183613
v -0.640183 1.812325 0.186640
v -0.640173 1.812643 0.189602
v -0.640156 1.813069 0.192517
v -0.640132 1.813605 0.195403
v -0.640100 1.814256 0.198280
v -0.640060 1.815025 0.201164
v -0.640013 1.815916 0.204073
v -0.639957 1.816932 0.207027
v -0.639893 1.818077 0.210044
v -0.639821 1.819356 0.213140
v -0.634120 1.900973 0.114093
v -0.634023 1.902276 0.110967
v -0.633935 1.903456 0.107955
v -0.633855 1.904513 0.105048
v -0.633783 1.905450 0.102236
v -0.633720 1.906271 0.099510
v -0.633664 1.906977 0.096858
v -0.633615 1.907570 0.094271
v -0.633574 1.908055 0.091739
v -0.633541 1.908431 0.089252
v -0.633514 1.908704 0.086800
v -0.633494 1.908873 0.084372
v -0.633480 1.908943 0.081960
v -0.633477 1.908580 0.074670
v -0.633530 1.907389 0.067763
v -0.633635 1.905416 0.061286
v -0.633790 1.902706 0.055285
v -0.633992 1.899305 0.049808
v -0.634238 1.895258 0.044901
v -0.634526 1.890611 0.040610
v -0.634853 1.885408 0.036983
v -0.635216 1.879696 0.034067
v -0.635612 1.873519 0.031907
v -0.636038 1.866924 0.030551
v -0.636492 1.859954 0.030046
v -0.636823 1.854908 0.030325
v -0.637169 1.849666 0.031259
v -0.637523 1.844349 0.032865
v -0.637876 1.839075 0.035160
v -0.638221 1.833966 0.038160
v -0.638550 1.829139 0.041881
v -0.638856 1.824716 0.046339
v -0.639130 1.820814 0.051552
v -0.639365 1.817555 0.057535
v -0.639553 1.815057 0.064305
v -0.639687 1.813439 0.071878
v -0.639758 1.812822 0.080270
v -0.639769 1.812862 0.083857
v -0.639770 1.813038 0.087263
v -0.639762 1.813345 0.090502
v -0.639745 1.813775 0.093588
v -0.639720 1.814320 0.096533
v -0.639688 1.814974 0.099351
v -0.639649 1.815729 0.102055
v -0.639603 1.816578 0.104659
v -0.639551 1.817513 0.107176
v -0.639494 1.818528 0.109618
v -0.639431 1.819614 0.112001
v -0.639365 1.820766 0.114336
v -0.638404 1.835460 0.114468
v -0.638501 1.833833 0.111785
v -0.638589 1.832339 0.109070
v -0.638667 1.830981 0.106329
v -0.638737 1.829761 0.103569
v -0.638797 1.828680 0.100798
v -0.638848 1.827741 0.098021
v -0.638890 1.826944 0.095245
v -0.638923 1.826292 0.092477
v -0.638946 1.825787 0.089724
v -0.638959 1.825431 0.086992
v -0.638962 1.825225 0.084289
v -0.638956 1.825171 0.081620
v -0.638913 1.825517 0.076134
v -0.638834 1.826439 0.070980
v -0.638720 1.827908 0.066187
v -0.638574 1.829896 0.061782
v -0.638397 1.832375 0.057795
v -0.638192 1.835315 0.054254
v -0.637960 1.838689 0.051187
v -0.637704 1.842468 0.048622
v -0.637424 1.846624 0.046588
v -0.637124 1.851128 0.045114
v -0.636806 1.855953 0.044227
v -0.636470 1.861069 0.043957
v -0.636143 1.866099 0.044329
v -0.635835 1.870866 0.045327
v -0.635548 1.875335 0.046915
v -0.635286 1.879474 0.049057
v -0.635049 1.883247 0.051715
v -0.634840 1.886622 0.054853
v -0.634661 1.889564 0.058434
v -0.634514 1.892038 0.062423
v -0.634401 1.894012 0.066781
v -0.634324 1.895450 0.071473
v -0.634285 1.896319 0.076462
v -0.634287 1.896585 0.081711
v -0.634303 1.896498 0.084410
v -0.634327 1.896284 0.087077
v -0.634359 1.895938 0.089720
v -0.634400 1.895460 0.092349
v -0.634450 1.894846 0.094974
v -0.634509 1.894095 0.097602
v -0.634577 1.893203 0.100244
v -0.634654 1.892169 0.102907
v -0.634741 1.890989 0.105602
v -0.634838 1.889661 0.108337
v -0.634945 1.888184 0.111121
v -0.635062 1.886553 0.113964
v -0.635204 1.876628 -0.023616
v -0.635152 1.876734 -0.035864
v -0.639181 1.815075 -0.036419
v -0.639233 1.814968 -0.024171
v -0.633989 1.895293 -0.022210
v -0.633924 1.896274 -0.022269
v -0.633862 1.897218 -0.022456
v -0.633802 1.898116 -0.022763
v -0.633746 1.898959 -0.023181
v -0.633693 1.899738 -0.023701
v -0.633644 1.900445 -0.024314
v -0.633601 1.901069 -0.025011
v -0.633563 1.901601 -0.025783
v -0.633532 1.902033 -0.026620
v -0.633507 1.902356 -0.027515
v -0.633491 1.902559 -0.028457
v -0.633482 1.902635 -0.029438
v -0.633482 1.902576 -0.030421
v -0.633491 1.902389 -0.031367
v -0.633508 1.902082 -0.032267
v -0.633532 1.901665 -0.033112
v -0.633563 1.901146 -0.033893
v -0.633600 1.900534 -0.034601
v -0.633644 1.899839 -0.035227
v -0.633692 1.899068 -0.035761
v -0.633745 1.898233 -0.036194
v -0.633802 1.897340 -0.036517
v -0.633863 1.896399 -0.036722
v -0.633927 1.895420 -0.036798
v -0.633991 1.894440 -0.036739
v -0.634053 1.893496 -0.036552
v -0.634113 1.892598 -0.036244
v -0.634170 1.891755 -0.035826
v -0.634223 1.890975 -0.035306
v -0.634271 1.890269 -0.034693
v -0.634315 1.889645 -0.033997
v -0.634352 1.889112 -0.033225
v -0.634384 1.888680 -0.032387
v -0.634408 1.888358 -0.031493
v -0.634425 1.888154 -0.030550
v -0.634433 1.888078 -0.029569
v -0.634433 1.888137 -0.028587
v -0.634424 1.888324 -0.027641
v -0.634408 1.888631 -0.026741
v -0.634383 1.889049 -0.025895
v -0.634352 1.889568 -0.025114
v -0.634315 1.890179 -0.024406
v -0.634272 1.890875 -0.023781
v -0.634223 1.891645 -0.023247
v -0.634170 1.892481 -0.022814
v -0.634113 1.893374 -0.022490
v -0.634053 1.894314 -0.022286
v -0.635329 1.873040 -0.053239
v -0.635269 1.873875 -0.054837
v -0.635213 1.874637 -0.056415
v -0.635163 1.875324 -0.057973
v -0.635117 1.875938 -0.059513
v -0.635076 1.876480 -0.061037
v -0.635039 1.876950 -0.062545
v -0.635008 1.877348 -0.064040
v -0.634981 1.877674 -0.065523
v -0.634959 1.877931 -0.066994
v -0.634941 1.878116 -0.068457
v -0.634928 1.878233 -0.069911
v -0.634920 1.878280 -0.071359
v -0.634916 1.878175 -0.074363
v -0.634929 1.877814 -0.077173
v -0.634959 1.877203 -0.079777
v -0.635006 1.876349 -0.082162
v -0.635070 1.875261 -0.084316
v -0.635149 1.873946 -0.086227
v -0.635243 1.872411 -0.087882
v -0.635352 1.870663 -0.089268
v -0.635475 1.868712 -0.090373
v -0.635613 1.866563 -0.091184
v -0.635764 1.864224 -0.091690
v -0.635928 1.861703 -0.091877
v -0.636186 1.857787 -0.091343
v -0.636419 1.854309 -0.089802
v -0.636630 1.851216 -0.087455
v -0.636821 1.848455 -0.084503
v -0.636996 1.845970 -0.081147
v -0.637157 1.843708 -0.077588
v -0.637307 1.841615 -0.074027
v -0.637449 1.839636 -0.070666
v -0.637585 1.837718 -0.067706
v -0.637719 1.835807 -0.065349
v -0.637853 1.833849 -0.063794
v -0.637989 1.831789 -0.063244
v -0.638058 1.830734 -0.063337
v -0.638120 1.829767 -0.063591
v -0.638176 1.828886 -0.063992
v -0.638226 1.828092 -0.064531
v -0.638270 1.827386 -0.065195
v -0.638308 1.826766 -0.065973
v -0.638339 1.826233 -0.066853
v -0.638365 1.825786 -0.067824
v -0.638385 1.825426 -0.068875
v -0.638398 1.825153 -0.069994
v -0.638406 1.824966 -0.071169
v -0.638408 1.824865 -0.072390
v -0.638399 1.824930 -0.073675
v -0.638383 1.825107 -0.075052
v -0.638359 1.825394 -0.076514
v -0.638327 1.825794 -0.078054
v -0.638287 1.826307 -0.079669
v -0.638240 1.826934 -0.081351
v -0.638185 1.827676 -0.083095
v -0.638122 1.828534 -0.084896
v -0.638052 1.829509 -0.086747
v -0.637973 1.830601 -0.088643
v -0.637887 1.831813 -0.090578
v -0.637793 1.833143 -0.092547
v -0.638654 1.819960 -0.092665
v -0.638726 1.818967 -0.090719
v -0.638791 1.818079 -0.088846
v -0.638849 1.817293 -0.087031
v -0.638901 1.816604 -0.085263
v -0.638946 1.816010 -0.083529
v -0.638986 1.815505 -0.081815
v -0.639019 1.815086 -0.080109
v -0.639048 1.814749 -0.078399
v -0.639071 1.814490 -0.076670
v -0.639089 1.814305 -0.074910
v -0.639104 1.814191 -0.073107
v -0.639114 1.814142 -0.071247
v -0.639116 1.814267 -0.068388
v -0.639099 1.814683 -0.065672
v -0.639063 1.815378 -0.063118
v -0.639009 1.816340 -0.060747
v -0.638937 1.817555 -0.058579
v -0.638849 1.819011 -0.056632
v -0.638745 1.820695 -0.054927
v -0.638627 1.822594 -0.053483
v -0.638493 1.824696 -0.052321
v -0.638347 1.826988 -0.051459
v -0.638187 1.829458 -0.050918
v -0.638016 1.832092 -0.050717
v -0.637915 1.833632 -0.050782
v -0.637818 1.835103 -0.051012
v -0.637724 1.836521 -0.051417
v -0.637631 1.837902 -0.052005
v -0.637539 1.839262 -0.052787
v -0.637447 1.840616 -0.053771
v -0.637354 1.841981 -0.054968
v -0.637257 1.843372 -0.056386
v -0.637158 1.844806 -0.058034
v -0.637053 1.846297 -0.059924
v -0.636943 1.847862 -0.062063
v -0.636826 1.849516 -0.064461
v -0.636716 1.851056 -0.067026
v -0.636614 1.852477 -0.069321
v -0.636521 1.853786 -0.071353
v -0.636436 1.854994 -0.073133
v -0.636357 1.856107 -0.074669
v -0.636285 1.857136 -0.075970
v -0.636219 1.858088 -0.077046
v -0.636158 1.858972 -0.077904
v -0.636102 1.859798 -0.078555
v -0.636049 1.860573 -0.079007
v -0.636001 1.861306 -0.079269
v -0.635954 1.862006 -0.079350
v -0.635902 1.862809 -0.079278
v -0.635854 1.863565 -0.079078
v -0.635809 1.864271 -0.078758
v -0.635768 1.864922 -0.078320
v -0.635731 1.865512 -0.077769
v -0.635699 1.866038 -0.077112
v -0.635672 1.866494 -0.076351
v -0.635650 1.866876 -0.075493
v -0.635634 1.867179 -0.074542
v -0.635624 1.867398 -0.073503
v -0.635619 1.867528 -0.072381
v -0.635621 1.867566 -0.071180
v -0.635629 1.867515 -0.070006
v -0.635642 1.867381 -0.068757
v -0.635661 1.867162 -0.067440
v -0.635686 1.866855 -0.066058
v -0.635718 1.866458 -0.064619
v -0.635755 1.865968 -0.063126
v -0.635799 1.865383 -0.061585
v -0.635850 1.864701 -0.060002
v -0.635907 1.863920 -0.058381
v -0.635970 1.863037 -0.056728
v -0.636041 1.862050 -0.055049
v -0.636119 1.860956 -0.053348
v -0.635104 1.873502 -0.106222
v -0.635043 1.874337 -0.107820
v -0.634988 1.875098 -0.109398
v -0.634937 1.875786 -0.110956
v -0.634891 1.876400 -0.112496
v -0.634850 1.876942 -0.114020
v -0.634814 1.877411 -0.115528
v -0.634782 1.877809 -0.117023
v -0.634756 1.878136 -0.118506
v -0.634733 1.878392 -0.119977
v -0.634716 1.878578 -0.121440
v -0.634703 1.878694 -0.122894
v -0.634694 1.878741 -0.124342
v -0.634690 1.878637 -0.127345
v -0.634704 1.878276 -0.130156
v -0.634734 1.877664 -0.132760
v -0.634781 1.876811 -0.135145
v -0.634844 1.875723 -0.137299
v -0.634923 1.874407 -0.139210
v -0.635017 1.872872 -0.140865
v -0.635126 1.871125 -0.142251
v -0.635250 1.869173 -0.143356
v -0.635387 1.867024 -0.144167
v -0.635539 1.864686 -0.144673
v -0.635703 1.862165 -0.144860
v -0.635961 1.858248 -0.144326
v -0.636194 1.854771 -0.142785
v -0.636405 1.851678 -0.140438
v -0.636596 1.848916 -0.137486
v -0.636771 1.846431 -0.134129
v -0.636932 1.844169 -0.130571
v -0.637082 1.842076 -0.127010
v -0.637223 1.840098 -0.123649
v -0.637360 1.838180 -0.120689
v -0.637493 1.836269 -0.118331
v -0.637627 1.834311 -0.116777
v -0.637764 1.832251 -0.116227
v -0.637833 1.831196 -0.116320
v -0.637895 1.830228 -0.116574
v -0.637951 1.829347 -0.116975
v -0.638001 1.828554 -0.117514
v -0.638045 1.827847 -0.118178
v -0.638082 1.827227 -0.118956
v -0.638114 1.826694 -0.119836
v -0.638139 1.826248 -0.120807
v -0.638159 1.825888 -0.121858
v -0.638173 1.825614 -0.122977
v -0.638181 1.825427 -0.124152
v -0.638183 1.825326 -0.125372
v -0.638174 1.825392 -0.126658
v -0.638157 1.825568 -0.128035
v -0.638133 1.825856 -0.129496
v -0.638101 1.826256 -0.131037
v -0.638062 1.826769 -0.132652
v -0.638015 1.827396 -0.134334
v -0.637960 1.828138 -0.136078
v -0.637897 1.828996 -0.137879
v -0.637826 1.829970 -0.139730
v -0.637748 1.831063 -0.141626
v -0.637662 1.832274 -0.143561
v -0.637567 1.833605 -0.145529
v -0.638429 1.820421 -0.145648
v -0.638501 1.819428 -0.143702
v -0.638566 1.818540 -0.141828
v -0.638624 1.817754 -0.140014
v -0.638676 1.817066 -0.138246
v -0.638721 1.816471 -0.136512
v -0.638760 1.815966 -0.134798
v -0.638794 1.815547 -0.133092
v -0.638822 1.815211 -0.131381
v -0.638845 1.814952 -0.129653
v -0.638864 1.814767 -0.127893
v -0.638878 1.814652 -0.126090
v -0.638888 1.814604 -0.124230
v -0.638891 1.814729 -0.121371
v -0.638873 1.815145 -0.118654
v -0.638837 1.815840 -0.116101
v -0.638783 1.816801 -0.113730
v -0.638712 1.818017 -0.111562
v -0.638624 1.819472 -0.109615
v -0.638520 1.821156 -0.107910
v -0.638401 1.823056 -0.106466
v -0.638268 1.825158 -0.105304
v -0.638121 1.827450 -0.104442
v -0.637962 1.829919 -0.103901
v -0.637790 1.832554 -0.103700
v -0.637689 1.834093 -0.103765
v -0.637592 1.835564 -0.103995
v -0.637498 1.836982 -0.104400
v -0.637406 1.838364 -0.104988
v -0.637314 1.839723 -0.105770
v -0.637222 1.841078 -0.106754
v -0.637128 1.842443 -0.107951
v -0.637032 1.843834 -0.109369
v -0.636932 1.845267 -0.111017
v -0.636828 1.846758 -0.112907
v -0.636717 1.848323 -0.115045
v -0.636600 1.849978 -0.117444
v -0.636490 1.851518 -0.120009
v -0.636389 1.852939 -0.122303
v -0.636296 1.854248 -0.124336
v -0.636210 1.855455 -0.126116
v -0.636132 1.856569 -0.127652
v -0.636060 1.857597 -0.128953
v -0.635994 1.858549 -0.130028
v -0.635933 1.859434 -0.130887
v -0.635876 1.860259 -0.131538
v -0.635824 1.861034 -0.131990
v -0.635775 1.861768 -0.132252
v -0.635729 1.862468 -0.132333
v -0.635677 1.863270 -0.132260
v -0.635628 1.864027 -0.132061
v -0.635583 1.864733 -0.131740
v -0.635542 1.865384 -0.131302
v -0.635506 1.865974 -0.130752
v -0.635474 1.866500 -0.130095
v -0.635447 1.866956 -0.129334
v -0.635425 1.867338 -0.128476
v -0.635409 1.867640 -0.127525
v -0.635398 1.867859 -0.126486
v -0.635394 1.867990 -0.125364
v -0.635396 1.868027 -0.124163
v -0.635403 1.867977 -0.122988
v -0.635417 1.867843 -0.121740
v -0.635436 1.867624 -0.120422
v -0.635461 1.867316 -0.119041
v -0.635492 1.866919 -0.117602
v -0.635530 1.866429 -0.116109
v -0.635574 1.865845 -0.114568
v -0.635624 1.865163 -0.112985
v -0.635681 1.864382 -0.111364
v -0.635745 1.863498 -0.109711
v -0.635816 1.862511 -0.108032
v -0.635894 1.861417 -0.106330
v -0.634419 1.879306 -0.189160
v -0.634418 1.879065 -0.193678
v -0.634453 1.878284 -0.197989
v -0.634522 1.876996 -0.202057
v -0.634623 1.875234 -0.205849
v -0.634754 1.873034 -0.209330
v -0.634913 1.870427 -0.212464
v -0.635098 1.867449 -0.215218
v -0.635306 1.864131 -0.217556
v -0.635536 1.860508 -0.219444
v -0.635786 1.856613 -0.220846
v -0.636052 1.852480 -0.221729
v -0.636335 1.848142 -0.222058
v -0.636638 1.843516 -0.221820
v -0.636928 1.839132 -0.221042
v -0.637201 1.835019 -0.219750
v -0.637457 1.831209 -0.217974
v -0.637693 1.827731 -0.215742
v -0.637906 1.824614 -0.213083
v -0.638096 1.821888 -0.210024
v -0.638259 1.819584 -0.206594
v -0.638394 1.817731 -0.202822
v -0.638499 1.816358 -0.198736
v -0.638571 1.815496 -0.194365
v -0.638609 1.815175 -0.189736
v -0.638612 1.815403 -0.184913
v -0.638579 1.816160 -0.180369
v -0.638513 1.817421 -0.176130
v -0.638413 1.819162 -0.172222
v -0.638283 1.821361 -0.168671
v -0.638122 1.823993 -0.165503
v -0.637933 1.827036 -0.162745
v -0.637718 1.830464 -0.160421
v -0.637477 1.834255 -0.158560
v -0.637212 1.838385 -0.157185
v -0.636924 1.842830 -0.156323
v -0.636616 1.847567 -0.156001
v -0.636324 1.852025 -0.156249
v -0.636045 1.856248 -0.157053
v -0.635781 1.860208 -0.158384
v -0.635534 1.863876 -0.160213
v -0.635307 1.867223 -0.162509
v -0.635101 1.870222 -0.165242
v -0.634918 1.872844 -0.168384
v -0.634760 1.875061 -0.171902
v -0.634629 1.876844 -0.175769
v -0.634527 1.878165 -0.179955
v -0.634456 1.878995 -0.184428
v -0.635136 1.868321 -0.189396
v -0.635160 1.868118 -0.186410
v -0.635206 1.867574 -0.183590
v -0.635273 1.866709 -0.180953
v -0.635358 1.865541 -0.178518
v -0.635461 1.864088 -0.176303
v -0.635581 1.862370 -0.174328
v -0.635715 1.860405 -0.172609
v -0.635864 1.858213 -0.171167
v -0.636025 1.855811 -0.170019
v -0.636198 1.853219 -0.169184
v -0.636380 1.850455 -0.168680
v -0.636572 1.847539 -0.168526
v -0.636781 1.844318 -0.168722
v -0.636975 1.841322 -0.169243
v -0.637153 1.838563 -0.170077
v -0.637313 1.836051 -0.171213
v -0.637455 1.833798 -0.172640
v -0.637578 1.831813 -0.174344
v -0.637682 1.830108 -0.176316
v -0.637767 1.828694 -0.178543
v -0.637830 1.827581 -0.181014
v -0.637873 1.826781 -0.183718
v -0.637893 1.826304 -0.186642
v -0.637891 1.826162 -0.189775
v -0.637867 1.826365 -0.192652
v -0.637821 1.826912 -0.195356
v -0.637755 1.827788 -0.197872
v -0.637668 1.828979 -0.200184
v -0.637563 1.830469 -0.202278
v -0.637440 1.832244 -0.204137
v -0.637301 1.834288 -0.205748
v -0.637145 1.836588 -0.207094
v -0.636976 1.839127 -0.208161
v -0.636792 1.841890 -0.208934
v -0.636596 1.844864 -0.209397
v -0.636388 1.848033 -0.209535
v -0.636200 1.850915 -0.209337
v -0.636024 1.853644 -0.208809
v -0.635860 1.856200 -0.207969
v -0.635710 1.858564 -0.206835
v -0.635574 1.860719 -0.205426
v -0.635454 1.862644 -0.203761
v -0.635352 1.864321 -0.201856
v -0.635267 1.865730 -0.199731
v -0.635202 1.866854 -0.197405
v -0.635158 1.867673 -0.194894
v -0.635136 1.868168 -0.192219
v -0.631940 1.911026 -0.298978
v -0.638060 1.817370 -0.299819
v -0.638117 1.817252 -0.286333
v -0.635461 1.857901 -0.285967
v -0.635485 1.857852 -0.280325
v -0.635496 1.857782 -0.278627
v -0.635516 1.857570 -0.276953
v -0.635549 1.857164 -0.275278
v -0.635598 1.856511 -0.273573
v -0.635666 1.855560 -0.271812
v -0.635758 1.854259 -0.269966
v -0.635877 1.852557 -0.268010
v -0.636025 1.850401 -0.265916
v -0.636208 1.847741 -0.263655
v -0.636427 1.844524 -0.261202
v -0.636687 1.840698 -0.258529
v -0.636991 1.836212 -0.255609
v -0.638300 1.816878 -0.243396
v -0.638369 1.816738 -0.227295
v -0.638224 1.818868 -0.228810
v -0.638093 1.820788 -0.230175
v -0.637975 1.822529 -0.231410
v -0.637867 1.824123 -0.232535
v -0.637766 1.825603 -0.233569
v -0.637671 1.826998 -0.234531
v -0.637580 1.828342 -0.235443
v -0.637490 1.829665 -0.236323
v -0.637400 1.831000 -0.237192
v -0.637307 1.832378 -0.238069
v -0.637208 1.833830 -0.238974
v -0.637103 1.835388 -0.239927
v -0.636909 1.838259 -0.241653
v -0.636723 1.841003 -0.243318
v -0.636546 1.843621 -0.244941
v -0.636377 1.846112 -0.246538
v -0.636217 1.848478 -0.248130
v -0.636064 1.850718 -0.249732
v -0.635920 1.852833 -0.251365
v -0.635784 1.854821 -0.253046
v -0.635656 1.856685 -0.254793
v -0.635535 1.858423 -0.256624
v -0.635423 1.860037 -0.258557
v -0.635318 1.861525 -0.260611
v -0.635257 1.862585 -0.258182
v -0.635185 1.863813 -0.255940
v -0.635102 1.865205 -0.253888
v -0.635007 1.866756 -0.252031
v -0.634902 1.868461 -0.250374
v -0.634786 1.870316 -0.248920
v -0.634660 1.872316 -0.247674
v -0.634524 1.874456 -0.246640
v -0.634378 1.876731 -0.245824
v -0.634223 1.879137 -0.245228
v -0.634059 1.881669 -0.244857
v -0.633886 1.884322 -0.244717
v -0.633629 1.888244 -0.244925
v -0.633387 1.891900 -0.245613
v -0.633162 1.895275 -0.246764
v -0.632955 1.898357 -0.248363
v -0.632766 1.901132 -0.250392
v -0.632597 1.903586 -0.252836
v -0.632447 1.905705 -0.255678
v -0.632320 1.907477 -0.258903
v -0.632214 1.908888 -0.262495
v -0.632132 1.909925 -0.266437
v -0.632074 1.910573 -0.270713
v -0.632041 1.910820 -0.275307
v -0.632751 1.899373 -0.285595
v -0.632788 1.899298 -0.276925
v -0.632809 1.899160 -0.273819
v -0.632842 1.898809 -0.271033
v -0.632887 1.898250 -0.268556
v -0.632945 1.897492 -0.266379
v -0.633014 1.896539 -0.264493
v -0.633095 1.895398 -0.262887
v -0.633186 1.894078 -0.261553
v -0.633288 1.892583 -0.260480
v -0.633399 1.890920 -0.259659
v -0.633521 1.889096 -0.259080
v -0.633651 1.887118 -0.258734
v -0.633791 1.884992 -0.258611
v -0.633918 1.883049 -0.258687
v -0.634041 1.881148 -0.258960
v -0.634159 1.879315 -0.259454
v -0.634270 1.877575 -0.260187
v -0.634373 1.875951 -0.261181
v -0.634465 1.874468 -0.262456
v -0.634545 1.873151 -0.264034
v -0.634612 1.872024 -0.265935
v -0.634663 1.871112 -0.268181
v -0.634697 1.870440 -0.270791
v -0.634713 1.870031 -0.273787
v -0.634708 1.869910 -0.277189
v -0.634672 1.869985 -0.285859
v -0.633815 1.879470 -0.349909
v -0.633749 1.879607 -0.365597
v -0.635056 1.858612 -0.383402
v -0.633596 1.879920 -0.401515
v -0.633530 1.880054 -0.416928
v -0.635624 1.849478 -0.391192
v -0.637559 1.818395 -0.417483
v -0.637625 1.818260 -0.402070
v -0.636258 1.840210 -0.383568
v -0.637785 1.817932 -0.364362
v -0.637852 1.817795 -0.348674
v -0.635690 1.849343 -0.375641
v -0.636369 1.836296 -0.422965
v -0.636435 1.835185 -0.424761
v -0.636495 1.834157 -0.426553
v -0.636550 1.833214 -0.428343
v -0.636600 1.832361 -0.430131
v -0.636643 1.831599 -0.431921
v -0.636680 1.830931 -0.433713
v -0.636711 1.830360 -0.435511
v -0.636735 1.829890 -0.437315
v -0.636752 1.829523 -0.439128
v -0.636762 1.829262 -0.440951
v -0.636766 1.829110 -0.442787
v -0.636761 1.829069 -0.444637
v -0.636741 1.829225 -0.447494
v -0.636704 1.829641 -0.450147
v -0.636651 1.830316 -0.452596
v -0.636581 1.831248 -0.454838
v -0.636496 1.832436 -0.456873
v -0.636395 1.833878 -0.458701
v -0.636278 1.835573 -0.460320
v -0.636146 1.837519 -0.461729
v -0.635998 1.839715 -0.462928
v -0.635835 1.842160 -0.463915
v -0.635656 1.844851 -0.464690
v -0.635462 1.847789 -0.465251
v -0.635647 1.847410 -0.421764
v -0.635289 1.852868 -0.421930
v -0.634962 1.857845 -0.422520
v -0.634664 1.862344 -0.423520
v -0.634396 1.866364 -0.424912
v -0.634157 1.869910 -0.426681
v -0.633949 1.872982 -0.428811
v -0.633770 1.875582 -0.431287
v -0.633620 1.877711 -0.434092
v -0.633500 1.879372 -0.437211
v -0.633409 1.880567 -0.440628
v -0.633348 1.881297 -0.444328
v -0.633316 1.881563 -0.448294
v -0.633315 1.881340 -0.452450
v -0.633348 1.880611 -0.456369
v -0.633414 1.879400 -0.460029
v -0.633511 1.877728 -0.463407
v -0.633638 1.875618 -0.466478
v -0.633793 1.873093 -0.469221
v -0.633974 1.870177 -0.471612
v -0.634182 1.866891 -0.473628
v -0.634413 1.863258 -0.475245
v -0.634668 1.859301 -0.476441
v -0.634943 1.855042 -0.477192
v -0.635239 1.850505 -0.477475
v -0.635516 1.846280 -0.477291
v -0.635788 1.842153 -0.476666
v -0.636052 1.838175 -0.475608
v -0.636304 1.834397 -0.474123
v -0.636542 1.830869 -0.472220
v -0.636762 1.827641 -0.469905
v -0.636960 1.824764 -0.467185
v -0.637133 1.822290 -0.464068
v -0.637278 1.820268 -0.460561
v -0.637392 1.818749 -0.456671
v -0.637471 1.817783 -0.452404
v -0.637511 1.817423 -0.447770
v -0.637519 1.817449 -0.445230
v -0.637520 1.817575 -0.442828
v -0.637513 1.817802 -0.440550
v -0.637500 1.818129 -0.438379
v -0.637479 1.818558 -0.436302
v -0.637452 1.819091 -0.434302
v -0.637417 1.819726 -0.432364
v -0.637376 1.820466 -0.430473
v -0.637328 1.821311 -0.428613
v -0.637272 1.822263 -0.426770
v -0.637210 1.823321 -0.424927
v -0.637141 1.824486 -0.423071
v -0.634933 1.855889 -0.464903
v -0.634782 1.858232 -0.464386
v -0.634643 1.860393 -0.463705
v -0.634517 1.862367 -0.462862
v -0.634404 1.864148 -0.461857
v -0.634305 1.865734 -0.460691
v -0.634219 1.867119 -0.459366
v -0.634148 1.868300 -0.457881
v -0.634090 1.869272 -0.456239
v -0.634047 1.870031 -0.454441
v -0.634019 1.870573 -0.452486
v -0.634006 1.870893 -0.450377
v -0.634008 1.870987 -0.448114
v -0.634025 1.870847 -0.446017
v -0.634057 1.870471 -0.444066
v -0.634103 1.869867 -0.442266
v -0.634163 1.869045 -0.440623
v -0.634236 1.868012 -0.439142
v -0.634321 1.866777 -0.437830
v -0.634419 1.865350 -0.436691
v -0.634528 1.863737 -0.435732
v -0.634647 1.861950 -0.434957
v -0.634777 1.859995 -0.434374
v -0.634917 1.857881 -0.433986
v -0.635066 1.855618 -0.433801
v -0.631121 1.912703 -0.491505
v -0.631069 1.912810 -0.503753
v -0.637189 1.819154 -0.504595
v -0.637241 1.819047 -0.492347
v -0.630816 1.913803 -0.554667
v -0.630776 1.913885 -0.564162
v -0.636760 1.820031 -0.605331
v -0.636819 1.819911 -0.591569
v -0.635065 1.847411 -0.579486
v -0.635235 1.847063 -0.539577
v -0.637092 1.819351 -0.527302
v -0.637151 1.819232 -0.513540
v -0.632141 1.893247 -0.559806
v -0.634422 1.859196 -0.544973
v -0.634298 1.859450 -0.574148
v 1.038412 1.112161 0.307905
v 0.678403 -0.258304 0.237717
v 1.020638 1.099832 -0.407214
v 0.677673 -0.268316 -0.272854
v 0.710946 -0.623838 0.262815
v 0.710946 -0.618819 -0.248620
v 0.771563 -0.937486 0.255758
v 0.741871 -0.958901 -0.234482
v 0.779349 -1.266214 0.309316
v 0.779349 -1.266214 -0.321881
v 0.307131 -3.486598 0.124327
v 0.305540 -3.486598 -0.244045
v 0.779781 -3.470208 0.105507
v 0.779781 -3.461534 -0.186272
v 0.395302 -5.559639 0.223440
v 0.388332 -5.554780 -0.225804
v 0.699538 -5.589496 0.044826
v 0.603647 -5.592577 -0.226220
v 0.801709 0.476614 0.329922
v 0.756578 0.483375 -0.419227
v 1.230493 0.679913 0.265491
v 1.316674 0.679913 -0.293557
v 0.405929 -5.768434 0.350995
v 0.393706 -5.761537 -0.223221
v 0.835891 -5.769827 0.501737
v 0.632208 -5.769827 -0.227605
v 0.770258 -5.679143 0.723928
v 0.450591 -5.682391 0.787467
v 0.774705 -5.769826 0.718858
v 0.457731 -5.768434 0.792479
v 0.565146 -5.477405 -0.193643
v 0.666422 -5.500485 0.040531
v 0.465266 -5.436476 0.181198
v 0.400449 -5.462584 -0.200062
v 0.878020 1.206585 -0.329342
v 0.867796 1.206585 0.293557
v 0.759070 1.268724 -0.263786
v 0.730008 1.243850 0.176593
v 0.508061 1.405947 -0.298674
v 0.463685 1.397072 0.013685
v 0.426455 -0.395723 0.386158
v 0.541292 1.034238 -0.571323
v 0.426455 -0.077197 -0.515681
v 0.543479 0.892347 0.457934
v 0.426455 -0.725230 0.440808
v 0.426455 -0.620721 -0.454834
v 0.444256 -1.048173 0.410173
v 0.453289 -1.046639 -0.494001
v 0.400454 -1.310009 0.452649
v 0.470819 -1.389541 -0.621563
v 0.568733 -3.410280 0.384754
v 0.575806 -3.388582 -0.258070
v 0.512439 -5.630331 0.561027
v 0.476298 -5.555701 -0.300916
v 0.434569 0.533048 0.428253
v 0.433787 0.352804 -0.542988
v 0.578494 -5.770478 0.180135
v 0.492458 -5.765669 -0.287682
v 0.571950 -5.675935 0.823518
v 0.570370 -5.766701 0.820761
v 0.484706 -5.461860 -0.293408
v 0.553664 -5.274559 0.133631
v 0.541292 1.261890 -0.519070
v 0.541292 1.121336 0.420794
v 0.385542 1.422380 -0.455476
v 0.541292 1.256648 0.337526
v 0.262732 1.491640 -0.431136
v 0.245612 1.401306 0.143830
v 0.103020 -2.171306 0.273388
v 0.159275 -2.205435 -0.314253
v 0.769674 -1.928715 -0.276394
v 0.769674 -1.931624 0.240953
v 0.479053 -2.018257 -0.481830
v 0.456900 -1.931864 0.425336
v 0.022732 -1.712718 -0.591971
v 0.767910 -1.565917 0.264582
v 0.067412 -1.990728 0.299392
v 0.767910 -1.507943 -0.359400
v 0.468317 -1.709956 -0.615709
v 0.437390 -1.716925 0.434776
v 1.155450 1.123275 0.008920
v 0.700214 -0.264760 -0.009059
v 0.736434 -0.621412 -0.000639
v 0.799724 -0.947836 0.002548
v 0.830007 -1.266214 0.004237
v 0.218332 -3.503516 -0.056472
v 0.836035 -3.466016 -0.035519
v 0.322739 -5.560525 -0.026179
v 0.669777 -5.588570 -0.076016
v 0.818522 0.365125 0.028574
v 1.347314 0.679913 -0.004715
v 0.395718 -5.771153 -0.054986
v 0.709946 -5.769827 -0.044860
v 0.347034 -5.434388 -0.031367
v 0.641393 -5.477405 -0.072653
v 0.935519 1.206585 0.009785
v 0.766245 1.255873 -0.036257
v 0.541139 1.384231 -0.137289
v 0.496809 -5.770478 -0.050835
v 0.822209 -1.930218 -0.009098
v 0.819797 -1.537896 -0.037009
v 0.387357 1.420509 -0.456218
v 1.017038 0.512713 0.341148
v 1.058066 0.512713 -0.395067
v 1.200195 0.940694 -0.334016
v 1.148343 1.006441 0.325686
v 1.270560 1.006441 0.006237
v 0.902984 0.739982 0.391559
v 0.483903 0.695804 0.459343
v 1.076517 0.736364 0.334144
v 0.906752 0.478157 -0.396661
v 1.004765 -1.965655 0.004800
v 1.038632 -1.965655 -0.143996
v 1.287611 -1.994803 0.004800
v 1.247916 -1.994803 -0.143996
v 1.139477 -1.978426 0.164320
v 1.247916 -1.994803 0.143996
v 1.139477 -1.974264 -0.224033
v 1.068694 -0.697949 -0.221026
v 1.369890 -0.717006 -0.176930
v 1.343500 -0.705455 0.176930
v 1.044354 -0.691938 0.220299
v 1.012445 -2.403066 0.004800
v 1.029109 -2.328861 -0.143996
v 1.106565 -2.400860 0.004800
v 1.099980 -2.326656 -0.143996
v 1.063259 -2.326130 0.164320
v 1.099980 -2.326656 0.143996
v 1.063259 -2.318752 -0.166888
v 1.029109 -2.328861 0.143996
v 1.038632 -1.965655 0.143996
v 1.009610 -0.687848 0.006992
v 1.188500 -0.698430 0.227577
v 1.423830 -0.711038 0.005898
v 1.213827 -0.707101 -0.287998
v 1.057797 -2.400335 0.005397
v 0.767127 -4.161160 0.034334
v 0.358548 -4.134686 0.142819
v 0.734197 -4.155306 -0.288569
v 0.341640 -4.167400 -0.348675
v 0.570141 -3.809381 0.277613
v 0.570389 -4.109095 -0.371605
v 0.796952 -4.158330 -0.097640
v 0.281565 -4.153099 -0.099251
v 0.387970 -5.673583 -0.244035
v 0.639889 -5.695404 -0.238542
v 0.358018 -5.680765 0.254827
v 0.860839 -5.701845 0.505970
v 0.448310 -5.732306 0.809640
v 0.791039 -5.731751 0.732877
v 0.576612 -5.728590 0.841446
v 0.487251 -5.677613 -0.312006
v 0.715377 -5.693721 -0.054787
v 0.352479 -5.671085 -0.015771
v 0.409952 -5.771152 0.129941
v 0.540042 -5.477825 0.219142
v 0.776337 -3.630998 0.099757
v 0.321125 -3.644625 0.129360
v 0.767375 -3.623092 -0.200493
v 0.315365 -3.644625 -0.258901
v 0.574565 -3.623057 0.352883
v 0.574332 -3.557417 -0.275349
v 0.825398 -3.627176 -0.038806
v 0.245786 -3.639198 -0.054494
v 0.273236 -3.314709 0.149080
v 0.778103 -3.253523 -0.201238
v 0.559740 -3.204203 -0.278467
v 0.550162 -3.191813 0.362258
v 0.305185 -3.236208 -0.286691
v 0.778103 -3.261240 0.127999
v 0.833739 -3.257510 -0.031132
v 0.213075 -3.279645 -0.064296
v 0.236534 -2.722575 -0.307088
v 0.774416 -2.579545 0.210772
v 0.198780 -2.598619 0.236819
v 0.774416 -2.674024 -0.242454
v 0.524445 -2.685445 -0.375763
v 0.509367 -2.540592 0.423214
v 0.828695 -2.626878 -0.021494
v 0.134352 -2.743672 -0.080277
v -1.038412 1.112161 0.307905
v -0.678403 -0.258304 0.237717
v -1.020638 1.099832 -0.407214
v -0.677673 -0.268316 -0.272854
v 0.000000 0.884317 0.519647
v 0.000000 -0.398113 0.463578
v 0.000000 1.021418 -0.693321
v 0.000000 -0.092133 -0.555564
v 0.000000 -0.781570 0.522843
v 0.000000 -0.622334 -0.493679
v -0.710946 -0.623838 0.262815
v -0.710946 -0.618819 -0.248620
v 0.000000 -1.039727 0.522085
v 0.000000 -1.125416 -0.538775
v -0.771563 -0.937486 0.255758
v -0.741871 -0.958901 -0.234482
v 0.000000 -1.648863 0.348623
v 0.000000 -1.485180 -0.616314
v -0.779349 -1.266214 0.309316
v -0.779349 -1.266214 -0.321881
v -0.307131 -3.486598 0.124327
v -0.305540 -3.486598 -0.244045
v -0.779781 -3.470208 0.105507
v -0.779781 -3.461534 -0.186272
v -0.395302 -5.559639 0.223440
v -0.388332 -5.554781 -0.225804
v -0.699538 -5.589496 0.044826
v -0.603647 -5.592577 -0.226220
v -0.801709 0.476614 0.329922
v 0.000000 0.791034 -0.716300
v -0.756578 0.483375 -0.419227
v 0.000000 0.556663 0.546975
v -1.230493 0.679913 0.265491
v -1.316674 0.679913 -0.293557
v -0.405929 -5.768434 0.350995
v -0.393706 -5.761536 -0.223221
v -0.835891 -5.769827 0.501736
v -0.632208 -5.769827 -0.227605
v -0.770258 -5.679143 0.723928
v -0.450591 -5.682391 0.787466
v -0.774705 -5.769826 0.718858
v -0.457731 -5.768434 0.792479
v -0.565146 -5.477405 -0.193643
v -0.666422 -5.500484 0.040531
v -0.465266 -5.436476 0.181198
v -0.400449 -5.462584 -0.200062
v -0.878020 1.206585 -0.329342
v 0.000000 1.281633 -0.633490
v -0.867796 1.206585 0.293557
v 0.000000 1.119056 0.452194
v -0.759070 1.268724 -0.263786
v -0.730008 1.243850 0.176593
v 0.000000 1.328048 0.290574
v -0.508061 1.405947 -0.298674
v -0.463685 1.397072 0.013685
v 0.000000 1.452067 0.214133
v -0.426455 -0.395723 0.386158
v -0.541292 1.034238 -0.571323
v -0.426455 -0.077197 -0.515681
v -0.543479 0.892347 0.457934
v -0.426455 -0.725230 0.440808
v -0.426455 -0.620721 -0.454834
v -0.444256 -1.048173 0.410173
v -0.453289 -1.046639 -0.494001
v -0.400454 -1.310009 0.452649
v -0.470819 -1.389541 -0.621563
v -0.568733 -3.410280 0.384754
v -0.575806 -3.388583 -0.258070
v -0.512439 -5.630331 0.561027
v -0.476298 -5.555701 -0.300916
v -0.434569 0.533048 0.428253
v -0.433787 0.352804 -0.542988
v -0.578494 -5.770478 0.180135
v -0.492458 -5.765669 -0.287682
v -0.571950 -5.675935 0.823518
v -0.570370 -5.766701 0.820761
v -0.484706 -5.461860 -0.293408
v -0.553664 -5.274559 0.133631
v -0.541292 1.261890 -0.519070
v -0.541292 1.121336 0.420794
v -0.385542 1.422380 -0.455476
v -0.541292 1.256648 0.337526
v -0.262732 1.491640 -0.431136
v -0.245612 1.401306 0.143830
v -0.103020 -2.171306 0.273388
v -0.159275 -2.205435 -0.314253
v -0.769674 -1.928715 -0.276394
v -0.769674 -1.931624 0.240953
v -0.479053 -2.018257 -0.481830
v -0.456900 -1.931864 0.425336
v -0.022732 -1.712718 -0.591971
v -0.767910 -1.565917 0.264582
v -0.067412 -1.990728 0.299392
v -0.767910 -1.507943 -0.359400
v -0.468317 -1.709956 -0.615709
v -0.437390 -1.716925 0.434776
v -1.155450 1.123275 0.008920
v -0.700214 -0.264760 -0.009059
v -0.736434 -0.621412 -0.000639
v -0.799724 -0.947836 0.002548
v -0.830007 -1.266214 0.004237
v -0.218332 -3.503516 -0.056472
v -0.836035 -3.466016 -0.035519
v -0.322739 -5.560525 -0.026179
v -0.669777 -5.588570 -0.076016
v -0.818522 0.365125 0.028574
v -1.347314 0.679913 -0.004715
v -0.395718 -5.771153 -0.054986
v -0.709946 -5.769827 -0.044860
v -0.347034 -5.434387 -0.031367
v -0.641393 -5.477405 -0.072653
v -0.935519 1.206585 0.009785
v -0.766245 1.255873 -0.036257
v -0.541139 1.384231 -0.137289
v -0.496809 -5.770478 -0.050834
v -0.822209 -1.930218 -0.009098
v 0.000000 -1.603511 -0.046063
v -0.819797 -1.537896 -0.037009
v 0.000000 1.427124 -0.568671
v -0.387357 1.420509 -0.456218
v -1.017038 0.512713 0.341148
v -1.058066 0.512713 -0.395067
v -1.200195 0.940694 -0.334016
v -1.148343 1.006441 0.325686
v -1.270560 1.006441 0.006237
v -0.902984 0.739982 0.391559
v 0.000000 0.705085 0.534596
v -0.483903 0.695804 0.459343
v -1.076517 0.736364 0.334144
v -0.906752 0.478157 -0.396661
v -1.004765 -1.965655 0.004800
v -1.038632 -1.965655 -0.143996
v -1.287611 -1.994803 0.004800
v -1.247916 -1.994803 -0.143996
v -1.139477 -1.978426 0.164320
v -1.247916 -1.994803 0.143996
v -1.139477 -1.974264 -0.224033
v -1.068694 -0.697949 -0.221026
v -1.369890 -0.717006 -0.176930
v -1.343500 -0.705455 0.176930
v -1.044354 -0.691938 0.220299
v -1.012445 -2.403067 0.004800
v -1.029109 -2.328861 -0.143996
v -1.106565 -2.400860 0.004800
v -1.099980 -2.326656 -0.143996
v -1.063259 -2.326130 0.164320
v -1.099980 -2.326656 0.143996
v -1.063259 -2.318752 -0.166888
v -1.029109 -2.328861 0.143996
v -1.038632 -1.965655 0.143996
v -1.009610 -0.687848 0.006992
v -1.188500 -0.698430 0.227577
v -1.423830 -0.711038 0.005898
v -1.213827 -0.707101 -0.287998
v -1.057797 -2.400336 0.005397
v -0.767127 -4.161160 0.034334
v -0.358548 -4.134686 0.142819
v -0.734197 -4.155306 -0.288569
v -0.341640 -4.167400 -0.348675
v -0.570141 -3.809381 0.277613
v -0.570389 -4.109095 -0.371605
v -0.796952 -4.158330 -0.097640
v -0.281565 -4.153100 -0.099251
v -0.387970 -5.673583 -0.244035
v -0.639889 -5.695405 -0.238542
v -0.358018 -5.680766 0.254827
v -0.860839 -5.701845 0.505970
v -0.448310 -5.732306 0.809640
v -0.791039 -5.731751 0.732877
v -0.576612 -5.728590 0.841445
v -0.487251 -5.677613 -0.312006
v -0.715377 -5.693721 -0.054787
v -0.352479 -5.671086 -0.015770
v -0.409952 -5.771153 0.129941
v -0.540042 -5.477826 0.219142
v -0.776337 -3.630998 0.099757
v -0.321125 -3.644625 0.129360
v -0.767375 -3.623091 -0.200493
v -0.315365 -3.644625 -0.258901
v -0.574565 -3.623057 0.352883
v -0.574332 -3.557417 -0.275349
v -0.825398 -3.627176 -0.038806
v -0.245786 -3.639198 -0.054494
v -0.273236 -3.314709 0.149080
v -0.778103 -3.253523 -0.201238
v -0.559740 -3.204203 -0.278467
v -0.550162 -3.191813 0.362258
v -0.305185 -3.236208 -0.286691
v -0.778103 -3.261240 0.127999
v -0.833739 -3.257510 -0.031132
v -0.213075 -3.279645 -0.064296
v -0.236534 -2.722575 -0.307088
v -0.774416 -2.579545 0.210772
v -0.198780 -2.598620 0.236819
v -0.774416 -2.674024 -0.242454
v -0.524445 -2.685445 -0.375763
v -0.509367 -2.540592 0.423214
v -0.828695 -2.626878 -0.021494
v -0.134352 -2.743672 -0.080277
v -0.631459 1.343448 0.551491
v -0.631459 2.596419 0.551491
v -0.631459 1.343448 -0.701480
v -0.631459 2.596419 -0.701480
v 0.621512 1.343448 0.551491
v 0.621512 2.596419 0.551491
v 0.621512 1.343448 -0.701480
v 0.621512 2.596419 -0.701480
vn -0.9979 0.0652 -0.0037
vn -0.4056 -0.9023 -0.1458
vn -0.2744 0.0380 0.9609
vn -0.9913 -0.0931 0.0932
vn -0.2111 -0.0734 -0.9747
vn -0.9763 -0.1336 0.1701
vn -0.4757 -0.1222 -0.8711
vn -0.0935 0.1131 0.9892
vn 0.0118 -0.2799 0.9600
vn -0.4757 -0.0065 -0.8796
vn -0.0858 -0.0925 0.9920
vn 0.9317 0.1070 -0.3472
vn -0.9729 -0.1314 0.1901
vn -0.3614 -0.1281 -0.9236
vn -0.8375 -0.3180 0.4444
vn -0.9442 -0.0006 0.3293
vn -0.7641 -0.0362 -0.6441
vn -0.0244 0.1426 0.9895
vn 0.5465 0.2398 0.8024
vn 0.6849 -0.2007 0.7004
vn 0.8512 -0.3889 -0.3524
vn -0.3800 0.1042 -0.9191
vn -0.9785 0.1507 0.1405
vn -0.1724 0.1406 0.9749
vn -0.9114 -0.1815 -0.3695
vn -0.3571 -0.0146 0.9339
vn -0.3836 0.0732 -0.9206
vn 0.0081 0.9999 0.0099
vn 0.8808 0.4731 -0.0166
vn -0.9147 0.1326 0.3818
vn 0.9482 -0.2712 -0.1656
vn -0.3895 0.4749 -0.7892
vn -0.8909 0.3875 -0.2367
vn 0.0029 1.0000 -0.0040
vn -0.0026 1.0000 -0.0043
vn -0.0006 1.0000 -0.0035
vn 0.0068 1.0000 -0.0038
vn 0.9174 0.0449 -0.3955
vn 0.3344 0.0771 0.9393
vn -0.6766 0.0643 -0.7335
vn -0.9052 0.1296 0.4047
vn -0.4520 -0.7938 0.4069
vn -0.0814 -0.2197 -0.9722
vn -0.3472 -0.4650 0.8144
vn -0.4702 -0.8370 0.2797
vn -0.0253 -0.5794 -0.8146
vn -0.2347 -0.9694 -0.0726
vn -0.1385 -0.7738 -0.6181
vn -0.4372 -0.8892 -0.1346
vn -0.2220 -0.4708 0.8539
vn -0.2720 -0.9049 -0.3272
vn -0.1987 -0.8058 -0.5578
vn -0.2095 -0.2189 0.9530
vn -0.2181 -0.2660 -0.9390
vn 0.2121 0.0442 -0.9762
vn -0.5782 0.1074 0.8088
vn -0.0010 1.0000 -0.0002
vn 0.0072 1.0000 -0.0038
vn 0.0621 -0.9763 -0.2075
vn 0.2063 0.4514 -0.8682
vn 0.0279 0.9990 0.0351
vn -0.5191 0.1612 0.8394
vn -0.2201 0.0658 -0.9733
vn -0.6591 -0.2321 0.7153
vn -0.3945 0.2006 0.8967
vn -0.3135 0.0712 0.9469
vn 0.6387 0.0903 -0.7642
vn -0.0686 0.1517 -0.9860
vn -0.6222 -0.0724 0.7795
vn -0.2196 0.0459 -0.9745
vn -0.5946 -0.2973 0.7471
vn -0.6311 0.0502 0.7741
vn -0.1712 -0.1554 -0.9729
vn -0.1321 -0.0222 -0.9910
vn -0.3603 0.1148 0.9257
vn 0.2881 0.1252 -0.9494
vn -0.6636 0.2028 0.7201
vn 0.1027 0.4695 0.8769
vn -0.4882 0.0318 -0.8722
vn -0.9843 0.0189 0.1753
vn -0.9875 0.0176 0.1570
vn -0.4183 0.0652 -0.9060
vn 0.0256 0.0559 0.9981
vn -0.6671 -0.0254 0.7445
vn 0.2093 0.1162 -0.9709
vn -0.9846 0.0619 -0.1636
vn 0.9653 0.2608 -0.0120
vn 0.9815 0.1904 0.0219
vn -0.9825 -0.0065 -0.1863
vn -0.0033 1.0000 0.0004
vn -0.0032 1.0000 -0.0044
vn -0.4808 -0.8764 -0.0281
vn -0.3593 -0.9330 0.0199
vn -0.9954 0.0958 -0.0093
vn 0.9646 0.0679 0.2549
vn -0.9494 0.2094 0.2342
vn 0.9661 0.2432 0.0859
vn -0.0034 1.0000 0.0009
vn -0.9771 0.1833 -0.1083
vn 0.9318 -0.1848 0.3123
vn -0.9370 0.0135 -0.3489
vn -0.9387 -0.2875 0.1903
vn -0.9879 -0.0699 -0.1382
vn 0.9119 0.0541 0.4068
vn -0.9771 -0.1886 -0.0986
vn -0.9910 -0.0986 -0.0911
vn -0.4360 -0.8892 0.1386
vn -0.6677 -0.6935 -0.2708
vn -0.9121 -0.0508 -0.4069
vn -0.3381 0.0362 -0.9404
vn -0.1704 -0.0858 -0.9816
vn -0.6920 -0.6707 0.2668
vn -0.9368 -0.2991 0.1817
vn -0.1291 0.1525 -0.9798
vn -0.2027 0.0908 -0.9750
vn -0.1947 0.2738 -0.9419
vn 0.5142 0.0265 0.8572
vn -0.2594 0.0856 -0.9620
vn -0.9580 0.0999 0.2687
vn -0.2556 0.0505 -0.9655
vn 0.9816 0.0018 -0.1910
vn 0.9840 -0.0029 -0.1784
vn 0.9828 -0.0002 -0.1845
vn -0.0977 0.8908 -0.4438
vn 0.9840 -0.0023 -0.1780
vn 0.6064 -0.0093 0.7951
vn -0.8874 0.3956 0.2367
vn -0.8839 0.3941 -0.2520
vn 0.9860 -0.0023 0.1669
vn -0.0243 0.8997 0.4358
vn -0.0242 0.8997 0.4358
vn -0.0252 0.8994 0.4365
vn 0.9708 -0.0063 0.2397
vn -0.9284 0.0884 -0.3608
vn -0.0234 0.9001 0.4351
vn -0.5287 0.2439 0.8130
vn 0.0567 0.8921 -0.4483
vn 0.1158 0.0517 -0.9919
vn 0.2858 -0.0345 -0.9577
vn -0.5782 0.0755 0.8124
vn -0.9835 -0.0377 0.1768
vn 0.9615 0.0220 0.2737
vn -0.9583 0.0665 -0.2778
vn -0.4363 -0.1363 0.8894
vn 0.5580 0.1025 -0.8235
vn -0.9459 0.0100 0.3242
vn -0.7161 0.1476 -0.6822
vn 0.1286 -0.1666 0.9776
vn 0.9379 0.0789 -0.3378
vn 0.9664 0.1160 0.2292
vn -0.9062 -0.3559 0.2282
vn -0.4880 -0.1912 0.8516
vn 0.2592 -0.3465 -0.9016
vn -0.4899 -0.8644 -0.1136
vn -0.4306 -0.3196 -0.8441
vn 0.9272 0.3568 -0.1138
vn -0.8684 -0.3257 0.3738
vn 0.9870 -0.0591 -0.1492
vn 0.6045 -0.0701 0.7935
vn 0.9041 0.1178 -0.4107
vn 0.0904 -0.0952 0.9914
vn -0.7854 0.0570 -0.6163
vn -0.9376 0.0483 0.3443
vn 0.6730 0.0891 -0.7343
vn -0.3679 -0.0729 0.9270
vn -0.9351 0.0507 -0.3508
vn 0.9227 0.1008 0.3720
vn 0.9012 0.1407 0.4100
vn -0.9623 0.0127 -0.2717
vn 0.5283 0.1357 -0.8382
vn -0.4012 0.1006 0.9105
vn 0.0945 0.1222 0.9880
vn -0.6632 0.0583 -0.7461
vn -0.9627 0.0001 0.2706
vn 0.9586 0.1317 -0.2525
vn -0.4294 -0.8594 -0.2776
vn 0.8533 -0.3532 0.3835
vn 0.1945 -0.3914 -0.8994
vn 0.4568 -0.8255 -0.3314
vn 0.9946 0.1016 0.0211
vn -0.0049 0.9667 0.2559
vn -0.4673 0.0382 0.8833
vn 0.0429 0.1007 -0.9940
vn 0.9556 0.1681 0.2420
vn 0.9779 0.1953 -0.0748
vn 0.2017 0.1411 0.9692
vn -0.1470 0.0437 0.9882
vn -0.3814 -0.0052 0.9244
vn -0.0150 0.0197 0.9997
vn 0.9761 0.1504 -0.1569
vn -0.9768 -0.0044 0.2141
vn -0.5663 -0.0046 -0.8242
vn 0.3199 0.1229 0.9395
vn -0.5385 0.0642 0.8402
vn 0.4182 0.0936 -0.9035
vn -0.9764 -0.0013 -0.2161
vn 0.9271 0.1125 0.3576
vn 0.4056 -0.9023 -0.1458
vn 0.2744 0.0380 0.9609
vn 0.9913 -0.0931 0.0932
vn 0.2111 -0.0734 -0.9747
vn 0.9763 -0.1336 0.1701
vn 0.4757 -0.1222 -0.8711
vn 0.0935 0.1131 0.9892
vn -0.0118 -0.2799 0.9600
vn 0.4757 -0.0065 -0.8796
vn 0.0858 -0.0925 0.9920
vn -0.9317 0.1070 -0.3472
vn 0.9729 -0.1314 0.1901
vn 0.3614 -0.1281 -0.9236
vn 0.8375 -0.3180 0.4444
vn 0.9442 -0.0006 0.3293
vn 0.7641 -0.0362 -0.6441
vn 0.0244 0.1426 0.9895
vn -0.5465 0.2398 0.8024
vn -0.6849 -0.2007 0.7004
vn -0.8512 -0.3889 -0.3524
vn 0.3800 0.1042 -0.9191
vn 0.9785 0.1507 0.1405
vn 0.1724 0.1406 0.9749
vn 0.9114 -0.1815 -0.3694
vn 0.3571 -0.0146 0.9339
vn 0.3836 0.0732 -0.9206
vn -0.0081 0.9999 0.0099
vn -0.8808 0.4731 -0.0166
vn 0.9147 0.1326 0.3818
vn -0.9482 -0.2712 -0.1656
vn 0.3895 0.4749 -0.7892
vn 0.8909 0.3875 -0.2367
vn -0.0029 1.0000 -0.0040
vn -0.0068 1.0000 -0.0039
vn 0.0006 1.0000 -0.0035
vn 0.0026 1.0000 -0.0042
vn -0.9174 0.0449 -0.3955
vn -0.3344 0.0771 0.9393
vn 0.6766 0.0643 -0.7335
vn 0.9052 0.1296 0.4047
vn 0.4520 -0.7938 0.4069
vn 0.0814 -0.2197 -0.9722
vn 0.3472 -0.4650 0.8144
vn 0.4702 -0.8370 0.2797
vn 0.0253 -0.5794 -0.8146
vn 0.2347 -0.9694 -0.0726
vn 0.1385 -0.7738 -0.6181
vn 0.4372 -0.8892 -0.1346
vn 0.2220 -0.4708 0.8539
vn 0.2720 -0.9049 -0.3272
vn 0.1987 -0.8058 -0.5578
vn 0.2095 -0.2189 0.9530
vn 0.2181 -0.2660 -0.9390
vn -0.2121 0.0442 -0.9762
vn 0.5782 0.1074 0.8088
vn 0.0010 1.0000 -0.0002
vn -0.0072 1.0000 -0.0038
vn -0.0621 -0.9763 -0.2075
vn -0.2063 0.4514 -0.8682
vn -0.0279 0.9990 0.0351
vn 0.5191 0.1612 0.8394
vn 0.2201 0.0658 -0.9733
vn 0.6591 -0.2321 0.7153
vn 0.3945 0.2006 0.8967
vn 0.3135 0.0712 0.9469
vn -0.6387 0.0903 -0.7642
vn 0.0686 0.1517 -0.9860
vn 0.6222 -0.0724 0.7795
vn 0.2196 0.0459 -0.9745
vn 0.5946 -0.2973 0.7471
vn 0.6311 0.0502 0.7741
vn 0.1712 -0.1554 -0.9729
vn 0.1321 -0.0222 -0.9910
vn 0.3603 0.1148 0.9257
vn -0.2881 0.1252 -0.9494
vn 0.6636 0.2028 0.7201
vn -0.1027 0.4695 0.8769
vn 0.4882 0.0318 -0.8722
vn 0.9843 0.0189 0.1753
vn 0.9875 0.0176 0.1570
vn 0.4183 0.0652 -0.9060
vn -0.0256 0.0559 0.9981
vn 0.6671 -0.0254 0.7445
vn -0.2093 0.1162 -0.9709
vn 0.9846 0.0619 -0.1636
vn -0.9653 0.2608 -0.0120
vn -0.9815 0.1904 0.0219
vn 0.9825 -0.0065 -0.1863
vn 0.0032 1.0000 -0.0044
vn 0.0033 1.0000 0.0004
vn 0.4808 -0.8764 -0.0281
vn 0.3593 -0.9330 0.0199
vn 0.9954 0.0958 -0.0093
vn -0.9646 0.0679 0.2549
vn 0.9494 0.2094 0.2342
vn -0.9661 0.2432 0.0859
vn 0.0034 1.0000 0.0009
vn 0.9771 0.1833 -0.1083
vn -0.9318 -0.1848 0.3123
vn 0.9370 0.0135 -0.3489
vn 0.9387 -0.2875 0.1903
vn 0.9879 -0.0699 -0.1382
vn -0.9119 0.0541 0.4068
vn 0.9771 -0.1886 -0.0986
vn 0.9910 -0.0986 -0.0911
vn 0.4360 -0.8892 0.1386
vn 0.6677 -0.6935 -0.2708
vn 0.9121 -0.0508 -0.4069
vn 0.3381 0.0362 -0.9404
vn 0.1704 -0.0858 -0.9816
vn 0.6920 -0.6707 0.2668
vn 0.9368 -0.2991 0.1817
vn 0.1291 0.1525 -0.9798
vn 0.2027 0.0908 -0.9750
vn 0.1947 0.2738 -0.9419
vn -0.5142 0.0265 0.8572
vn 0.2594 0.0856 -0.9620
vn 0.9580 0.0999 0.2687
vn 0.2556 0.0505 -0.9655
vn -0.9816 0.0018 -0.1910
vn -0.9828 -0.0002 -0.1845
vn -0.9840 -0.0029 -0.1784
vn 0.0977 0.8908 -0.4438
vn -0.9840 -0.0023 -0.1780
vn -0.6064 -0.0093 0.7951
vn 0.8874 0.3956 0.2367
vn 0.8839 0.3941 -0.2520
vn -0.9860 -0.0023 0.1669
vn 0.0243 0.8997 0.4358
vn 0.0252 0.8994 0.4365
vn 0.0242 0.8997 0.4358
vn -0.9708 -0.0063 0.2397
vn 0.9284 0.0884 -0.3608
vn 0.0233 0.9001 0.4351
vn 0.5287 0.2439 0.8130
vn -0.0567 0.8921 -0.4483
vn -0.1158 0.0517 -0.9919
vn -0.2858 -0.0345 -0.9577
vn 0.5782 0.0755 0.8124
vn 0.9835 -0.0377 0.1768
vn -0.9615 0.0220 0.2737
vn 0.9583 0.0665 -0.2778
vn 0.4363 -0.1363 0.8894
vn -0.5581 0.1025 -0.8235
vn 0.9459 0.0100 0.3242
vn 0.7161 0.1476 -0.6822
vn -0.1286 -0.1666 0.9776
vn -0.9379 0.0789 -0.3378
vn -0.9664 0.1160 0.2292
vn 0.9062 -0.3559 0.2282
vn 0.4880 -0.1912 0.8516
vn -0.2592 -0.3465 -0.9016
vn 0.4899 -0.8644 -0.1136
vn 0.4306 -0.3196 -0.8441
vn -0.9272 0.3568 -0.1138
vn 0.8684 -0.3257 0.3738
vn -0.9870 -0.0591 -0.1492
vn -0.6045 -0.0701 0.7935
vn -0.9041 0.1178 -0.4107
vn -0.0904 -0.0952 0.9914
vn 0.7854 0.0570 -0.6163
vn 0.9376 0.0483 0.3443
vn -0.6730 0.0891 -0.7343
vn 0.3679 -0.0729 0.9270
vn 0.9351 0.0507 -0.3508
vn -0.9227 0.1008 0.3720
vn -0.9012 0.1407 0.4100
vn 0.9623 0.0127 -0.2717
vn -0.5283 0.1357 -0.8382
vn 0.4012 0.1006 0.9105
vn -0.0945 0.1222 0.9880
vn 0.6632 0.0583 -0.7461
vn 0.9627 0.0001 0.2706
vn -0.9586 0.1317 -0.2525
vn 0.4294 -0.8594 -0.2776
vn -0.8533 -0.3532 0.3836
vn -0.1945 -0.3914 -0.8994
vn -0.4568 -0.8256 -0.3314
vn -0.9946 0.1016 0.0211
vn 0.0049 0.9667 0.2559
vn 0.4673 0.0382 0.8833
vn -0.0429 0.1007 -0.9940
vn -0.9556 0.1681 0.2420
vn -0.9779 0.1953 -0.0748
vn -0.2017 0.1411 0.9692
vn 0.1470 0.0437 0.9882
vn 0.3814 -0.0052 0.9244
vn 0.0150 0.0197 0.9997
vn -0.9761 0.1504 -0.1569
vn 0.9768 -0.0044 0.2141
vn 0.5663 -0.0046 -0.8242
vn -0.3199 0.1229 0.9395
vn 0.5385 0.0642 0.8402
vn -0.4182 0.0936 -0.9035
vn 0.9764 -0.0013 -0.2161
vn -0.9271 0.1125 0.3576
vn -1.0000 -0.0000 -0.0000
vn -0.0000 -0.0000 -1.0000
vn 1.0000 -0.0000 -0.0000
vn -0.0000 -0.0000 1.0000
vn -0.0000 -1.0000 -0.0000
vn -0.0000 1.0000 -0.0000
vt 0.625000 0.000000
vt 0.500000 0.000000
vt 0.616667 0.000000
vt 0.633333 0.000000
vt 0.141667 0.000000
vt 0.150000 0.000000
vt 0.958333 0.000000
vt 0.966667 0.000000
vt 0.133333 0.000000
vt 0.125000 0.000000
vt 0.975000 0.000000
vt 0.116667 0.000000
vt 0.983333 0.000000
vt 0.108333 0.000000
vt 0.991667 0.000000
vt 0.100000 0.000000
vt 1.000000 0.000000
vt 0.091667 0.000000
vt 0.608333 0.000000
vt 0.083333 0.000000
vt 0.075000 0.000000
vt 0.066667 0.000000
vt 0.700000 0.000000
vt 0.425000 0.000000
vt 0.433333 0.000000
vt 0.450000 0.000000
vt 0.683333 0.000000
vt 0.691667 0.000000
vt 0.441667 0.000000
vt 0.191667 0.000000
vt 0.916667 0.000000
vt 0.183333 0.000000
vt 0.925000 0.000000
vt 0.475000 0.000000
vt 0.483333 0.000000
vt 0.666667 0.000000
vt 0.675000 0.000000
vt 0.466667 0.000000
vt 0.458333 0.000000
vt 0.175000 0.000000
vt 0.933333 0.000000
vt 0.166667 0.000000
vt 0.941667 0.000000
vt 0.158333 0.000000
vt 0.950000 0.000000
vt 0.641667 0.000000
vt 0.650000 0.000000
vt 0.658333 0.000000
vt 0.491667 0.000000
vt 0.508333 0.000000
vt 0.058333 0.000000
vt 0.516667 0.000000
vt 0.050000 0.000000
vt 0.525000 0.000000
vt 0.533333 0.000000
vt 0.041667 0.000000
vt 0.541667 0.000000
vt 0.033333 0.000000
vt 0.416667 0.000000
vt 0.708333 0.000000
vt 0.408333 0.000000
vt 0.208333 0.000000
vt 0.891667 0.000000
vt 0.900000 0.000000
vt 0.200000 0.000000
vt 0.908333 0.000000
vt 0.716667 0.000000
vt 0.400000 0.000000
vt 0.883333 0.000000
vt 0.216667 0.000000
vt 0.225000 0.000000
vt 0.875000 0.000000
vt 0.733333 0.000000
vt 0.383333 0.000000
vt 0.725000 0.000000
vt 0.391667 0.000000
vt 0.575000 0.000000
vt 0.583333 0.000000
vt 0.008333 0.000000
vt 0.250000 0.000000
vt 0.258333 0.000000
vt 0.850000 0.000000
vt 0.841667 0.000000
vt 0.266667 0.000000
vt 0.833333 0.000000
vt 0.275000 0.000000
vt 0.825000 0.000000
vt 0.283333 0.000000
vt 0.816667 0.000000
vt 0.291667 0.000000
vt 0.300000 0.000000
vt 0.808333 0.000000
vt 0.308333 0.000000
vt 0.800000 0.000000
vt 0.316667 0.000000
vt 0.791667 0.000000
vt 0.325000 0.000000
vt 0.783333 0.000000
vt 0.333333 0.000000
vt 0.775000 0.000000
vt 0.341667 0.000000
vt 0.766667 0.000000
vt 0.350000 0.000000
vt 0.233333 0.000000
vt 0.866667 0.000000
vt 0.241667 0.000000
vt 0.858333 0.000000
vt 0.758333 0.000000
vt 0.358333 0.000000
vt 0.750000 0.000000
vt 0.366667 0.000000
vt 0.741667 0.000000
vt 0.375000 0.000000
vt 0.591667 0.000000
vt 0.000000 0.000000
vt 0.600000 0.000000
vt 0.550000 0.000000
vt 0.025000 0.000000
vt 0.558333 0.000000
vt 0.566667 0.000000
vt 0.016667 0.000000
vt 0.977273 0.000000
vt 0.988636 0.000000
vt 0.965909 0.000000
vt 0.420455 0.000000
vt 0.431818 0.000000
vt 0.443182 0.000000
vt 0.454545 0.000000
vt 0.465909 0.000000
vt 0.511364 0.000000
vt 0.386364 0.000000
vt 0.363636 0.000000
vt 0.477273 0.000000
vt 0.409091 0.000000
vt 0.488636 0.000000
vt 0.397727 0.000000
vt 0.306818 0.000000
vt 0.556818 0.000000
vt 0.295455 0.000000
vt 0.318182 0.000000
vt 0.545455 0.000000
vt 0.340909 0.000000
vt 0.534091 0.000000
vt 0.329545 0.000000
vt 0.579545 0.000000
vt 0.284091 0.000000
vt 0.568182 0.000000
vt 0.590909 0.000000
vt 0.272727 0.000000
vt 0.011364 0.000000
vt 0.022727 0.000000
vt 0.909091 0.000000
vt 0.897727 0.000000
vt 0.886364 0.000000
vt 0.954545 0.000000
vt 0.943182 0.000000
vt 0.931818 0.000000
vt 0.920455 0.000000
vt 0.522727 0.000000
vt 0.352273 0.000000
vt 0.715909 0.000000
vt 0.727273 0.000000
vt 0.136364 0.000000
vt 0.704545 0.000000
vt 0.147727 0.000000
vt 0.693182 0.000000
vt 0.159091 0.000000
vt 0.840909 0.000000
vt 0.852273 0.000000
vt 0.056818 0.000000
vt 0.068182 0.000000
vt 0.829545 0.000000
vt 0.818182 0.000000
vt 0.079545 0.000000
vt 0.806818 0.000000
vt 0.795455 0.000000
vt 0.090909 0.000000
vt 0.784091 0.000000
vt 0.772727 0.000000
vt 0.102273 0.000000
vt 0.761364 0.000000
vt 0.113636 0.000000
vt 0.738636 0.000000
vt 0.681818 0.000000
vt 0.170455 0.000000
vt 0.670455 0.000000
vt 0.181818 0.000000
vt 0.659091 0.000000
vt 0.193182 0.000000
vt 0.647727 0.000000
vt 0.204545 0.000000
vt 0.636364 0.000000
vt 0.215909 0.000000
vt 0.227273 0.000000
vt 0.238636 0.000000
vt 0.613636 0.000000
vt 0.034091 0.000000
vt 0.045455 0.000000
vt 0.863636 0.000000
vt 0.602273 0.000000
vt 0.261364 0.000000
vt 0.493506 0.000000
vt 0.506494 0.000000
vt 0.480519 0.000000
vt 0.519481 0.000000
vt 0.441558 0.000000
vt 0.467532 0.000000
vt 0.558442 0.000000
vt 0.571429 0.000000
vt 0.402597 0.000000
vt 0.415584 0.000000
vt 0.428571 0.000000
vt 0.532468 0.000000
vt 0.350649 0.000000
vt 0.623377 0.000000
vt 0.610390 0.000000
vt 0.376623 0.000000
vt 0.337662 0.000000
vt 0.649351 0.000000
vt 0.662338 0.000000
vt 0.324675 0.000000
vt 0.675325 0.000000
vt 0.311688 0.000000
vt 0.077922 0.000000
vt 0.961039 0.000000
vt 0.064935 0.000000
vt 0.974026 0.000000
vt 0.051948 0.000000
vt 0.597403 0.000000
vt 0.584416 0.000000
vt 0.389610 0.000000
vt 0.038961 0.000000
vt 0.025974 0.000000
vt 0.012987 0.000000
vt 0.987013 0.000000
vt 0.103896 0.000000
vt 0.935065 0.000000
vt 0.948052 0.000000
vt 0.701299 0.000000
vt 0.714286 0.000000
vt 0.285714 0.000000
vt 0.922078 0.000000
vt 0.792208 0.000000
vt 0.805195 0.000000
vt 0.194805 0.000000
vt 0.831169 0.000000
vt 0.168831 0.000000
vt 0.844156 0.000000
vt 0.259740 0.000000
vt 0.740260 0.000000
vt 0.246753 0.000000
vt 0.753247 0.000000
vt 0.233766 0.000000
vt 0.766234 0.000000
vt 0.220779 0.000000
vt 0.779221 0.000000
vt 0.207792 0.000000
vt 0.155844 0.000000
vt 0.857143 0.000000
vt 0.142857 0.000000
vt 0.870130 0.000000
vt 0.883117 0.000000
vt 0.129870 0.000000
vt 0.896104 0.000000
vt 0.116883 0.000000
vt 0.688312 0.000000
vt 0.298701 0.000000
vt 0.752475 0.000000
vt 0.762376 0.000000
vt 0.277228 0.000000
vt 0.801980 0.000000
vt 0.811881 0.000000
vt 0.237624 0.000000
vt 0.247525 0.000000
vt 0.792079 0.000000
vt 0.257426 0.000000
vt 0.782178 0.000000
vt 0.772277 0.000000
vt 0.267327 0.000000
vt 0.287129 0.000000
vt 0.742574 0.000000
vt 0.297030 0.000000
vt 0.732673 0.000000
vt 0.306931 0.000000
vt 0.722772 0.000000
vt 0.316832 0.000000
vt 0.712871 0.000000
vt 0.326733 0.000000
vt 0.702970 0.000000
vt 0.356436 0.000000
vt 0.366337 0.000000
vt 0.673267 0.000000
vt 0.851485 0.000000
vt 0.198020 0.000000
vt 0.841584 0.000000
vt 0.207921 0.000000
vt 0.683168 0.000000
vt 0.346535 0.000000
vt 0.663366 0.000000
vt 0.376238 0.000000
vt 0.653465 0.000000
vt 0.168317 0.000000
vt 0.881188 0.000000
vt 0.158416 0.000000
vt 0.871287 0.000000
vt 0.178218 0.000000
vt 0.386139 0.000000
vt 0.396040 0.000000
vt 0.643564 0.000000
vt 0.861386 0.000000
vt 0.188119 0.000000
vt 0.831683 0.000000
vt 0.217822 0.000000
vt 0.821782 0.000000
vt 0.227723 0.000000
vt 0.336634 0.000000
vt 0.693069 0.000000
vt 0.425743 0.000000
vt 0.613861 0.000000
vt 0.415842 0.000000
vt 0.623762 0.000000
vt 0.148515 0.000000
vt 0.891089 0.000000
vt 0.900990 0.000000
vt 0.138614 0.000000
vt 0.128713 0.000000
vt 0.118812 0.000000
vt 0.910891 0.000000
vt 0.920792 0.000000
vt 0.108911 0.000000
vt 0.089109 0.000000
vt 0.099010 0.000000
vt 0.930693 0.000000
vt 0.445545 0.000000
vt 0.584158 0.000000
vt 0.435644 0.000000
vt 0.594059 0.000000
vt 0.603960 0.000000
vt 0.059406 0.000000
vt 0.069307 0.000000
vt 0.950495 0.000000
vt 0.960396 0.000000
vt 0.049505 0.000000
vt 0.455446 0.000000
vt 0.465347 0.000000
vt 0.564356 0.000000
vt 0.574257 0.000000
vt 0.514852 0.000000
vt 0.524752 0.000000
vt 0.504951 0.000000
vt 0.495050 0.000000
vt 0.534653 0.000000
vt 0.485149 0.000000
vt 0.544554 0.000000
vt 0.970297 0.000000
vt 0.039604 0.000000
vt 0.980198 0.000000
vt 0.990099 0.000000
vt 0.029703 0.000000
vt 0.475248 0.000000
vt 0.554455 0.000000
vt 0.940594 0.000000
vt 0.079208 0.000000
vt 0.009901 0.000000
vt 0.019802 0.000000
vt 0.405941 0.000000
vt 0.633663 0.000000
vt 0.288660 0.000000
vt 0.298969 0.000000
vt 0.711340 0.000000
vt 0.721649 0.000000
vt 0.278351 0.000000
vt 0.731959 0.000000
vt 0.268041 0.000000
vt 0.742268 0.000000
vt 0.257732 0.000000
vt 0.247423 0.000000
vt 0.752577 0.000000
vt 0.237113 0.000000
vt 0.762887 0.000000
vt 0.226804 0.000000
vt 0.773196 0.000000
vt 0.216495 0.000000
vt 0.783505 0.000000
vt 0.206186 0.000000
vt 0.793814 0.000000
vt 0.195876 0.000000
vt 0.340206 0.000000
vt 0.670103 0.000000
vt 0.329897 0.000000
vt 0.680412 0.000000
vt 0.824742 0.000000
vt 0.835052 0.000000
vt 0.164948 0.000000
vt 0.154639 0.000000
vt 0.659794 0.000000
vt 0.350515 0.000000
vt 0.649485 0.000000
vt 0.855670 0.000000
vt 0.144330 0.000000
vt 0.845361 0.000000
vt 0.371134 0.000000
vt 0.639175 0.000000
vt 0.360825 0.000000
vt 0.876289 0.000000
vt 0.123711 0.000000
vt 0.865979 0.000000
vt 0.134021 0.000000
vt 0.319588 0.000000
vt 0.690722 0.000000
vt 0.309278 0.000000
vt 0.701031 0.000000
vt 0.804124 0.000000
vt 0.185567 0.000000
vt 0.814433 0.000000
vt 0.175258 0.000000
vt 0.381443 0.000000
vt 0.618557 0.000000
vt 0.628866 0.000000
vt 0.113402 0.000000
vt 0.886598 0.000000
vt 0.103093 0.000000
vt 0.907216 0.000000
vt 0.092784 0.000000
vt 0.896907 0.000000
vt 0.391753 0.000000
vt 0.608247 0.000000
vt 0.587629 0.000000
vt 0.412371 0.000000
vt 0.422680 0.000000
vt 0.577320 0.000000
vt 0.927835 0.000000
vt 0.061856 0.000000
vt 0.917526 0.000000
vt 0.072165 0.000000
vt 0.402062 0.000000
vt 0.597938 0.000000
vt 0.082474 0.000000
vt 0.958763 0.000000
vt 0.030928 0.000000
vt 0.948454 0.000000
vt 0.041237 0.000000
vt 0.494845 0.000000
vt 0.505155 0.000000
vt 0.515464 0.000000
vt 0.989691 0.000000
vt 0.525773 0.000000
vt 0.979381 0.000000
vt 0.010309 0.000000
vt 0.556701 0.000000
vt 0.453608 0.000000
vt 0.463918 0.000000
vt 0.546392 0.000000
vt 0.474227 0.000000
vt 0.536082 0.000000
vt 0.484536 0.000000
vt 0.969072 0.000000
vt 0.020619 0.000000
vt 0.432990 0.000000
vt 0.567010 0.000000
vt 0.443299 0.000000
vt 0.938144 0.000000
vt 0.051546 0.000000
vt 0.549020 0.000000
vt 0.568627 0.000000
vt 0.588235 0.000000
vt 0.490196 0.000000
vt 0.509804 0.000000
vt 0.529412 0.000000
vt 0.470588 0.000000
vt 0.607843 0.000000
vt 0.627451 0.000000
vt 0.647059 0.000000
vt 0.450980 0.000000
vt 0.764706 0.000000
vt 0.784314 0.000000
vt 0.745098 0.000000
vt 0.725490 0.000000
vt 0.431373 0.000000
vt 0.254902 0.000000
vt 0.274510 0.000000
vt 0.313726 0.000000
vt 0.294118 0.000000
vt 0.941176 0.000000
vt 0.156863 0.000000
vt 0.921569 0.000000
vt 0.176471 0.000000
vt 0.078431 0.000000
vt 0.980392 0.000000
vt 0.960784 0.000000
vt 0.137255 0.000000
vt 0.117647 0.000000
vt 0.098039 0.000000
vt 0.901961 0.000000
vt 0.196078 0.000000
vt 0.019608 0.000000
vt 0.039216 0.000000
vt 0.058824 0.000000
vt 0.803922 0.000000
vt 0.823529 0.000000
vt 0.843137 0.000000
vt 0.705882 0.000000
vt 0.862745 0.000000
vt 0.686275 0.000000
vt 0.882353 0.000000
vt 0.411765 0.000000
vt 0.215686 0.000000
vt 0.392157 0.000000
vt 0.235294 0.000000
vt 0.372549 0.000000
vt 0.352941 0.000000
vt 0.436090 0.000000
vt 0.443609 0.000000
vt 0.458647 0.000000
vt 0.451128 0.000000
vt 0.503759 0.000000
vt 0.398496 0.000000
vt 0.496241 0.000000
vt 0.406015 0.000000
vt 0.488722 0.000000
vt 0.481203 0.000000
vt 0.413534 0.000000
vt 0.473684 0.000000
vt 0.421053 0.000000
vt 0.466165 0.000000
vt 0.172932 0.000000
vt 0.180451 0.000000
vt 0.819549 0.000000
vt 0.827068 0.000000
vt 0.165414 0.000000
vt 0.909774 0.000000
vt 0.090226 0.000000
vt 0.902256 0.000000
vt 0.368421 0.000000
vt 0.541353 0.000000
vt 0.360902 0.000000
vt 0.533835 0.000000
vt 0.375940 0.000000
vt 0.894737 0.000000
vt 0.097744 0.000000
vt 0.526316 0.000000
vt 0.518797 0.000000
vt 0.383459 0.000000
vt 0.751880 0.000000
vt 0.759399 0.000000
vt 0.225564 0.000000
vt 0.879699 0.000000
vt 0.887218 0.000000
vt 0.105263 0.000000
vt 0.511278 0.000000
vt 0.390977 0.000000
vt 0.218045 0.000000
vt 0.766917 0.000000
vt 0.774436 0.000000
vt 0.210526 0.000000
vt 0.781955 0.000000
vt 0.203008 0.000000
vt 0.789474 0.000000
vt 0.796992 0.000000
vt 0.195489 0.000000
vt 0.804511 0.000000
vt 0.187970 0.000000
vt 0.812030 0.000000
vt 0.834586 0.000000
vt 0.157895 0.000000
vt 0.842105 0.000000
vt 0.150376 0.000000
vt 0.849624 0.000000
vt 0.135338 0.000000
vt 0.127820 0.000000
vt 0.864662 0.000000
vt 0.120301 0.000000
vt 0.872180 0.000000
vt 0.112782 0.000000
vt 0.353383 0.000000
vt 0.548872 0.000000
vt 0.556391 0.000000
vt 0.345865 0.000000
vt 0.338346 0.000000
vt 0.932331 0.000000
vt 0.067669 0.000000
vt 0.924812 0.000000
vt 0.075188 0.000000
vt 0.917293 0.000000
vt 0.082707 0.000000
vt 0.563910 0.000000
vt 0.330827 0.000000
vt 0.736842 0.000000
vt 0.240602 0.000000
vt 0.729323 0.000000
vt 0.939850 0.000000
vt 0.052632 0.000000
vt 0.060150 0.000000
vt 0.962406 0.000000
vt 0.969925 0.000000
vt 0.015038 0.000000
vt 0.022556 0.000000
vt 0.992481 0.000000
vt 0.984962 0.000000
vt 0.977444 0.000000
vt 0.007519 0.000000
vt 0.323308 0.000000
vt 0.578947 0.000000
vt 0.315789 0.000000
vt 0.586466 0.000000
vt 0.308271 0.000000
vt 0.593985 0.000000
vt 0.300752 0.000000
vt 0.601504 0.000000
vt 0.293233 0.000000
vt 0.609023 0.000000
vt 0.616541 0.000000
vt 0.624060 0.000000
vt 0.278196 0.000000
vt 0.631579 0.000000
vt 0.270677 0.000000
vt 0.639098 0.000000
vt 0.646617 0.000000
vt 0.654135 0.000000
vt 0.661654 0.000000
vt 0.263158 0.000000
vt 0.669173 0.000000
vt 0.676692 0.000000
vt 0.684211 0.000000
vt 0.691729 0.000000
vt 0.699248 0.000000
vt 0.255639 0.000000
vt 0.706767 0.000000
vt 0.248120 0.000000
vt 0.721804 0.000000
vt 0.954887 0.000000
vt 0.030075 0.000000
vt 0.037594 0.000000
vt 0.947368 0.000000
vt 0.045113 0.000000
vt 0.233083 0.000000
vt 0.744361 0.000000
vt 0.168421 0.000000
vt 0.178947 0.000000
vt 0.852632 0.000000
vt 0.863158 0.000000
vt 0.147368 0.000000
vt 0.136842 0.000000
vt 0.873684 0.000000
vt 0.126316 0.000000
vt 0.884211 0.000000
vt 0.115789 0.000000
vt 0.905263 0.000000
vt 0.094737 0.000000
vt 0.915789 0.000000
vt 0.084211 0.000000
vt 0.926316 0.000000
vt 0.073684 0.000000
vt 0.221053 0.000000
vt 0.810526 0.000000
vt 0.957895 0.000000
vt 0.968421 0.000000
vt 0.042105 0.000000
vt 0.031579 0.000000
vt 0.231579 0.000000
vt 0.778947 0.000000
vt 0.978947 0.000000
vt 0.989474 0.000000
vt 0.021053 0.000000
vt 0.242105 0.000000
vt 0.768421 0.000000
vt 0.010526 0.000000
vt 0.821053 0.000000
vt 0.189474 0.000000
vt 0.831579 0.000000
vt 0.936842 0.000000
vt 0.063158 0.000000
vt 0.747368 0.000000
vt 0.252632 0.000000
vt 0.515789 0.000000
vt 0.494737 0.000000
vt 0.273684 0.000000
vt 0.726316 0.000000
vt 0.536842 0.000000
vt 0.484211 0.000000
vt 0.715789 0.000000
vt 0.284211 0.000000
vt 0.294737 0.000000
vt 0.705263 0.000000
vt 0.547368 0.000000
vt 0.557895 0.000000
vt 0.463158 0.000000
vt 0.326316 0.000000
vt 0.336842 0.000000
vt 0.673684 0.000000
vt 0.663158 0.000000
vt 0.347368 0.000000
vt 0.652632 0.000000
vt 0.357895 0.000000
vt 0.642105 0.000000
vt 0.378947 0.000000
vt 0.621053 0.000000
vt 0.389474 0.000000
vt 0.610526 0.000000
vt 0.410526 0.000000
vt 0.589474 0.000000
vt 0.431579 0.000000
vt 0.305263 0.000000
vt 0.694737 0.000000
vt 0.442105 0.000000
vt 0.568421 0.000000
vt 0.452632 0.000000
vt 0.757895 0.000000
vt 0.505263 0.000000
vt 0.021505 0.000000
vt 0.032258 0.000000
vt 0.010753 0.000000
vt 0.064516 0.000000
vt 0.989247 0.000000
vt 0.053763 0.000000
vt 0.043011 0.000000
vt 0.720430 0.000000
vt 0.086022 0.000000
vt 0.978495 0.000000
vt 0.075269 0.000000
vt 0.096774 0.000000
vt 0.967742 0.000000
vt 0.752688 0.000000
vt 0.698925 0.000000
vt 0.741935 0.000000
vt 0.709677 0.000000
vt 0.731183 0.000000
vt 0.935484 0.000000
vt 0.946237 0.000000
vt 0.451613 0.000000
vt 0.774194 0.000000
vt 0.784946 0.000000
vt 0.677419 0.000000
vt 0.118280 0.000000
vt 0.107527 0.000000
vt 0.956989 0.000000
vt 0.763441 0.000000
vt 0.688172 0.000000
vt 0.376344 0.000000
vt 0.387097 0.000000
vt 0.161290 0.000000
vt 0.193548 0.000000
vt 0.204301 0.000000
vt 0.182796 0.000000
vt 0.215054 0.000000
vt 0.225806 0.000000
vt 0.236559 0.000000
vt 0.247312 0.000000
vt 0.258065 0.000000
vt 0.268817 0.000000
vt 0.279570 0.000000
vt 0.290323 0.000000
vt 0.301075 0.000000
vt 0.311828 0.000000
vt 0.172043 0.000000
vt 0.322581 0.000000
vt 0.344086 0.000000
vt 0.354839 0.000000
vt 0.365591 0.000000
vt 0.580645 0.000000
vt 0.591398 0.000000
vt 0.860215 0.000000
vt 0.150538 0.000000
vt 0.397849 0.000000
vt 0.408602 0.000000
vt 0.139785 0.000000
vt 0.419355 0.000000
vt 0.430108 0.000000
vt 0.129032 0.000000
vt 0.440860 0.000000
vt 0.462366 0.000000
vt 0.473118 0.000000
vt 0.924731 0.000000
vt 0.483871 0.000000
vt 0.494624 0.000000
vt 0.913979 0.000000
vt 0.505376 0.000000
vt 0.903226 0.000000
vt 0.516129 0.000000
vt 0.526882 0.000000
vt 0.892473 0.000000
vt 0.537634 0.000000
vt 0.548387 0.000000
vt 0.881720 0.000000
vt 0.559140 0.000000
vt 0.870968 0.000000
vt 0.569892 0.000000
vt 0.849462 0.000000
vt 0.602151 0.000000
vt 0.838710 0.000000
vt 0.612903 0.000000
vt 0.827957 0.000000
vt 0.623656 0.000000
vt 0.817204 0.000000
vt 0.634409 0.000000
vt 0.806452 0.000000
vt 0.645161 0.000000
vt 0.795699 0.000000
vt 0.655914 0.000000
vt 0.520408 0.000000
vt 0.530612 0.000000
vt 0.224490 0.000000
vt 0.234694 0.000000
vt 0.510204 0.000000
vt 0.244898 0.000000
vt 0.755102 0.000000
vt 0.489796 0.000000
vt 0.479592 0.000000
vt 0.765306 0.000000
vt 0.469388 0.000000
vt 0.775510 0.000000
vt 0.459184 0.000000
vt 0.785714 0.000000
vt 0.448980 0.000000
vt 0.153061 0.000000
vt 0.612245 0.000000
vt 0.877551 0.000000
vt 0.377551 0.000000
vt 0.867347 0.000000
vt 0.602041 0.000000
vt 0.163265 0.000000
vt 0.387755 0.000000
vt 0.591837 0.000000
vt 0.173469 0.000000
vt 0.836735 0.000000
vt 0.846939 0.000000
vt 0.408163 0.000000
vt 0.397959 0.000000
vt 0.581633 0.000000
vt 0.183673 0.000000
vt 0.193878 0.000000
vt 0.561224 0.000000
vt 0.551020 0.000000
vt 0.204082 0.000000
vt 0.540816 0.000000
vt 0.214286 0.000000
vt 0.795918 0.000000
vt 0.438776 0.000000
vt 0.806122 0.000000
vt 0.816327 0.000000
vt 0.826531 0.000000
vt 0.418367 0.000000
vt 0.132653 0.000000
vt 0.632653 0.000000
vt 0.122449 0.000000
vt 0.897959 0.000000
vt 0.367347 0.000000
vt 0.887755 0.000000
vt 0.642857 0.000000
vt 0.112245 0.000000
vt 0.908163 0.000000
vt 0.357143 0.000000
vt 0.091837 0.000000
vt 0.663265 0.000000
vt 0.673469 0.000000
vt 0.081633 0.000000
vt 0.653061 0.000000
vt 0.102041 0.000000
vt 0.918367 0.000000
vt 0.346939 0.000000
vt 0.704082 0.000000
vt 0.061224 0.000000
vt 0.051020 0.000000
vt 0.010204 0.000000
vt 0.744898 0.000000
vt 0.030612 0.000000
vt 0.734694 0.000000
vt 0.020408 0.000000
vt 0.724490 0.000000
vt 0.040816 0.000000
vt 0.255102 0.000000
vt 0.265306 0.000000
vt 0.275510 0.000000
vt 0.989796 0.000000
vt 0.683673 0.000000
vt 0.693878 0.000000
vt 0.071429 0.000000
vt 0.979592 0.000000
vt 0.969388 0.000000
vt 0.295918 0.000000
vt 0.959184 0.000000
vt 0.306122 0.000000
vt 0.948980 0.000000
vt 0.316327 0.000000
vt 0.938776 0.000000
vt 0.326531 0.000000
vt 0.928571 0.000000
vt 0.336735 0.000000
vt 0.622449 0.000000
vt 0.625000 0.250000
vt 0.375000 0.250000
vt 0.625000 0.500000
vt 0.375000 0.500000
vt 0.625000 0.750000
vt 0.375000 0.750000
vt 0.908850 0.000000
vt 1.000000 0.867750
vt 0.050744 1.000000
vt 0.000000 0.201736
vt 0.125000 0.500000
vt 0.125000 0.750000
vt 0.875000 0.500000
vt 0.875000 0.750000
s 0
usemtl Materiale.002
f 76/1/1 61/2/1 75/3/1
f 61/2/1 76/1/1 77/4/1
f 18/5/1 19/6/1 116/7/1
f 116/7/1 117/8/1 18/5/1
f 17/9/1 18/5/1 117/8/1
f 16/10/1 17/9/1 117/8/1
f 117/8/1 118/11/1 16/10/1
f 15/12/1 16/10/1 118/11/1
f 118/11/1 119/13/1 15/12/1
f 14/14/1 15/12/1 119/13/1
f 119/13/1 120/15/1 14/14/1
f 13/16/1 14/14/1 120/15/1
f 120/15/1 121/17/1 13/16/1
f 12/18/1 13/16/1 121/17/1
f 121/17/1 74/19/1 12/18/1
f 11/20/1 12/18/1 74/19/1
f 74/19/1 75/3/1 11/20/1
f 75/3/1 61/2/1 11/20/1
f 10/21/1 11/20/1 61/2/1
f 9/22/1 10/21/1 61/2/1
f 85/23/1 52/24/1 53/25/1
f 55/26/1 83/27/1 84/28/1
f 54/29/1 55/26/1 84/28/1
f 84/28/1 85/23/1 54/29/1
f 85/23/1 53/25/1 54/29/1
f 24/30/1 111/31/1 23/32/1
f 111/31/1 112/33/1 23/32/1
f 58/34/1 59/35/1 81/36/1
f 81/36/1 82/37/1 58/34/1
f 57/38/1 58/34/1 82/37/1
f 82/37/1 83/27/1 57/38/1
f 56/39/1 57/38/1 83/27/1
f 83/27/1 55/26/1 56/39/1
f 23/32/1 112/33/1 22/40/1
f 112/33/1 113/41/1 22/40/1
f 21/42/1 22/40/1 113/41/1
f 113/41/1 114/43/1 21/42/1
f 20/44/1 21/42/1 114/43/1
f 114/43/1 115/45/1 20/44/1
f 19/6/1 20/44/1 115/45/1
f 116/7/1 19/6/1 115/45/1
f 61/2/1 77/4/1 78/46/1
f 78/46/1 79/47/1 61/2/1
f 79/47/1 80/48/1 61/2/1
f 60/49/1 61/2/1 80/48/1
f 80/48/1 81/36/1 60/49/1
f 81/36/1 59/35/1 60/49/1
f 9/22/1 61/2/1 62/50/1
f 8/51/1 9/22/1 62/50/1
f 62/50/1 63/52/1 8/51/1
f 7/53/1 8/51/1 63/52/1
f 63/52/1 64/54/1 7/53/1
f 64/54/1 65/55/1 7/53/1
f 6/56/1 7/53/1 65/55/1
f 65/55/1 66/57/1 6/56/1
f 5/58/1 6/56/1 66/57/1
f 51/59/1 86/60/1 50/61/1
f 26/62/1 108/63/1 109/64/1
f 26/62/1 109/64/1 25/65/1
f 110/66/1 25/65/1 109/64/1
f 50/61/1 86/60/1 87/67/1
f 87/67/1 49/68/1 50/61/1
f 107/69/1 27/70/1 28/71/1
f 106/72/1 107/69/1 28/71/1
f 108/63/1 26/62/1 27/70/1
f 27/70/1 107/69/1 108/63/1
f 89/73/1 47/74/1 88/75/1
f 47/74/1 48/76/1 88/75/1
f 87/67/1 88/75/1 48/76/1
f 49/68/1 87/67/1 48/76/1
f 70/77/1 71/78/1 2/79/1
f 31/80/1 32/81/1 103/82/1
f 102/83/1 103/82/1 32/81/1
f 32/81/1 33/84/1 102/83/1
f 101/85/1 102/83/1 33/84/1
f 33/84/1 34/86/1 101/85/1
f 100/87/1 101/85/1 34/86/1
f 34/86/1 35/88/1 100/87/1
f 99/89/1 100/87/1 35/88/1
f 35/88/1 36/90/1 99/89/1
f 36/90/1 37/91/1 99/89/1
f 98/92/1 99/89/1 37/91/1
f 37/91/1 38/93/1 98/92/1
f 97/94/1 98/92/1 38/93/1
f 38/93/1 39/95/1 97/94/1
f 96/96/1 97/94/1 39/95/1
f 39/95/1 40/97/1 96/96/1
f 95/98/1 96/96/1 40/97/1
f 40/97/1 41/99/1 95/98/1
f 94/100/1 95/98/1 41/99/1
f 41/99/1 42/101/1 94/100/1
f 93/102/1 94/100/1 42/101/1
f 42/101/1 43/103/1 93/102/1
f 106/72/1 28/71/1 29/104/1
f 105/105/1 106/72/1 29/104/1
f 29/104/1 30/106/1 105/105/1
f 104/107/1 105/105/1 30/106/1
f 30/106/1 31/80/1 104/107/1
f 31/80/1 103/82/1 104/107/1
f 93/102/1 43/103/1 92/108/1
f 43/103/1 44/109/1 92/108/1
f 91/110/1 92/108/1 44/109/1
f 44/109/1 45/111/1 91/110/1
f 90/112/1 91/110/1 45/111/1
f 45/111/1 46/113/1 90/112/1
f 89/73/1 90/112/1 46/113/1
f 47/74/1 89/73/1 46/113/1
f 2/79/1 71/78/1 72/114/1
f 1/115/1 2/79/1 72/114/1
f 72/114/1 73/116/1 1/115/1
f 25/65/1 110/66/1 24/30/1
f 111/31/1 24/30/1 110/66/1
f 52/24/1 85/23/1 86/60/1
f 86/60/1 51/59/1 52/24/1
f 5/58/1 66/57/1 67/117/1
f 4/118/1 5/58/1 67/117/1
f 67/117/1 68/119/1 4/118/1
f 68/119/1 69/120/1 4/118/1
f 3/121/1 4/118/1 69/120/1
f 69/120/1 70/77/1 3/121/1
f 70/77/1 2/79/1 3/121/1
f 208/122/1 209/123/1 207/124/1
f 159/125/1 160/126/1 161/127/1
f 161/127/1 162/128/1 159/125/1
f 162/128/1 163/129/1 159/125/1
f 166/2/1 167/130/1 156/131/1
f 155/113/1 156/131/1 167/130/1
f 167/130/1 154/132/1 155/113/1
f 159/125/1 163/129/1 164/133/1
f 158/134/1 159/125/1 164/133/1
f 164/133/1 165/135/1 158/134/1
f 157/136/1 158/134/1 165/135/1
f 165/135/1 166/2/1 157/136/1
f 166/2/1 156/131/1 157/136/1
f 149/137/1 171/138/1 148/139/1
f 150/140/1 170/141/1 171/138/1
f 171/138/1 149/137/1 150/140/1
f 152/142/1 169/143/1 170/141/1
f 151/144/1 152/142/1 170/141/1
f 170/141/1 150/140/1 151/144/1
f 173/145/1 147/146/1 172/147/1
f 174/148/1 146/149/1 173/145/1
f 147/146/1 173/145/1 146/149/1
f 123/150/1 124/151/1 202/152/1
f 201/153/1 202/152/1 124/151/1
f 124/151/1 200/154/1 201/153/1
f 148/139/1 171/138/1 172/147/1
f 172/147/1 147/146/1 148/139/1
f 207/124/1 209/123/1 123/150/1
f 206/155/1 207/124/1 123/150/1
f 205/156/1 206/155/1 123/150/1
f 204/157/1 205/156/1 123/150/1
f 203/158/1 204/157/1 123/150/1
f 123/150/1 202/152/1 203/158/1
f 154/132/1 167/130/1 168/159/1
f 153/160/1 154/132/1 168/159/1
f 168/159/1 169/143/1 153/160/1
f 169/143/1 152/142/1 153/160/1
f 185/161/1 186/162/1 133/10/1
f 133/10/1 134/163/1 185/161/1
f 184/164/1 185/161/1 134/163/1
f 134/163/1 135/165/1 184/164/1
f 183/166/1 184/164/1 135/165/1
f 135/165/1 136/167/1 183/166/1
f 196/168/1 197/169/1 127/170/1
f 127/170/1 128/171/1 196/168/1
f 195/172/1 196/168/1 128/171/1
f 194/173/1 195/172/1 128/171/1
f 128/171/1 129/174/1 194/173/1
f 193/175/1 194/173/1 129/174/1
f 192/176/1 193/175/1 129/174/1
f 129/174/1 130/177/1 192/176/1
f 191/178/1 192/176/1 130/177/1
f 190/179/1 191/178/1 130/177/1
f 130/177/1 131/180/1 190/179/1
f 189/181/1 190/179/1 131/180/1
f 131/180/1 132/182/1 189/181/1
f 188/110/1 189/181/1 132/182/1
f 187/183/1 188/110/1 132/182/1
f 132/182/1 133/10/1 187/183/1
f 133/10/1 186/162/1 187/183/1
f 183/166/1 136/167/1 182/184/1
f 136/167/1 137/185/1 182/184/1
f 181/186/1 182/184/1 137/185/1
f 137/185/1 138/187/1 181/186/1
f 180/188/1 181/186/1 138/187/1
f 138/187/1 139/189/1 180/188/1
f 179/190/1 180/188/1 139/189/1
f 139/189/1 140/191/1 179/190/1
f 178/192/1 179/190/1 140/191/1
f 140/191/1 141/193/1 178/192/1
f 177/1/1 178/192/1 141/193/1
f 141/193/1 142/194/1 177/1/1
f 142/194/1 143/195/1 177/1/1
f 176/196/1 177/1/1 143/195/1
f 144/80/1 176/196/1 143/195/1
f 123/150/1 209/123/1 210/17/1
f 200/154/1 124/151/1 125/197/1
f 199/72/1 200/154/1 125/197/1
f 125/197/1 126/198/1 199/72/1
f 198/199/1 199/72/1 126/198/1
f 126/198/1 127/170/1 198/199/1
f 127/170/1 197/169/1 198/199/1
f 176/196/1 144/80/1 175/200/1
f 144/80/1 145/201/1 175/200/1
f 174/148/1 175/200/1 145/201/1
f 146/149/1 174/148/1 145/201/1
f 210/17/1 122/115/1 123/150/1
f 213/36/1 214/17/1 212/99/1
f 211/115/1 212/99/1 214/17/1
f 253/202/1 254/203/1 252/204/1
f 254/203/1 255/205/1 249/206/1
f 249/206/1 250/128/1 254/203/1
f 250/128/1 251/207/1 254/203/1
f 252/204/1 254/203/1 251/207/1
f 258/208/1 259/209/1 246/210/1
f 246/210/1 247/211/1 258/208/1
f 258/208/1 247/211/1 257/141/1
f 247/211/1 248/212/1 257/141/1
f 256/213/1 257/141/1 248/212/1
f 255/205/1 256/213/1 248/212/1
f 249/206/1 255/205/1 248/212/1
f 264/192/1 242/214/1 263/215/1
f 242/214/1 243/132/1 263/215/1
f 262/216/1 263/215/1 243/132/1
f 244/217/1 262/216/1 243/132/1
f 241/218/1 265/219/1 266/220/1
f 266/220/1 240/221/1 241/218/1
f 240/221/1 266/220/1 267/222/1
f 267/222/1 239/223/1 240/221/1
f 221/224/1 289/225/1 220/226/1
f 265/219/1 241/218/1 264/192/1
f 242/214/1 264/192/1 241/218/1
f 290/227/1 219/228/1 220/226/1
f 220/226/1 289/225/1 290/227/1
f 262/216/1 244/217/1 261/229/1
f 260/230/1 261/229/1 244/217/1
f 244/217/1 245/231/1 260/230/1
f 259/209/1 260/230/1 245/231/1
f 246/210/1 259/209/1 245/231/1
f 219/228/1 290/227/1 218/232/1
f 217/233/1 218/232/1 290/227/1
f 216/234/1 217/233/1 290/227/1
f 290/227/1 291/235/1 216/234/1
f 223/236/1 287/237/1 222/177/1
f 288/238/1 222/177/1 287/237/1
f 269/239/1 270/240/1 237/241/1
f 236/149/1 237/241/1 270/240/1
f 287/237/1 223/236/1 286/242/1
f 276/243/1 277/244/1 230/245/1
f 229/187/1 230/245/1 277/244/1
f 277/244/1 278/173/1 229/187/1
f 278/173/1 279/246/1 229/187/1
f 228/247/1 229/187/1 279/246/1
f 279/246/1 280/248/1 228/247/1
f 236/149/1 270/240/1 271/162/1
f 235/249/1 236/149/1 271/162/1
f 271/162/1 272/250/1 235/249/1
f 234/251/1 235/249/1 272/250/1
f 272/250/1 273/252/1 234/251/1
f 233/253/1 234/251/1 273/252/1
f 273/252/1 274/254/1 233/253/1
f 232/255/1 233/253/1 274/254/1
f 274/254/1 275/256/1 232/255/1
f 231/257/1 232/255/1 275/256/1
f 275/256/1 276/243/1 231/257/1
f 276/243/1 230/245/1 231/257/1
f 228/247/1 280/248/1 227/258/1
f 280/248/1 281/259/1 227/258/1
f 226/260/1 227/258/1 281/259/1
f 281/259/1 282/261/1 226/260/1
f 282/261/1 283/262/1 226/260/1
f 225/263/1 226/260/1 283/262/1
f 283/262/1 284/264/1 225/263/1
f 224/265/1 225/263/1 284/264/1
f 284/264/1 285/152/1 224/265/1
f 223/236/1 224/265/1 285/152/1
f 286/242/1 223/236/1 285/152/1
f 239/223/1 267/222/1 268/266/1
f 238/267/1 239/223/1 268/266/1
f 268/266/1 269/239/1 238/267/1
f 269/239/1 237/241/1 238/267/1
f 222/177/1 288/238/1 221/224/1
f 289/225/1 221/224/1 288/238/1
f 292/17/1 215/115/1 291/235/1
f 216/234/1 291/235/1 215/115/1
f 379/122/1 380/123/1 378/124/1
f 330/125/1 331/126/1 332/127/1
f 332/127/1 333/128/1 330/125/1
f 333/128/1 334/129/1 330/125/1
f 337/2/1 338/130/1 327/131/1
f 326/113/1 327/131/1 338/130/1
f 338/130/1 325/132/1 326/113/1
f 330/125/1 334/129/1 335/133/1
f 329/134/1 330/125/1 335/133/1
f 335/133/1 336/135/1 329/134/1
f 328/136/1 329/134/1 336/135/1
f 336/135/1 337/2/1 328/136/1
f 337/2/1 327/131/1 328/136/1
f 320/137/1 342/138/1 319/139/1
f 321/140/1 341/141/1 342/138/1
f 342/138/1 320/137/1 321/140/1
f 323/142/1 340/143/1 341/141/1
f 322/144/1 323/142/1 341/141/1
f 341/141/1 321/140/1 322/144/1
f 344/145/1 318/146/1 343/147/1
f 345/148/1 317/149/1 344/145/1
f 318/146/1 344/145/1 317/149/1
f 294/150/1 295/151/1 373/152/1
f 372/153/1 373/152/1 295/151/1
f 295/151/1 371/154/1 372/153/1
f 319/139/1 342/138/1 343/147/1
f 343/147/1 318/146/1 319/139/1
f 378/124/1 380/123/1 294/150/1
f 377/155/1 378/124/1 294/150/1
f 376/156/1 377/155/1 294/150/1
f 375/157/1 376/156/1 294/150/1
f 374/158/1 375/157/1 294/150/1
f 294/150/1 373/152/1 374/158/1
f 325/132/1 338/130/1 339/159/1
f 324/160/1 325/132/1 339/159/1
f 339/159/1 340/143/1 324/160/1
f 340/143/1 323/142/1 324/160/1
f 356/161/1 357/162/1 304/10/1
f 304/10/1 305/163/1 356/161/1
f 355/164/1 356/161/1 305/163/1
f 305/163/1 306/165/1 355/164/1
f 354/166/1 355/164/1 306/165/1
f 306/165/1 307/167/1 354/166/1
f 367/168/1 368/169/1 298/170/1
f 298/170/1 299/171/1 367/168/1
f 366/172/1 367/168/1 299/171/1
f 365/173/1 366/172/1 299/171/1
f 299/171/1 300/174/1 365/173/1
f 364/175/1 365/173/1 300/174/1
f 363/176/1 364/175/1 300/174/1
f 300/174/1 301/177/1 363/176/1
f 362/178/1 363/176/1 301/177/1
f 361/179/1 362/178/1 301/177/1
f 301/177/1 302/180/1 361/179/1
f 360/181/1 361/179/1 302/180/1
f 302/180/1 303/182/1 360/181/1
f 359/110/1 360/181/1 303/182/1
f 358/183/1 359/110/1 303/182/1
f 303/182/1 304/10/1 358/183/1
f 304/10/1 357/162/1 358/183/1
f 354/166/1 307/167/1 353/184/1
f 307/167/1 308/185/1 353/184/1
f 352/186/1 353/184/1 308/185/1
f 308/185/1 309/187/1 352/186/1
f 351/188/1 352/186/1 309/187/1
f 309/187/1 310/189/1 351/188/1
f 350/190/1 351/188/1 310/189/1
f 310/189/1 311/191/1 350/190/1
f 349/192/1 350/190/1 311/191/1
f 311/191/1 312/193/1 349/192/1
f 348/1/1 349/192/1 312/193/1
f 312/193/1 313/194/1 348/1/1
f 313/194/1 314/195/1 348/1/1
f 347/196/1 348/1/1 314/195/1
f 315/80/1 347/196/1 314/195/1
f 294/150/1 380/123/1 381/17/1
f 371/154/1 295/151/1 296/197/1
f 370/72/1 371/154/1 296/197/1
f 296/197/1 297/198/1 370/72/1
f 369/199/1 370/72/1 297/198/1
f 297/198/1 298/170/1 369/199/1
f 298/170/1 368/169/1 369/199/1
f 347/196/1 315/80/1 346/200/1
f 315/80/1 316/201/1 346/200/1
f 345/148/1 346/200/1 316/201/1
f 317/149/1 345/148/1 316/201/1
f 381/17/1 293/115/1 294/150/1
f 458/268/1 459/269/1 410/270/1
f 463/271/1 464/272/1 406/273/1
f 406/273/1 407/274/1 463/271/1
f 462/275/1 463/271/1 407/274/1
f 407/274/1 408/276/1 462/275/1
f 461/277/1 462/275/1 408/276/1
f 460/278/1 461/277/1 408/276/1
f 408/276/1 409/279/1 460/278/1
f 459/269/1 460/278/1 409/279/1
f 410/270/1 459/269/1 409/279/1
f 458/268/1 410/270/1 411/280/1
f 457/281/1 458/268/1 411/280/1
f 411/280/1 412/282/1 457/281/1
f 456/283/1 457/281/1 412/282/1
f 412/282/1 413/284/1 456/283/1
f 455/285/1 456/283/1 413/284/1
f 413/284/1 414/286/1 455/285/1
f 454/287/1 455/285/1 414/286/1
f 414/286/1 415/288/1 454/287/1
f 415/288/1 453/289/1 454/287/1
f 418/290/1 419/291/1 450/292/1
f 468/293/1 402/294/1 467/295/1
f 402/294/1 403/296/1 467/295/1
f 451/297/1 417/298/1 418/290/1
f 418/290/1 450/292/1 451/297/1
f 449/299/1 420/300/1 448/301/1
f 399/302/1 471/303/1 398/304/1
f 471/303/1 399/302/1 470/305/1
f 400/306/1 470/305/1 399/302/1
f 448/301/1 420/300/1 421/307/1
f 421/307/1 422/308/1 448/301/1
f 422/308/1 447/309/1 448/301/1
f 470/305/1 400/306/1 469/310/1
f 400/306/1 401/311/1 469/310/1
f 468/293/1 469/310/1 401/311/1
f 402/294/1 468/293/1 401/311/1
f 420/300/1 449/299/1 419/291/1
f 450/292/1 419/291/1 449/299/1
f 467/295/1 403/296/1 466/312/1
f 403/296/1 404/313/1 466/312/1
f 465/314/1 466/312/1 404/313/1
f 404/313/1 405/315/1 465/314/1
f 464/272/1 465/314/1 405/315/1
f 406/273/1 464/272/1 405/315/1
f 453/289/1 415/288/1 416/316/1
f 452/317/1 453/289/1 416/316/1
f 416/316/1 417/298/1 452/317/1
f 417/298/1 451/297/1 452/317/1
f 425/318/1 444/319/1 424/320/1
f 445/321/1 424/320/1 444/319/1
f 397/322/1 472/323/1 473/324/1
f 396/325/1 397/322/1 473/324/1
f 473/324/1 395/326/1 396/325/1
f 394/327/1 474/328/1 475/329/1
f 475/329/1 393/330/1 394/327/1
f 391/331/1 392/332/1 476/333/1
f 476/333/1 392/332/1 475/329/1
f 393/330/1 475/329/1 392/332/1
f 427/334/1 441/335/1 426/336/1
f 441/335/1 442/337/1 426/336/1
f 395/326/1 473/324/1 474/328/1
f 474/328/1 394/327/1 395/326/1
f 426/336/1 442/337/1 425/318/1
f 442/337/1 443/338/1 425/318/1
f 444/319/1 425/318/1 443/338/1
f 388/339/1 389/340/1 478/341/1
f 478/341/1 479/342/1 388/339/1
f 479/342/1 387/343/1 388/339/1
f 428/344/1 429/345/1 439/346/1
f 440/347/1 428/344/1 439/346/1
f 434/348/1 435/349/1 433/350/1
f 433/350/1 435/349/1 432/351/1
f 435/349/1 436/352/1 432/351/1
f 431/353/1 432/351/1 436/352/1
f 437/354/1 431/353/1 436/352/1
f 387/343/1 479/342/1 480/355/1
f 386/356/1 387/343/1 480/355/1
f 480/355/1 481/357/1 386/356/1
f 481/357/1 482/358/1 386/356/1
f 482/358/1 483/17/1 386/356/1
f 385/359/1 386/356/1 483/17/1
f 483/17/1 382/115/1 385/359/1
f 431/353/1 437/354/1 430/360/1
f 437/354/1 438/361/1 430/360/1
f 429/345/1 430/360/1 438/361/1
f 439/346/1 429/345/1 438/361/1
f 391/331/1 476/333/1 477/362/1
f 390/363/1 391/331/1 477/362/1
f 477/362/1 478/341/1 390/363/1
f 478/341/1 389/340/1 390/363/1
f 383/364/1 384/365/1 385/359/1
f 385/359/1 382/115/1 383/364/1
f 428/344/1 440/347/1 427/334/1
f 441/335/1 427/334/1 440/347/1
f 398/304/1 471/303/1 472/323/1
f 472/323/1 397/322/1 398/304/1
f 424/320/1 445/321/1 423/366/1
f 445/321/1 446/367/1 423/366/1
f 422/308/1 423/366/1 446/367/1
f 447/309/1 422/308/1 446/367/1
f 512/368/1 513/369/1 553/370/1
f 553/370/1 554/371/1 512/368/1
f 511/372/1 512/368/1 554/371/1
f 554/371/1 555/373/1 511/372/1
f 510/374/1 511/372/1 555/373/1
f 555/373/1 556/375/1 510/374/1
f 509/376/1 510/374/1 556/375/1
f 508/377/1 509/376/1 556/375/1
f 556/375/1 557/378/1 508/377/1
f 507/379/1 508/377/1 557/378/1
f 557/378/1 558/380/1 507/379/1
f 506/381/1 507/379/1 558/380/1
f 558/380/1 559/382/1 506/381/1
f 505/383/1 506/381/1 559/382/1
f 559/382/1 560/384/1 505/383/1
f 504/385/1 505/383/1 560/384/1
f 560/384/1 561/386/1 504/385/1
f 503/387/1 504/385/1 561/386/1
f 517/388/1 549/389/1 516/390/1
f 549/389/1 550/391/1 516/390/1
f 564/392/1 565/393/1 500/394/1
f 565/393/1 499/395/1 500/394/1
f 548/396/1 518/397/1 547/398/1
f 567/399/1 498/400/1 566/401/1
f 520/402/1 546/403/1 519/404/1
f 569/405/1 496/406/1 568/407/1
f 497/408/1 568/407/1 496/406/1
f 547/398/1 518/397/1 519/404/1
f 519/404/1 546/403/1 547/398/1
f 568/407/1 497/408/1 567/399/1
f 498/400/1 567/399/1 497/408/1
f 518/397/1 548/396/1 517/388/1
f 549/389/1 517/388/1 548/396/1
f 499/395/1 565/393/1 566/401/1
f 566/401/1 498/400/1 499/395/1
f 516/390/1 550/391/1 515/409/1
f 550/391/1 551/410/1 515/409/1
f 514/411/1 515/409/1 551/410/1
f 551/410/1 552/412/1 514/411/1
f 513/369/1 514/411/1 552/412/1
f 553/370/1 513/369/1 552/412/1
f 503/387/1 561/386/1 562/413/1
f 502/414/1 503/387/1 562/413/1
f 562/413/1 563/415/1 502/414/1
f 501/416/1 502/414/1 563/415/1
f 563/415/1 564/392/1 501/416/1
f 564/392/1 500/394/1 501/416/1
f 521/417/1 544/418/1 545/419/1
f 495/420/1 570/421/1 494/422/1
f 572/423/1 493/424/1 571/425/1
f 544/418/1 521/417/1 522/426/1
f 522/426/1 543/427/1 544/418/1
f 494/422/1 570/421/1 571/425/1
f 571/425/1 493/424/1 494/422/1
f 541/428/1 524/429/1 525/430/1
f 525/430/1 540/431/1 541/428/1
f 574/432/1 490/433/1 573/434/1
f 491/435/1 573/434/1 490/433/1
f 543/427/1 522/426/1 523/436/1
f 542/437/1 543/427/1 523/436/1
f 523/436/1 524/429/1 542/437/1
f 524/429/1 541/428/1 542/437/1
f 573/434/1 491/435/1 572/423/1
f 491/435/1 492/438/1 572/423/1
f 493/424/1 572/423/1 492/438/1
f 577/439/1 487/440/1 576/441/1
f 488/442/1 576/441/1 487/440/1
f 532/443/1 533/444/1 534/445/1
f 581/17/1 484/115/1 580/446/1
f 532/443/1 534/445/1 535/447/1
f 580/446/1 484/115/1 579/448/1
f 485/449/1 579/448/1 484/115/1
f 538/450/1 528/451/1 529/452/1
f 537/453/1 538/450/1 529/452/1
f 529/452/1 530/454/1 537/453/1
f 536/455/1 537/453/1 530/454/1
f 530/454/1 531/456/1 536/455/1
f 531/456/1 532/443/1 536/455/1
f 532/443/1 535/447/1 536/455/1
f 579/448/1 485/449/1 578/457/1
f 485/449/1 486/458/1 578/457/1
f 577/439/1 578/457/1 486/458/1
f 487/440/1 577/439/1 486/458/1
f 540/431/1 525/430/1 526/459/1
f 539/460/1 540/431/1 526/459/1
f 526/459/1 527/461/1 539/460/1
f 527/461/1 528/451/1 539/460/1
f 528/451/1 538/450/1 539/460/1
f 576/441/1 488/442/1 575/462/1
f 488/442/1 489/463/1 575/462/1
f 574/432/1 575/462/1 489/463/1
f 490/433/1 574/432/1 489/463/1
f 521/417/1 545/419/1 520/402/1
f 546/403/1 520/402/1 545/419/1
f 570/421/1 495/420/1 569/405/1
f 496/406/1 569/405/1 495/420/1
f 610/464/1 611/465/1 612/466/1
f 607/467/1 608/468/1 610/464/1
f 609/469/1 610/464/1 608/468/1
f 606/470/1 613/471/1 614/472/1
f 615/473/1 605/474/1 614/472/1
f 606/470/1 614/472/1 605/474/1
f 610/464/1 612/466/1 613/471/1
f 607/467/1 610/464/1 613/471/1
f 613/471/1 606/470/1 607/467/1
f 621/475/1 622/476/1 620/477/1
f 620/477/1 622/476/1 619/478/1
f 616/36/1 604/479/1 615/473/1
f 605/474/1 615/473/1 604/479/1
f 595/480/1 596/481/1 598/482/1
f 597/483/1 598/482/1 596/481/1
f 630/484/1 590/485/1 629/486/1
f 591/487/1 629/486/1 590/485/1
f 633/17/1 586/488/1 632/489/1
f 632/489/1 586/488/1 631/490/1
f 589/491/1 631/490/1 586/488/1
f 588/492/1 589/491/1 586/488/1
f 586/488/1 587/493/1 588/492/1
f 631/490/1 589/491/1 630/484/1
f 590/485/1 630/484/1 589/491/1
f 629/486/1 591/487/1 628/494/1
f 592/495/1 628/494/1 591/487/1
f 583/496/1 584/497/1 585/498/1
f 585/498/1 582/115/1 583/496/1
f 623/499/1 624/500/1 622/476/1
f 624/500/1 625/501/1 622/476/1
f 619/478/1 622/476/1 625/501/1
f 618/502/1 619/478/1 625/501/1
f 625/501/1 626/503/1 618/502/1
f 617/504/1 618/502/1 626/503/1
f 626/503/1 627/505/1 617/504/1
f 616/36/1 617/504/1 627/505/1
f 627/505/1 628/494/1 616/36/1
f 628/494/1 592/495/1 616/36/1
f 604/479/1 616/36/1 592/495/1
f 603/506/1 604/479/1 592/495/1
f 592/495/1 593/507/1 603/506/1
f 602/508/1 603/506/1 593/507/1
f 593/507/1 594/509/1 602/508/1
f 601/510/1 602/508/1 594/509/1
f 594/509/1 595/480/1 601/510/1
f 595/480/1 598/482/1 601/510/1
f 600/511/1 601/510/1 598/482/1
f 599/99/1 600/511/1 598/482/1
f 692/512/1 693/513/1 695/514/1
f 694/515/1 695/514/1 693/513/1
f 701/516/1 687/517/1 700/518/1
f 687/517/1 688/519/1 700/518/1
f 699/520/1 700/518/1 688/519/1
f 699/520/1 688/519/1 698/521/1
f 688/519/1 689/522/1 698/521/1
f 697/523/1 698/521/1 689/522/1
f 689/522/1 690/524/1 697/523/1
f 696/525/1 697/523/1 690/524/1
f 690/524/1 691/212/1 696/525/1
f 695/514/1 696/525/1 691/212/1
f 692/512/1 695/514/1 691/212/1
f 657/526/1 658/527/1 743/528/1
f 743/528/1 744/529/1 657/526/1
f 656/530/1 657/526/1 744/529/1
f 755/531/1 646/532/1 754/533/1
f 683/534/1 706/535/1 682/536/1
f 706/535/1 683/534/1 705/537/1
f 684/538/1 705/537/1 683/534/1
f 753/539/1 754/533/1 647/540/1
f 754/533/1 646/532/1 647/540/1
f 705/537/1 684/538/1 704/541/1
f 703/542/1 704/541/1 684/538/1
f 685/543/1 703/542/1 684/538/1
f 734/544/1 735/545/1 664/546/1
f 751/547/1 752/548/1 648/549/1
f 752/548/1 753/539/1 648/549/1
f 753/539/1 647/540/1 648/549/1
f 703/542/1 685/543/1 702/550/1
f 685/543/1 686/551/1 702/550/1
f 701/516/1 702/550/1 686/551/1
f 687/517/1 701/516/1 686/551/1
f 664/546/1 735/545/1 663/552/1
f 735/545/1 736/553/1 663/552/1
f 736/553/1 737/554/1 663/552/1
f 662/555/1 663/552/1 737/554/1
f 737/554/1 738/556/1 662/555/1
f 661/557/1 662/555/1 738/556/1
f 738/556/1 739/558/1 661/557/1
f 739/558/1 740/559/1 661/557/1
f 660/560/1 661/557/1 740/559/1
f 740/559/1 741/561/1 660/560/1
f 659/562/1 660/560/1 741/561/1
f 741/561/1 742/563/1 659/562/1
f 658/527/1 659/562/1 742/563/1
f 743/528/1 658/527/1 742/563/1
f 656/530/1 744/529/1 745/564/1
f 655/565/1 656/530/1 745/564/1
f 745/564/1 746/566/1 655/565/1
f 654/567/1 655/565/1 746/566/1
f 653/260/1 654/567/1 746/566/1
f 746/566/1 747/568/1 653/260/1
f 652/569/1 653/260/1 747/568/1
f 747/568/1 748/259/1 652/569/1
f 651/570/1 652/569/1 748/259/1
f 748/259/1 749/571/1 651/570/1
f 650/572/1 651/570/1 749/571/1
f 749/571/1 750/573/1 650/572/1
f 649/574/1 650/572/1 750/573/1
f 750/573/1 751/547/1 649/574/1
f 751/547/1 648/549/1 649/574/1
f 681/575/1 707/576/1 708/577/1
f 680/578/1 681/575/1 708/577/1
f 708/577/1 679/579/1 680/578/1
f 758/580/1 643/581/1 757/582/1
f 643/581/1 644/583/1 757/582/1
f 756/584/1 757/582/1 644/583/1
f 645/585/1 756/584/1 644/583/1
f 679/579/1 708/577/1 709/586/1
f 678/587/1 679/579/1 709/586/1
f 732/588/1 666/589/1 731/590/1
f 759/591/1 641/592/1 758/580/1
f 641/592/1 642/593/1 758/580/1
f 643/581/1 758/580/1 642/593/1
f 762/594/1 763/595/1 636/596/1
f 636/596/1 637/597/1 762/594/1
f 767/17/1 634/115/1 766/598/1
f 766/598/1 634/115/1 765/599/1
f 764/600/1 765/599/1 634/115/1
f 634/115/1 635/601/1 764/600/1
f 763/595/1 764/600/1 635/601/1
f 636/596/1 763/595/1 635/601/1
f 678/587/1 709/586/1 710/209/1
f 677/602/1 678/587/1 710/209/1
f 710/209/1 711/603/1 677/602/1
f 676/604/1 677/602/1 711/603/1
f 711/603/1 712/605/1 676/604/1
f 675/606/1 676/604/1 712/605/1
f 712/605/1 713/607/1 675/606/1
f 674/608/1 675/606/1 713/607/1
f 713/607/1 714/609/1 674/608/1
f 673/610/1 674/608/1 714/609/1
f 714/609/1 715/611/1 673/610/1
f 715/611/1 716/612/1 673/610/1
f 672/241/1 673/610/1 716/612/1
f 716/612/1 717/613/1 672/241/1
f 671/614/1 672/241/1 717/613/1
f 717/613/1 718/615/1 671/614/1
f 670/616/1 671/614/1 718/615/1
f 718/615/1 719/617/1 670/616/1
f 719/617/1 720/618/1 670/616/1
f 720/618/1 721/619/1 670/616/1
f 721/619/1 722/620/1 670/616/1
f 669/621/1 670/616/1 722/620/1
f 722/620/1 723/622/1 669/621/1
f 723/622/1 724/623/1 669/621/1
f 724/623/1 725/624/1 669/621/1
f 725/624/1 726/625/1 669/621/1
f 726/625/1 727/626/1 669/621/1
f 668/627/1 669/621/1 727/626/1
f 727/626/1 728/628/1 668/627/1
f 728/628/1 729/240/1 668/627/1
f 667/629/1 668/627/1 729/240/1
f 729/240/1 730/630/1 667/629/1
f 666/589/1 667/629/1 730/630/1
f 731/590/1 666/589/1 730/630/1
f 762/594/1 637/597/1 761/631/1
f 637/597/1 638/632/1 761/631/1
f 638/632/1 639/633/1 761/631/1
f 760/634/1 761/631/1 639/633/1
f 639/633/1 640/635/1 760/634/1
f 759/591/1 760/634/1 640/635/1
f 641/592/1 759/591/1 640/635/1
f 682/536/1 706/535/1 707/576/1
f 707/576/1 681/575/1 682/536/1
f 666/589/1 732/588/1 665/636/1
f 732/588/1 733/637/1 665/636/1
f 664/546/1 665/636/1 733/637/1
f 734/544/1 664/546/1 733/637/1
f 756/584/1 645/585/1 755/531/1
f 646/532/1 755/531/1 645/585/1
f 826/512/1 827/513/1 829/514/1
f 828/515/1 829/514/1 827/513/1
f 835/516/1 821/517/1 834/518/1
f 821/517/1 822/519/1 834/518/1
f 833/520/1 834/518/1 822/519/1
f 833/520/1 822/519/1 832/521/1
f 822/519/1 823/522/1 832/521/1
f 831/523/1 832/521/1 823/522/1
f 823/522/1 824/524/1 831/523/1
f 830/525/1 831/523/1 824/524/1
f 824/524/1 825/212/1 830/525/1
f 829/514/1 830/525/1 825/212/1
f 826/512/1 829/514/1 825/212/1
f 791/526/1 792/527/1 877/528/1
f 877/528/1 878/529/1 791/526/1
f 790/530/1 791/526/1 878/529/1
f 889/531/1 780/532/1 888/533/1
f 817/534/1 840/535/1 816/536/1
f 840/535/1 817/534/1 839/537/1
f 818/538/1 839/537/1 817/534/1
f 887/539/1 888/533/1 781/540/1
f 888/533/1 780/532/1 781/540/1
f 839/537/1 818/538/1 838/541/1
f 837/542/1 838/541/1 818/538/1
f 819/543/1 837/542/1 818/538/1
f 868/544/1 869/545/1 798/546/1
f 885/547/1 886/548/1 782/549/1
f 886/548/1 887/539/1 782/549/1
f 887/539/1 781/540/1 782/549/1
f 837/542/1 819/543/1 836/550/1
f 819/543/1 820/551/1 836/550/1
f 835/516/1 836/550/1 820/551/1
f 821/517/1 835/516/1 820/551/1
f 798/546/1 869/545/1 797/552/1
f 869/545/1 870/553/1 797/552/1
f 870/553/1 871/554/1 797/552/1
f 796/555/1 797/552/1 871/554/1
f 871/554/1 872/556/1 796/555/1
f 795/557/1 796/555/1 872/556/1
f 872/556/1 873/558/1 795/557/1
f 873/558/1 874/559/1 795/557/1
f 794/560/1 795/557/1 874/559/1
f 874/559/1 875/561/1 794/560/1
f 793/562/1 794/560/1 875/561/1
f 875/561/1 876/563/1 793/562/1
f 792/527/1 793/562/1 876/563/1
f 877/528/1 792/527/1 876/563/1
f 790/530/1 878/529/1 879/564/1
f 789/565/1 790/530/1 879/564/1
f 879/564/1 880/566/1 789/565/1
f 788/567/1 789/565/1 880/566/1
f 787/260/1 788/567/1 880/566/1
f 880/566/1 881/568/1 787/260/1
f 786/569/1 787/260/1 881/568/1
f 881/568/1 882/259/1 786/569/1
f 785/570/1 786/569/1 882/259/1
f 882/259/1 883/571/1 785/570/1
f 784/572/1 785/570/1 883/571/1
f 883/571/1 884/573/1 784/572/1
f 783/574/1 784/572/1 884/573/1
f 884/573/1 885/547/1 783/574/1
f 885/547/1 782/549/1 783/574/1
f 815/575/1 841/576/1 842/577/1
f 814/578/1 815/575/1 842/577/1
f 842/577/1 813/579/1 814/578/1
f 892/580/1 777/581/1 891/582/1
f 777/581/1 778/583/1 891/582/1
f 890/584/1 891/582/1 778/583/1
f 779/585/1 890/584/1 778/583/1
f 813/579/1 842/577/1 843/586/1
f 812/587/1 813/579/1 843/586/1
f 866/588/1 800/589/1 865/590/1
f 893/591/1 775/592/1 892/580/1
f 775/592/1 776/593/1 892/580/1
f 777/581/1 892/580/1 776/593/1
f 896/594/1 897/595/1 770/596/1
f 770/596/1 771/597/1 896/594/1
f 901/17/1 768/115/1 900/598/1
f 900/598/1 768/115/1 899/599/1
f 898/600/1 899/599/1 768/115/1
f 768/115/1 769/601/1 898/600/1
f 897/595/1 898/600/1 769/601/1
f 770/596/1 897/595/1 769/601/1
f 812/587/1 843/586/1 844/209/1
f 811/602/1 812/587/1 844/209/1
f 844/209/1 845/603/1 811/602/1
f 810/604/1 811/602/1 845/603/1
f 845/603/1 846/605/1 810/604/1
f 809/606/1 810/604/1 846/605/1
f 846/605/1 847/607/1 809/606/1
f 808/608/1 809/606/1 847/607/1
f 847/607/1 848/609/1 808/608/1
f 807/610/1 808/608/1 848/609/1
f 848/609/1 849/611/1 807/610/1
f 849/611/1 850/612/1 807/610/1
f 806/241/1 807/610/1 850/612/1
f 850/612/1 851/613/1 806/241/1
f 805/614/1 806/241/1 851/613/1
f 851/613/1 852/615/1 805/614/1
f 804/616/1 805/614/1 852/615/1
f 852/615/1 853/617/1 804/616/1
f 853/617/1 854/618/1 804/616/1
f 854/618/1 855/619/1 804/616/1
f 855/619/1 856/620/1 804/616/1
f 803/621/1 804/616/1 856/620/1
f 856/620/1 857/622/1 803/621/1
f 857/622/1 858/623/1 803/621/1
f 858/623/1 859/624/1 803/621/1
f 859/624/1 860/625/1 803/621/1
f 860/625/1 861/626/1 803/621/1
f 802/627/1 803/621/1 861/626/1
f 861/626/1 862/628/1 802/627/1
f 862/628/1 863/240/1 802/627/1
f 801/629/1 802/627/1 863/240/1
f 863/240/1 864/630/1 801/629/1
f 800/589/1 801/629/1 864/630/1
f 865/590/1 800/589/1 864/630/1
f 896/594/1 771/597/1 895/631/1
f 771/597/1 772/632/1 895/631/1
f 772/632/1 773/633/1 895/631/1
f 894/634/1 895/631/1 773/633/1
f 773/633/1 774/635/1 894/634/1
f 893/591/1 894/634/1 774/635/1
f 775/592/1 893/591/1 774/635/1
f 816/536/1 840/535/1 841/576/1
f 841/576/1 815/575/1 816/536/1
f 800/589/1 866/588/1 799/636/1
f 866/588/1 867/637/1 799/636/1
f 798/546/1 799/636/1 867/637/1
f 868/544/1 798/546/1 867/637/1
f 890/584/1 779/585/1 889/531/1
f 780/532/1 889/531/1 779/585/1
f 918/638/1 919/639/1 982/566/1
f 982/566/1 983/640/1 918/638/1
f 917/565/1 918/638/1 983/640/1
f 983/640/1 984/641/1 917/565/1
f 916/642/1 917/565/1 984/641/1
f 915/643/1 916/642/1 984/641/1
f 984/641/1 985/644/1 915/643/1
f 914/645/1 915/643/1 985/644/1
f 985/644/1 986/646/1 914/645/1
f 913/647/1 914/645/1 986/646/1
f 986/646/1 987/539/1 913/647/1
f 912/549/1 913/647/1 987/539/1
f 987/539/1 988/648/1 912/549/1
f 911/649/1 912/549/1 988/648/1
f 988/648/1 989/650/1 911/649/1
f 910/651/1 911/649/1 989/650/1
f 989/650/1 990/652/1 910/651/1
f 909/653/1 910/651/1 990/652/1
f 923/654/1 978/94/1 922/555/1
f 978/94/1 979/655/1 922/555/1
f 993/656/1 994/657/1 906/658/1
f 994/657/1 905/659/1 906/658/1
f 977/558/1 924/660/1 976/661/1
f 995/662/1 996/663/1 904/664/1
f 976/661/1 924/660/1 925/665/1
f 925/665/1 975/666/1 976/661/1
f 997/17/1 903/667/1 996/663/1
f 904/664/1 996/663/1 903/667/1
f 924/660/1 977/558/1 923/654/1
f 978/94/1 923/654/1 977/558/1
f 905/659/1 994/657/1 995/662/1
f 995/662/1 904/664/1 905/659/1
f 922/555/1 979/655/1 921/65/1
f 979/655/1 980/668/1 921/65/1
f 920/669/1 921/65/1 980/668/1
f 980/668/1 981/670/1 920/669/1
f 919/639/1 920/669/1 981/670/1
f 982/566/1 919/639/1 981/670/1
f 909/653/1 990/652/1 991/671/1
f 908/672/1 909/653/1 991/671/1
f 991/671/1 992/634/1 908/672/1
f 907/592/1 908/672/1 992/634/1
f 992/634/1 993/656/1 907/592/1
f 993/656/1 906/658/1 907/592/1
f 927/621/1 973/673/1 926/674/1
f 902/115/1 951/675/1 949/676/1
f 928/677/1 971/678/1 972/588/1
f 952/541/1 953/679/1 948/680/1
f 928/677/1 972/588/1 927/621/1
f 973/673/1 927/621/1 972/588/1
f 949/676/1 951/675/1 952/541/1
f 952/541/1 948/680/1 949/676/1
f 970/681/1 929/682/1 930/683/1
f 969/684/1 970/681/1 930/683/1
f 954/685/1 955/686/1 946/687/1
f 947/523/1 954/685/1 946/687/1
f 971/678/1 928/677/1 929/682/1
f 929/682/1 970/681/1 971/678/1
f 954/685/1 947/523/1 953/679/1
f 948/680/1 953/679/1 947/523/1
f 933/688/1 934/689/1 966/690/1
f 965/691/1 966/690/1 934/689/1
f 934/689/1 935/692/1 965/691/1
f 964/693/1 965/691/1 935/692/1
f 935/692/1 936/694/1 964/693/1
f 963/695/1 964/693/1 936/694/1
f 936/694/1 937/534/1 963/695/1
f 962/615/1 963/695/1 937/534/1
f 937/534/1 938/696/1 962/615/1
f 961/697/1 962/615/1 938/696/1
f 938/696/1 939/698/1 961/697/1
f 960/699/1 961/697/1 939/698/1
f 939/698/1 940/68/1 960/699/1
f 940/68/1 941/700/1 960/699/1
f 959/116/1 960/699/1 941/700/1
f 941/700/1 942/524/1 959/116/1
f 958/701/1 959/116/1 942/524/1
f 942/524/1 943/702/1 958/701/1
f 969/684/1 930/683/1 931/703/1
f 968/704/1 969/684/1 931/703/1
f 931/703/1 932/604/1 968/704/1
f 967/624/1 968/704/1 932/604/1
f 932/604/1 933/688/1 967/624/1
f 933/688/1 966/690/1 967/624/1
f 958/701/1 943/702/1 957/603/1
f 943/702/1 944/705/1 957/603/1
f 956/706/1 957/603/1 944/705/1
f 944/705/1 945/707/1 956/706/1
f 955/686/1 956/706/1 945/707/1
f 946/687/1 955/686/1 945/707/1
f 975/666/1 925/665/1 926/674/1
f 974/708/1 975/666/1 926/674/1
f 926/674/1 973/673/1 974/708/1
f 951/675/1 902/115/1 950/709/1
f 997/17/1 950/709/1 902/115/1
f 903/667/1 997/17/1 902/115/1
f 1000/710/1 1001/711/1 999/712/1
f 1001/711/1 1091/17/1 999/712/1
f 998/115/1 999/712/1 1091/17/1
f 1004/713/1 1090/714/1 1003/715/1
f 1002/716/1 1003/715/1 1090/714/1
f 1091/17/1 1001/711/1 1002/716/1
f 1002/716/1 1090/714/1 1091/17/1
f 998/115/1 1091/17/1 1065/717/1
f 1006/718/1 1089/719/1 1005/720/1
f 1006/718/1 1007/721/1 1088/722/1
f 1089/719/1 1006/718/1 1088/722/1
f 1068/723/1 1063/724/1 1067/725/1
f 1064/726/1 1067/725/1 1063/724/1
f 1005/720/1 1089/719/1 1004/713/1
f 1090/714/1 1004/713/1 1089/719/1
f 1067/725/1 1064/726/1 1066/727/1
f 1065/717/1 1066/727/1 1064/726/1
f 998/115/1 1065/717/1 1064/726/1
f 1085/728/1 1086/729/1 1040/730/1
f 1070/731/1 1071/732/1 1060/36/1
f 1061/733/1 1070/731/1 1060/36/1
f 1009/734/1 1040/730/1 1008/735/1
f 1007/721/1 1008/735/1 1040/730/1
f 1088/722/1 1007/721/1 1040/730/1
f 1087/736/1 1088/722/1 1040/730/1
f 1040/730/1 1086/729/1 1087/736/1
f 1070/731/1 1061/733/1 1069/737/1
f 1061/733/1 1062/738/1 1069/737/1
f 1068/723/1 1069/737/1 1062/738/1
f 1063/724/1 1068/723/1 1062/738/1
f 1033/739/1 1034/740/1 1013/741/1
f 1016/742/1 1017/743/1 1015/744/1
f 1017/743/1 1018/745/1 1015/744/1
f 1018/745/1 1019/746/1 1015/744/1
f 1019/746/1 1020/747/1 1015/744/1
f 1020/747/1 1021/748/1 1015/744/1
f 1021/748/1 1022/749/1 1015/744/1
f 1022/749/1 1023/750/1 1015/744/1
f 1023/750/1 1024/751/1 1015/744/1
f 1024/751/1 1025/752/1 1015/744/1
f 1025/752/1 1026/753/1 1015/744/1
f 1026/753/1 1027/754/1 1015/744/1
f 1015/744/1 1027/754/1 1014/755/1
f 1027/754/1 1028/756/1 1014/755/1
f 1028/756/1 1029/99/1 1014/755/1
f 1029/99/1 1030/757/1 1014/755/1
f 1030/757/1 1031/758/1 1014/755/1
f 1031/758/1 1032/759/1 1014/755/1
f 1013/741/1 1014/755/1 1032/759/1
f 1033/739/1 1013/741/1 1032/759/1
f 1052/760/1 1053/761/1 1078/762/1
f 1013/741/1 1034/740/1 1012/763/1
f 1034/740/1 1035/764/1 1012/763/1
f 1035/764/1 1036/765/1 1012/763/1
f 1011/766/1 1012/763/1 1036/765/1
f 1036/765/1 1037/767/1 1011/766/1
f 1037/767/1 1038/768/1 1011/766/1
f 1010/769/1 1011/766/1 1038/768/1
f 1038/768/1 1039/770/1 1010/769/1
f 1009/734/1 1010/769/1 1039/770/1
f 1040/730/1 1009/734/1 1039/770/1
f 1085/728/1 1040/730/1 1041/771/1
f 1041/771/1 1042/772/1 1085/728/1
f 1084/773/1 1085/728/1 1042/772/1
f 1042/772/1 1043/774/1 1084/773/1
f 1043/774/1 1044/775/1 1084/773/1
f 1083/776/1 1084/773/1 1044/775/1
f 1044/775/1 1045/777/1 1083/776/1
f 1082/778/1 1083/776/1 1045/777/1
f 1045/777/1 1046/779/1 1082/778/1
f 1046/779/1 1047/780/1 1082/778/1
f 1081/781/1 1082/778/1 1047/780/1
f 1047/780/1 1048/782/1 1081/781/1
f 1048/782/1 1049/783/1 1081/781/1
f 1080/784/1 1081/781/1 1049/783/1
f 1049/783/1 1050/785/1 1080/784/1
f 1079/786/1 1080/784/1 1050/785/1
f 1050/785/1 1051/787/1 1079/786/1
f 1051/787/1 1052/760/1 1079/786/1
f 1052/760/1 1078/762/1 1079/786/1
f 1078/762/1 1053/761/1 1077/788/1
f 1053/761/1 1054/789/1 1077/788/1
f 1076/790/1 1077/788/1 1054/789/1
f 1054/789/1 1055/791/1 1076/790/1
f 1075/792/1 1076/790/1 1055/791/1
f 1055/791/1 1056/793/1 1075/792/1
f 1074/794/1 1075/792/1 1056/793/1
f 1056/793/1 1057/795/1 1074/794/1
f 1073/796/1 1074/794/1 1057/795/1
f 1057/795/1 1058/797/1 1073/796/1
f 1072/798/1 1073/796/1 1058/797/1
f 1058/797/1 1059/799/1 1072/798/1
f 1071/732/1 1072/798/1 1059/799/1
f 1060/36/1 1071/732/1 1059/799/1
f 1100/162/1 1097/128/1 1099/192/1
f 1098/141/1 1099/192/1 1097/128/1
f 1097/128/1 1095/149/1 1096/132/1
f 1094/187/1 1103/17/1 1093/177/1
f 1101/173/1 1102/152/1 1103/17/1
f 1093/177/1 1103/17/1 1092/115/1
f 1101/173/1 1103/17/1 1100/162/1
f 1097/128/1 1100/162/1 1103/17/1
f 1103/17/1 1094/187/1 1097/128/1
f 1095/149/1 1097/128/1 1094/187/1
f 1155/800/1 1156/801/1 1126/802/1
f 1126/802/1 1127/803/1 1155/800/1
f 1154/804/1 1155/800/1 1127/803/1
f 1127/803/1 1128/805/1 1154/804/1
f 1153/2/1 1154/804/1 1128/805/1
f 1128/805/1 1178/806/1 1153/2/1
f 1152/807/1 1153/2/1 1178/806/1
f 1151/808/1 1152/807/1 1178/806/1
f 1178/806/1 1179/809/1 1151/808/1
f 1150/810/1 1151/808/1 1179/809/1
f 1179/809/1 1180/811/1 1150/810/1
f 1149/812/1 1150/810/1 1180/811/1
f 1180/811/1 1181/813/1 1149/812/1
f 1148/814/1 1149/812/1 1181/813/1
f 1119/815/1 1164/816/1 1118/260/1
f 1190/817/1 1141/818/1 1189/819/1
f 1164/816/1 1119/815/1 1163/820/1
f 1120/821/1 1163/820/1 1119/815/1
f 1142/822/1 1188/259/1 1189/819/1
f 1189/819/1 1141/818/1 1142/822/1
f 1163/820/1 1120/821/1 1162/823/1
f 1121/824/1 1162/823/1 1120/821/1
f 1186/825/1 1187/826/1 1144/827/1
f 1143/828/1 1144/827/1 1187/826/1
f 1187/826/1 1188/259/1 1143/828/1
f 1188/259/1 1142/822/1 1143/828/1
f 1162/823/1 1121/824/1 1161/829/1
f 1121/824/1 1122/830/1 1161/829/1
f 1160/209/1 1161/829/1 1122/830/1
f 1122/830/1 1123/831/1 1160/209/1
f 1159/832/1 1160/209/1 1123/831/1
f 1158/833/1 1159/832/1 1123/831/1
f 1123/831/1 1124/834/1 1158/833/1
f 1157/835/1 1158/833/1 1124/834/1
f 1124/834/1 1125/836/1 1157/835/1
f 1156/801/1 1157/835/1 1125/836/1
f 1126/802/1 1156/801/1 1125/836/1
f 1148/814/1 1181/813/1 1182/837/1
f 1147/838/1 1148/814/1 1182/837/1
f 1182/837/1 1183/839/1 1147/838/1
f 1146/212/1 1147/838/1 1183/839/1
f 1183/839/1 1184/840/1 1146/212/1
f 1184/840/1 1185/841/1 1146/212/1
f 1145/842/1 1146/212/1 1185/841/1
f 1185/841/1 1186/825/1 1145/842/1
f 1186/825/1 1144/827/1 1145/842/1
f 1117/843/1 1166/844/1 1116/845/1
f 1192/846/1 1140/847/1 1191/848/1
f 1116/845/1 1166/844/1 1167/849/1
f 1167/849/1 1115/850/1 1116/845/1
f 1193/851/1 1139/852/1 1192/846/1
f 1140/847/1 1192/846/1 1139/852/1
f 1113/853/1 1169/854/1 1170/855/1
f 1170/855/1 1112/856/1 1113/853/1
f 1115/850/1 1167/849/1 1168/857/1
f 1114/858/1 1115/850/1 1168/857/1
f 1168/857/1 1169/854/1 1114/858/1
f 1169/854/1 1113/853/1 1114/858/1
f 1193/851/1 1194/859/1 1138/860/1
f 1139/852/1 1193/851/1 1138/860/1
f 1173/861/1 1174/240/1 1110/862/1
f 1174/240/1 1109/863/1 1110/862/1
f 1105/864/1 1177/865/1 1104/115/1
f 1107/866/1 1176/867/1 1177/865/1
f 1106/868/1 1107/866/1 1177/865/1
f 1177/865/1 1105/864/1 1106/868/1
f 1109/863/1 1174/240/1 1175/869/1
f 1108/870/1 1109/863/1 1175/869/1
f 1175/869/1 1176/867/1 1108/870/1
f 1176/867/1 1107/866/1 1108/870/1
f 1129/871/1 1130/872/1 1202/17/1
f 1130/872/1 1131/873/1 1202/17/1
f 1201/874/1 1202/17/1 1131/873/1
f 1131/873/1 1132/241/1 1201/874/1
f 1112/856/1 1170/855/1 1171/875/1
f 1171/875/1 1172/876/1 1112/856/1
f 1111/877/1 1112/856/1 1172/876/1
f 1172/876/1 1173/861/1 1111/877/1
f 1173/861/1 1110/862/1 1111/877/1
f 1201/874/1 1132/241/1 1200/878/1
f 1199/879/1 1200/878/1 1132/241/1
f 1132/241/1 1133/880/1 1199/879/1
f 1198/881/1 1199/879/1 1133/880/1
f 1133/880/1 1134/882/1 1198/881/1
f 1197/883/1 1198/881/1 1134/882/1
f 1134/882/1 1135/884/1 1197/883/1
f 1196/885/1 1197/883/1 1135/884/1
f 1135/884/1 1136/886/1 1196/885/1
f 1195/887/1 1196/885/1 1136/886/1
f 1136/886/1 1137/888/1 1195/887/1
f 1194/859/1 1195/887/1 1137/888/1
f 1138/860/1 1194/859/1 1137/888/1
f 1166/844/1 1117/843/1 1165/889/1
f 1164/816/1 1165/889/1 1117/843/1
f 1118/260/1 1164/816/1 1117/843/1
f 1178/806/1 1128/805/1 1202/17/1
f 1141/818/1 1190/817/1 1191/848/1
f 1191/848/1 1140/847/1 1141/818/1
f 1129/871/1 1202/17/1 1128/805/1
f 1204/99/1 1205/36/1 1206/17/1
f 1206/17/1 1203/115/1 1204/99/1
f 1209/65/1 1210/91/1 1211/68/1
f 1211/68/1 1217/17/1 1209/65/1
f 1217/17/1 1208/16/1 1209/65/1
f 1207/115/1 1215/94/1 1216/64/1
f 1212/2/1 1213/116/1 1214/23/1
f 1212/2/1 1214/23/1 1216/64/1
f 1207/115/1 1216/64/1 1214/23/1
f 1212/2/1 1216/64/1 1211/68/1
f 1217/17/1 1211/68/1 1216/64/1
f 1208/16/1 1217/17/1 1215/94/1
f 1215/94/1 1207/115/1 1208/16/1
s 1
usemtl Material.002
f 1298/115/2 1218/115/2 1253/115/2 1313/115/2
f 1273/115/3 1259/115/3 1404/115/3 1427/115/3
f 1299/115/4 1221/115/4 1223/115/4 1300/115/4
f 1326/115/5 1261/115/5 1218/115/5 1325/115/5
f 1300/115/6 1223/115/6 1225/115/6 1301/115/6
f 1258/115/7 1219/115/7 1222/115/7 1262/115/7
f 1260/115/8 1405/115/8 1407/115/8 1263/115/8
f 1265/115/9 1411/115/9 1415/115/9 1267/115/9
f 1262/115/10 1222/115/10 1224/115/10 1264/115/10
f 1263/115/11 1407/115/11 1411/115/11 1265/115/11
f 1389/115/12 1382/115/12 1228/115/12 1303/115/12
f 1301/115/13 1225/115/13 1227/115/13 1302/115/13
f 1264/115/14 1224/115/14 1226/115/14 1266/115/14
f 1312/115/15 1248/115/15 1235/115/15 1306/115/15
f 1388/115/16 1383/115/16 1231/115/16 1304/115/16
f 1385/115/17 1387/115/17 1230/115/17 1268/115/17
f 1384/115/18 1386/115/18 1229/115/18 1269/115/18
f 1369/115/19 1362/115/19 1241/115/19 1275/115/19
f 1278/115/20 1251/115/20 1233/115/20 1271/115/20
f 1311/115/21 1250/115/21 1232/115/21 1305/115/21
f 1258/115/22 1272/115/22 1236/115/22 1219/115/22
f 1299/115/23 1307/115/23 1237/115/23 1221/115/23
f 1260/115/24 1273/115/24 1427/115/24 1405/115/24
f 1238/115/25 1323/115/25 1324/115/25 1308/115/25
f 1322/115/26 1321/115/26 1239/115/26
f 1320/115/27 1327/115/27 1323/115/27 1238/115/27
f 1316/115/28 1310/115/28 1243/115/28 1275/115/28
f 1371/115/29 1364/115/29 1240/115/29 1372/115/29 1309/115/29
f 1370/115/30 1363/115/30 1243/115/30 1310/115/30
f 1364/115/31 1232/115/31 1245/115/31 1366/115/31
f 1368/115/32 1367/115/32 1246/115/32 1277/115/32
f 1365/115/33 1242/115/33 1246/115/33 1367/115/33
f 1274/115/34 1240/115/35 1247/115/36 1277/115/37
f 1361/115/38 1355/115/38 1250/115/38 1311/115/38
f 1359/115/39 1357/115/39 1251/115/39 1278/115/39
f 1358/115/40 1354/115/40 1249/115/40 1279/115/40
f 1360/115/41 1356/115/41 1248/115/41 1312/115/41
f 1280/115/42 1252/115/42 1254/115/42 1282/115/42 1319/115/42
f 1261/115/43 1402/115/43 1447/115/43 1281/115/43
f 1259/115/44 1220/115/44 1252/115/44 1280/115/44
f 1282/115/45 1254/115/45 1256/115/45 1284/115/45
f 1281/115/46 1447/115/46 1450/115/46 1283/115/46
f 1313/115/47 1253/115/47 1255/115/47 1314/115/47
f 1283/115/48 1450/115/48 1453/115/48 1285/115/48
f 1314/115/49 1255/115/49 1257/115/49 1315/115/49
f 1319/115/50 1516/115/50 1445/115/50 1280/115/50
f 1255/115/51 1283/115/51 1285/115/51 1257/115/51
f 1253/115/52 1281/115/52 1283/115/52 1255/115/52
f 1404/115/53 1259/115/53 1280/115/53 1445/115/53
f 1218/115/54 1261/115/54 1281/115/54 1253/115/54
f 1355/115/55 1358/115/55 1279/115/55 1250/115/55
f 1356/115/56 1359/115/56 1278/115/56 1248/115/56
f 1242/115/57 1274/115/34 1277/115/37 1246/115/58
f 1232/115/59 1270/115/59 1276/115/59 1245/115/59
f 1366/115/60 1368/115/60 1277/115/60 1247/115/60
f 1309/115/61 1316/115/61 1275/115/61 1241/115/61
f 1221/115/62 1237/115/62 1273/115/62 1260/115/62
f 1403/115/63 1429/115/63 1272/115/63 1258/115/63
f 1248/115/64 1278/115/64 1271/115/64 1235/115/64
f 1363/115/65 1369/115/65 1275/115/65 1243/115/65
f 1383/115/66 1384/115/66 1269/115/66 1231/115/66
f 1382/115/67 1385/115/67 1268/115/67 1228/115/67
f 1410/115/68 1264/115/68 1266/115/68 1414/115/68
f 1223/115/69 1263/115/69 1265/115/69 1225/115/69
f 1406/115/70 1262/115/70 1264/115/70 1410/115/70
f 1225/115/71 1265/115/71 1267/115/71 1227/115/71
f 1221/115/72 1260/115/72 1263/115/72 1223/115/72
f 1403/115/73 1258/115/73 1262/115/73 1406/115/73
f 1524/115/74 1402/115/74 1261/115/74 1326/115/74
f 1237/115/75 1220/115/75 1259/115/75 1273/115/75
f 1294/115/76 1297/115/76 1291/115/76 1286/115/76
f 1295/115/77 1296/115/77 1290/115/77 1288/115/77
f 1296/115/78 1292/115/78 1287/115/78 1290/115/78
f 1297/115/79 1293/115/79 1289/115/79 1291/115/79
f 1318/115/80 1295/115/80 1288/115/80 1317/115/80
f 1302/115/81 1227/115/81 1295/115/81 1318/115/81
f 1266/115/82 1226/115/82 1293/115/82 1297/115/82
f 1267/115/83 1415/115/83 1292/115/83 1296/115/83
f 1227/115/84 1267/115/84 1296/115/84 1295/115/84
f 1414/115/85 1266/115/85 1297/115/85 1294/115/85
f 1226/115/86 1302/115/86 1318/115/86 1293/115/86
f 1514/115/87 1287/115/87 1292/115/87
f 1294/115/88 1514/115/88 1414/115/88
f 1293/115/89 1318/115/89 1317/115/89 1289/115/89
f 1240/115/35 1274/115/34 1316/115/90 1309/115/91 1372/115/91
f 1254/115/92 1314/115/92 1315/115/92 1256/115/92
f 1252/115/93 1313/115/93 1314/115/93 1254/115/93
f 1354/115/94 1360/115/94 1312/115/94 1249/115/94
f 1357/115/95 1361/115/95 1311/115/95 1251/115/95
f 1365/115/96 1370/115/96 1310/115/96 1242/115/96
f 1362/115/97 1371/115/97 1309/115/97 1241/115/97
f 1274/115/34 1242/115/57 1310/115/98 1316/115/90
f 1219/115/99 1236/115/99 1307/115/99 1299/115/99
f 1251/115/100 1311/115/100 1305/115/100 1233/115/100
f 1387/115/101 1388/115/101 1304/115/101 1230/115/101
f 1249/115/102 1312/115/102 1306/115/102 1234/115/102
f 1224/115/103 1301/115/103 1302/115/103 1226/115/103
f 1386/115/104 1389/115/104 1303/115/104 1229/115/104
f 1222/115/105 1300/115/105 1301/115/105 1224/115/105
f 1219/115/106 1299/115/106 1300/115/106 1222/115/106
f 1220/115/107 1298/115/107 1313/115/107 1252/115/107
f 1218/115/108 1298/115/108 1324/115/108 1323/115/108
f 1308/115/109 1351/115/109 1338/115/109 1238/115/109
f 1238/115/110 1338/115/110 1350/115/110 1320/115/110
f 1325/115/111 1218/115/111 1323/115/111 1327/115/111
f 1298/115/112 1220/115/112 1322/115/112 1324/115/112
f 1324/115/113 1322/115/113 1239/115/113 1308/115/113
f 1236/115/114 1325/115/114 1327/115/114 1320/115/114
f 1429/115/115 1524/115/115 1326/115/115 1272/115/115
f 1272/115/116 1326/115/116 1325/115/116 1236/115/116
f 1352/115/117 1336/115/117 1330/115/117 1335/115/117
f 1333/115/118 1334/115/118 1345/115/118 1344/115/118
f 1351/115/119 1337/115/119 1332/115/119 1331/115/119
f 1350/115/120 1338/115/120 1334/115/120 1333/115/120
f 1349/115/121 1339/115/121 1348/115/122 1329/115/123
f 1353/115/124 1344/115/124 1345/115/124 1342/115/124
f 1329/115/123 1348/115/122 1347/115/125 1340/115/125
f 1335/115/126 1330/115/126 1341/115/126 1346/115/126
f 1331/115/127 1332/115/127 1343/115/127 1342/115/127
f 1334/115/128 1331/115/128 1342/115/128 1345/115/128
f 1330/115/129 1329/115/129 1340/115/129 1341/115/129
f 1346/115/130 1353/115/131 1342/115/132 1343/115/132
f 1336/115/133 1349/115/133 1329/115/133 1330/115/133
f 1338/115/134 1351/115/134 1331/115/134 1334/115/134
f 1341/115/135 1340/115/135 1353/115/131 1346/115/130
f 1332/115/136 1335/115/136 1346/115/136 1343/115/136
f 1340/115/137 1347/115/137 1344/115/137 1353/115/137
f 1339/115/138 1350/115/138 1333/115/138 1348/115/138
f 1348/115/139 1333/115/139 1344/115/139 1347/115/139
f 1337/115/140 1352/115/140 1335/115/140 1332/115/140
f 1239/115/141 1337/115/141 1351/115/141 1308/115/141
f 1377/115/142 1381/115/142 1361/115/142 1357/115/142
f 1374/115/143 1380/115/143 1360/115/143 1354/115/143
f 1376/115/144 1379/115/144 1359/115/144 1356/115/144
f 1375/115/145 1378/115/145 1358/115/145 1355/115/145
f 1380/115/146 1376/115/146 1356/115/146 1360/115/146
f 1378/115/147 1374/115/147 1354/115/147 1358/115/147
f 1379/115/148 1377/115/148 1357/115/148 1359/115/148
f 1381/115/149 1375/115/149 1355/115/149 1361/115/149
f 1233/115/150 1305/115/150 1371/115/150 1362/115/150
f 1234/115/151 1306/115/151 1370/115/151 1365/115/151
f 1235/115/152 1271/115/152 1369/115/152 1363/115/152
f 1245/115/153 1276/115/153 1368/115/153 1366/115/153
f 1234/115/154 1365/115/154 1367/115/154 1244/115/154
f 1276/115/155 1244/115/155 1367/115/155 1368/115/155
f 1240/115/156 1364/115/156 1366/115/156 1247/115/156
f 1306/115/157 1235/115/157 1363/115/157 1370/115/157
f 1305/115/158 1232/115/158 1364/115/158 1371/115/158
f 1271/115/159 1233/115/159 1362/115/159 1369/115/159
f 1303/115/160 1228/115/160 1375/115/160 1381/115/160
f 1269/115/161 1229/115/161 1377/115/161 1379/115/161
f 1268/115/162 1230/115/162 1374/115/162 1378/115/162
f 1304/115/163 1231/115/163 1376/115/163 1380/115/163
f 1228/115/164 1268/115/164 1378/115/164 1375/115/164
f 1231/115/165 1269/115/165 1379/115/165 1376/115/165
f 1230/115/166 1304/115/166 1380/115/166 1374/115/166
f 1229/115/167 1303/115/167 1381/115/167 1377/115/167
f 1390/115/168 1397/115/168 1389/115/168 1386/115/168
f 1391/115/169 1396/115/169 1388/115/169 1387/115/169
f 1392/115/170 1395/115/170 1385/115/170 1382/115/170
f 1393/115/171 1394/115/171 1384/115/171 1383/115/171
f 1394/115/172 1390/115/172 1386/115/172 1384/115/172
f 1395/115/173 1391/115/173 1387/115/173 1385/115/173
f 1396/115/174 1393/115/174 1383/115/174 1388/115/174
f 1397/115/175 1392/115/175 1382/115/175 1389/115/175
f 1234/115/176 1244/115/176 1276/115/176 1270/115/176 1373/115/176 1279/115/176 1249/115/176
f 1232/115/177 1250/115/177 1279/115/177
f 1279/115/178 1373/115/178 1232/115/178
f 1373/115/179 1270/115/179 1232/115/179
f 1415/115/180 1514/115/180 1292/115/180
f 1294/115/88 1286/115/88 1514/115/88
f 1237/115/181 1307/115/181 1328/115/181
f 1352/115/182 1337/115/182 1239/115/182 1321/115/182
f 1320/115/183 1350/115/183 1339/115/183 1236/115/183
f 1307/115/184 1349/115/184 1336/115/184 1328/115/184
f 1236/115/185 1339/115/185 1349/115/185 1307/115/185
f 1328/115/186 1336/115/186 1352/115/186 1321/115/186
f 1220/115/187 1237/115/187 1328/115/187
f 1321/115/188 1322/115/188 1220/115/188
f 1220/115/189 1328/115/189 1321/115/189
f 1514/115/190 1286/115/190 1392/115/190 1397/115/190
f 1317/115/191 1288/115/191 1393/115/191 1396/115/191
f 1291/115/192 1289/115/192 1391/115/192 1395/115/192
f 1290/115/193 1287/115/193 1390/115/193 1394/115/193
f 1288/115/194 1290/115/194 1394/115/194 1393/115/194
f 1286/115/195 1291/115/195 1395/115/195 1392/115/195
f 1289/115/196 1317/115/196 1396/115/196 1391/115/196
f 1287/115/197 1514/115/197 1397/115/197 1390/115/197
f 1494/115/198 1509/115/198 1446/115/198 1398/115/198
f 1469/115/199 1427/115/199 1404/115/199 1455/115/199
f 1495/115/200 1496/115/200 1409/115/200 1401/115/200
f 1525/115/201 1523/115/201 1398/115/201 1457/115/201
f 1496/115/202 1497/115/202 1413/115/202 1409/115/202
f 1454/115/203 1458/115/203 1408/115/203 1399/115/203
f 1456/115/204 1459/115/204 1407/115/204 1405/115/204
f 1461/115/205 1463/115/205 1415/115/205 1411/115/205
f 1458/115/206 1460/115/206 1412/115/206 1408/115/206
f 1459/115/207 1461/115/207 1411/115/207 1407/115/207
f 1588/115/208 1499/115/208 1418/115/208 1581/115/208
f 1497/115/209 1498/115/209 1417/115/209 1413/115/209
f 1460/115/210 1462/115/210 1416/115/210 1412/115/210
f 1508/115/211 1502/115/211 1425/115/211 1440/115/211
f 1587/115/212 1500/115/212 1421/115/212 1582/115/212
f 1584/115/213 1464/115/213 1420/115/213 1586/115/213
f 1583/115/214 1465/115/214 1419/115/214 1585/115/214
f 1568/115/215 1471/115/215 1433/115/215 1561/115/215
f 1474/115/216 1467/115/216 1423/115/216 1443/115/216
f 1507/115/217 1501/115/217 1422/115/217 1442/115/217
f 1454/115/218 1399/115/218 1426/115/218 1468/115/218
f 1495/115/219 1401/115/219 1428/115/219 1503/115/219
f 1456/115/220 1405/115/220 1427/115/220 1469/115/220
f 1430/115/221 1504/115/221 1522/115/221 1521/115/221
f 1520/115/222 1431/115/222 1519/115/222
f 1518/115/223 1430/115/223 1521/115/223 1526/115/223
f 1512/115/224 1471/115/224 1435/115/224 1506/115/224
f 1570/115/225 1505/115/225 1571/115/225 1432/115/225 1563/115/225
f 1569/115/226 1506/115/226 1435/115/226 1562/115/226
f 1563/115/227 1565/115/227 1437/115/227 1422/115/227
f 1567/115/228 1473/115/228 1438/115/228 1566/115/228
f 1564/115/229 1566/115/229 1438/115/229 1434/115/229
f 1470/115/230 1473/115/231 1439/115/232 1432/115/233
f 1560/115/234 1507/115/234 1442/115/234 1554/115/234
f 1558/115/235 1474/115/235 1443/115/235 1556/115/235
f 1557/115/236 1475/115/236 1441/115/236 1553/115/236
f 1559/115/237 1508/115/237 1440/115/237 1555/115/237
f 1476/115/238 1517/115/238 1478/115/238 1448/115/238 1444/115/238
f 1457/115/239 1477/115/239 1447/115/239 1402/115/239
f 1455/115/240 1476/115/240 1444/115/240 1400/115/240
f 1478/115/241 1480/115/241 1451/115/241 1448/115/241
f 1477/115/242 1479/115/242 1450/115/242 1447/115/242
f 1509/115/243 1510/115/243 1449/115/243 1446/115/243
f 1479/115/244 1481/115/244 1453/115/244 1450/115/244
f 1510/115/245 1511/115/245 1452/115/245 1449/115/245
f 1517/115/246 1476/115/246 1445/115/246 1516/115/246
f 1449/115/247 1452/115/247 1481/115/247 1479/115/247
f 1446/115/248 1449/115/248 1479/115/248 1477/115/248
f 1404/115/249 1445/115/249 1476/115/249 1455/115/249
f 1398/115/250 1446/115/250 1477/115/250 1457/115/250
f 1554/115/251 1442/115/251 1475/115/251 1557/115/251
f 1555/115/252 1440/115/252 1474/115/252 1558/115/252
f 1434/115/253 1438/115/254 1473/115/231 1470/115/230
f 1422/115/255 1437/115/255 1472/115/255 1466/115/255
f 1565/115/256 1439/115/256 1473/115/256 1567/115/256
f 1505/115/257 1433/115/257 1471/115/257 1512/115/257
f 1401/115/258 1456/115/258 1469/115/258 1428/115/258
f 1403/115/259 1454/115/259 1468/115/259 1429/115/259
f 1440/115/260 1425/115/260 1467/115/260 1474/115/260
f 1562/115/261 1435/115/261 1471/115/261 1568/115/261
f 1582/115/262 1421/115/262 1465/115/262 1583/115/262
f 1581/115/263 1418/115/263 1464/115/263 1584/115/263
f 1410/115/264 1414/115/264 1462/115/264 1460/115/264
f 1409/115/265 1413/115/265 1461/115/265 1459/115/265
f 1406/115/266 1410/115/266 1460/115/266 1458/115/266
f 1413/115/267 1417/115/267 1463/115/267 1461/115/267
f 1401/115/268 1409/115/268 1459/115/268 1456/115/268
f 1403/115/269 1406/115/269 1458/115/269 1454/115/269
f 1524/115/270 1525/115/270 1457/115/270 1402/115/270
f 1428/115/271 1469/115/271 1455/115/271 1400/115/271
f 1490/115/272 1482/115/272 1487/115/272 1493/115/272
f 1491/115/273 1484/115/273 1486/115/273 1492/115/273
f 1492/115/274 1486/115/274 1483/115/274 1488/115/274
f 1493/115/275 1487/115/275 1485/115/275 1489/115/275
f 1515/115/276 1513/115/276 1484/115/276 1491/115/276
f 1498/115/277 1515/115/277 1491/115/277 1417/115/277
f 1462/115/278 1493/115/278 1489/115/278 1416/115/278
f 1463/115/279 1492/115/279 1488/115/279 1415/115/279
f 1417/115/280 1491/115/280 1492/115/280 1463/115/280
f 1414/115/281 1490/115/281 1493/115/281 1462/115/281
f 1416/115/282 1489/115/282 1515/115/282 1498/115/282
f 1514/115/283 1488/115/283 1483/115/283
f 1490/115/284 1414/115/284 1514/115/284
f 1489/115/285 1485/115/285 1513/115/285 1515/115/285
f 1432/115/233 1571/115/286 1505/115/286 1512/115/287 1470/115/230
f 1448/115/288 1451/115/288 1511/115/288 1510/115/288
f 1444/115/289 1448/115/289 1510/115/289 1509/115/289
f 1553/115/290 1441/115/290 1508/115/290 1559/115/290
f 1556/115/291 1443/115/291 1507/115/291 1560/115/291
f 1564/115/292 1434/115/292 1506/115/292 1569/115/292
f 1561/115/293 1433/115/293 1505/115/293 1570/115/293
f 1470/115/230 1512/115/287 1506/115/294 1434/115/253
f 1399/115/295 1495/115/295 1503/115/295 1426/115/295
f 1443/115/296 1423/115/296 1501/115/296 1507/115/296
f 1586/115/297 1420/115/297 1500/115/297 1587/115/297
f 1441/115/298 1424/115/298 1502/115/298 1508/115/298
f 1412/115/299 1416/115/299 1498/115/299 1497/115/299
f 1585/115/300 1419/115/300 1499/115/300 1588/115/300
f 1408/115/301 1412/115/301 1497/115/301 1496/115/301
f 1399/115/302 1408/115/302 1496/115/302 1495/115/302
f 1400/115/303 1444/115/303 1509/115/303 1494/115/303
f 1398/115/304 1521/115/304 1522/115/304 1494/115/304
f 1504/115/305 1430/115/305 1537/115/305 1550/115/305
f 1430/115/306 1518/115/306 1549/115/306 1537/115/306
f 1523/115/307 1526/115/307 1521/115/307 1398/115/307
f 1494/115/308 1522/115/308 1520/115/308 1400/115/308
f 1522/115/309 1504/115/309 1431/115/309 1520/115/309
f 1426/115/310 1518/115/310 1526/115/310 1523/115/310
f 1429/115/311 1468/115/311 1525/115/311 1524/115/311
f 1468/115/312 1426/115/312 1523/115/312 1525/115/312
f 1551/115/313 1534/115/313 1529/115/313 1535/115/313
f 1532/115/314 1543/115/314 1544/115/314 1533/115/314
f 1550/115/315 1530/115/315 1531/115/315 1536/115/315
f 1549/115/316 1532/115/316 1533/115/316 1537/115/316
f 1548/115/317 1528/115/318 1547/115/319 1538/115/317
f 1552/115/320 1541/115/320 1544/115/320 1543/115/320
f 1528/115/318 1539/115/321 1546/115/321 1547/115/319
f 1534/115/322 1545/115/322 1540/115/322 1529/115/322
f 1530/115/323 1541/115/323 1542/115/323 1531/115/323
f 1533/115/324 1544/115/324 1541/115/324 1530/115/324
f 1529/115/325 1540/115/325 1539/115/325 1528/115/325
f 1545/115/326 1542/115/327 1541/115/327 1552/115/328
f 1535/115/329 1529/115/329 1528/115/329 1548/115/329
f 1537/115/330 1533/115/330 1530/115/330 1550/115/330
f 1540/115/331 1545/115/326 1552/115/328 1539/115/331
f 1531/115/332 1542/115/332 1545/115/332 1534/115/332
f 1539/115/333 1552/115/333 1543/115/333 1546/115/333
f 1538/115/334 1547/115/334 1532/115/334 1549/115/334
f 1547/115/335 1546/115/335 1543/115/335 1532/115/335
f 1536/115/336 1531/115/336 1534/115/336 1551/115/336
f 1431/115/337 1504/115/337 1550/115/337 1536/115/337
f 1576/115/338 1556/115/338 1560/115/338 1580/115/338
f 1573/115/339 1553/115/339 1559/115/339 1579/115/339
f 1575/115/340 1555/115/340 1558/115/340 1578/115/340
f 1574/115/341 1554/115/341 1557/115/341 1577/115/341
f 1579/115/342 1559/115/342 1555/115/342 1575/115/342
f 1577/115/343 1557/115/343 1553/115/343 1573/115/343
f 1578/115/344 1558/115/344 1556/115/344 1576/115/344
f 1580/115/345 1560/115/345 1554/115/345 1574/115/345
f 1423/115/346 1561/115/346 1570/115/346 1501/115/346
f 1424/115/347 1564/115/347 1569/115/347 1502/115/347
f 1425/115/348 1562/115/348 1568/115/348 1467/115/348
f 1437/115/349 1565/115/349 1567/115/349 1472/115/349
f 1424/115/350 1436/115/350 1566/115/350 1564/115/350
f 1472/115/351 1567/115/351 1566/115/351 1436/115/351
f 1432/115/352 1439/115/352 1565/115/352 1563/115/352
f 1502/115/353 1569/115/353 1562/115/353 1425/115/353
f 1501/115/354 1570/115/354 1563/115/354 1422/115/354
f 1467/115/355 1568/115/355 1561/115/355 1423/115/355
f 1499/115/356 1580/115/356 1574/115/356 1418/115/356
f 1465/115/357 1578/115/357 1576/115/357 1419/115/357
f 1464/115/358 1577/115/358 1573/115/358 1420/115/358
f 1500/115/359 1579/115/359 1575/115/359 1421/115/359
f 1418/115/360 1574/115/360 1577/115/360 1464/115/360
f 1421/115/361 1575/115/361 1578/115/361 1465/115/361
f 1420/115/362 1573/115/362 1579/115/362 1500/115/362
f 1419/115/363 1576/115/363 1580/115/363 1499/115/363
f 1589/115/364 1585/115/364 1588/115/364 1596/115/364
f 1590/115/365 1586/115/365 1587/115/365 1595/115/365
f 1591/115/366 1581/115/366 1584/115/366 1594/115/366
f 1592/115/367 1582/115/367 1583/115/367 1593/115/367
f 1593/115/368 1583/115/368 1585/115/368 1589/115/368
f 1594/115/369 1584/115/369 1586/115/369 1590/115/369
f 1595/115/370 1587/115/370 1582/115/370 1592/115/370
f 1596/115/371 1588/115/371 1581/115/371 1591/115/371
f 1424/115/372 1441/115/372 1475/115/372 1572/115/372 1466/115/372 1472/115/372 1436/115/372
f 1422/115/373 1475/115/373 1442/115/373
f 1475/115/374 1422/115/374 1572/115/374
f 1572/115/375 1422/115/375 1466/115/375
f 1415/115/376 1488/115/376 1514/115/376
f 1490/115/284 1514/115/284 1482/115/284
f 1428/115/377 1527/115/377 1503/115/377
f 1551/115/378 1519/115/378 1431/115/378 1536/115/378
f 1518/115/379 1426/115/379 1538/115/379 1549/115/379
f 1503/115/380 1527/115/380 1535/115/380 1548/115/380
f 1426/115/381 1503/115/381 1548/115/381 1538/115/381
f 1527/115/382 1519/115/382 1551/115/382 1535/115/382
f 1400/115/383 1527/115/383 1428/115/383
f 1519/115/384 1400/115/384 1520/115/384
f 1400/115/385 1519/115/385 1527/115/385
f 1514/115/386 1596/115/386 1591/115/386 1482/115/386
f 1513/115/387 1595/115/387 1592/115/387 1484/115/387
f 1487/115/388 1594/115/388 1590/115/388 1485/115/388
f 1486/115/389 1593/115/389 1589/115/389 1483/115/389
f 1484/115/390 1592/115/390 1593/115/390 1486/115/390
f 1482/115/391 1591/115/391 1594/115/391 1487/115/391
f 1485/115/392 1590/115/392 1595/115/392 1513/115/392
f 1483/115/393 1589/115/393 1596/115/393 1514/115/393
s 0
usemtl Material.001
f 1601/896/397 1602/897/397 1598/898/397 1597/899/397
usemtl Materiale.001
f 1597/113/394 1598/1/394 1600/890/394 1599/891/394
f 1599/891/395 1600/890/395 1604/892/395 1603/893/395
f 1603/893/396 1604/892/396 1602/894/396 1601/895/396
f 1599/900/398 1603/893/398 1601/895/398 1597/901/398
f 1604/892/399 1600/902/399 1598/903/399 1602/894/399
