# Blender 5.1.1
# www.blender.org
mtllib table.mtl
o Testo
v 0.680601 0.129337 -0.028137
v 0.673702 0.129337 -0.023186
v 0.667358 0.129337 -0.017919
v 0.661579 0.129337 -0.012362
v 0.656372 0.129337 -0.006544
v 0.651746 0.129337 -0.000491
v 0.647709 0.129337 0.005768
v 0.644271 0.129337 0.012207
v 0.641438 0.129337 0.018796
v 0.639220 0.129337 0.025510
v 0.637626 0.129337 0.032320
v 0.636663 0.129337 0.039199
v 0.636340 0.129337 0.046118
v 0.636636 0.129337 0.051795
v 0.637507 0.129337 0.057131
v 0.638926 0.129337 0.062098
v 0.640868 0.129337 0.066667
v 0.643304 0.129337 0.070807
v 0.646210 0.129337 0.074491
v 0.649557 0.129337 0.077688
v 0.653322 0.129337 0.080369
v 0.657475 0.129337 0.082506
v 0.661992 0.129337 0.084068
v 0.666845 0.129337 0.085027
v 0.672008 0.129337 0.085353
v 0.676362 0.129337 0.085046
v 0.680558 0.129337 0.084153
v 0.684556 0.129337 0.082716
v 0.688311 0.129337 0.080778
v 0.691783 0.129337 0.078380
v 0.694929 0.129337 0.075565
v 0.697707 0.129337 0.072375
v 0.700075 0.129337 0.068852
v 0.701989 0.129337 0.065039
v 0.703409 0.129337 0.060978
v 0.704292 0.129337 0.056710
v 0.704596 0.129337 0.052279
v 0.704324 0.129337 0.047796
v 0.703530 0.129337 0.043528
v 0.702243 0.129337 0.039509
v 0.700495 0.129337 0.035772
v 0.698317 0.129337 0.032350
v 0.695740 0.129337 0.029277
v 0.692795 0.129337 0.026586
v 0.689512 0.129337 0.024309
v 0.685924 0.129337 0.022480
v 0.682060 0.129337 0.021133
v 0.677951 0.129337 0.020300
v 0.673630 0.129337 0.020015
v 0.671839 0.129337 0.020061
v 0.670115 0.129337 0.020194
v 0.668457 0.129337 0.020406
v 0.666862 0.129337 0.020688
v 0.665331 0.129337 0.021033
v 0.663862 0.129337 0.021434
v 0.662453 0.129337 0.021882
v 0.661104 0.129337 0.022369
v 0.659813 0.129337 0.022888
v 0.658580 0.129337 0.023431
v 0.657403 0.129337 0.023989
v 0.656282 0.129337 0.024555
v 0.657605 0.129337 0.020695
v 0.659287 0.129337 0.016835
v 0.661303 0.129337 0.013001
v 0.663626 0.129337 0.009219
v 0.666230 0.129337 0.005516
v 0.669090 0.129337 0.001918
v 0.672180 0.129337 -0.001548
v 0.675473 0.129337 -0.004856
v 0.678944 0.129337 -0.007980
v 0.682568 0.129337 -0.010892
v 0.686317 0.129337 -0.013567
v 0.690167 0.129337 -0.015977
v 0.652877 0.129337 0.040930
v 0.654556 0.129337 0.039862
v 0.656122 0.129337 0.038921
v 0.657597 0.129337 0.038103
v 0.659002 0.129337 0.037399
v 0.660360 0.129337 0.036804
v 0.661693 0.129337 0.036309
v 0.663022 0.129337 0.035910
v 0.664370 0.129337 0.035598
v 0.665759 0.129337 0.035367
v 0.667210 0.129337 0.035211
v 0.668745 0.129337 0.035122
v 0.670387 0.129337 0.035093
v 0.672961 0.129337 0.035243
v 0.675403 0.129337 0.035679
v 0.677695 0.129337 0.036385
v 0.679821 0.129337 0.037345
v 0.681761 0.129337 0.038541
v 0.683499 0.129337 0.039957
v 0.685018 0.129337 0.041576
v 0.686300 0.129337 0.043380
v 0.687327 0.129337 0.045353
v 0.688082 0.129337 0.047478
v 0.688548 0.129337 0.049738
v 0.688707 0.129337 0.052117
v 0.688561 0.129337 0.054756
v 0.688130 0.129337 0.057234
v 0.687428 0.129337 0.059537
v 0.686468 0.129337 0.061653
v 0.685262 0.129337 0.063568
v 0.683823 0.129337 0.065270
v 0.682166 0.129337 0.066745
v 0.680301 0.129337 0.067982
v 0.678243 0.129337 0.068966
v 0.676004 0.129337 0.069685
v 0.673597 0.129337 0.070126
v 0.671036 0.129337 0.070275
v 0.668180 0.129337 0.070045
v 0.665401 0.129337 0.069363
v 0.662749 0.129337 0.068244
v 0.660275 0.129337 0.066703
v 0.658028 0.129337 0.064754
v 0.656059 0.129337 0.062412
v 0.654417 0.129337 0.059692
v 0.653153 0.129337 0.056609
v 0.652317 0.129337 0.053176
v 0.651959 0.129337 0.049409
v 0.652129 0.129337 0.045322
v 0.623694 0.129337 0.068816
v 0.581378 0.129337 0.068816
v 0.587231 0.129337 0.061767
v 0.592481 0.129337 0.055253
v 0.597145 0.129337 0.049214
v 0.601242 0.129337 0.043590
v 0.604789 0.129337 0.038322
v 0.607805 0.129337 0.033351
v 0.610308 0.129337 0.028615
v 0.612315 0.129337 0.024057
v 0.613845 0.129337 0.019615
v 0.614915 0.129337 0.015231
v 0.615544 0.129337 0.010845
v 0.615750 0.129337 0.006397
v 0.615467 0.129337 0.001426
v 0.614636 0.129337 -0.003255
v 0.613285 0.129337 -0.007617
v 0.611438 0.129337 -0.011636
v 0.609123 0.129337 -0.015282
v 0.606366 0.129337 -0.018531
v 0.603194 0.129337 -0.021353
v 0.599633 0.129337 -0.023723
v 0.595709 0.129337 -0.025614
v 0.591449 0.129337 -0.026997
v 0.586879 0.129337 -0.027847
v 0.582027 0.129337 -0.028137
v 0.579810 0.129337 -0.028066
v 0.577616 0.129337 -0.027852
v 0.575440 0.129337 -0.027493
v 0.573278 0.129337 -0.026990
v 0.571124 0.129337 -0.026340
v 0.568975 0.129337 -0.025543
v 0.566826 0.129337 -0.024597
v 0.564673 0.129337 -0.023501
v 0.562510 0.129337 -0.022255
v 0.560334 0.129337 -0.020856
v 0.558140 0.129337 -0.019304
v 0.555924 0.129337 -0.017598
v 0.555924 0.129337 0.002343
v 0.558137 0.129337 -0.000334
v 0.560318 0.129337 -0.002702
v 0.562470 0.129337 -0.004775
v 0.564595 0.129337 -0.006568
v 0.566695 0.129337 -0.008095
v 0.568773 0.129337 -0.009370
v 0.570830 0.129337 -0.010410
v 0.572870 0.129337 -0.011227
v 0.574893 0.129337 -0.011838
v 0.576903 0.129337 -0.012256
v 0.578902 0.129337 -0.012496
v 0.580892 0.129337 -0.012572
v 0.583547 0.129337 -0.012396
v 0.586069 0.129337 -0.011880
v 0.588439 0.129337 -0.011040
v 0.590638 0.129337 -0.009894
v 0.592648 0.129337 -0.008461
v 0.594450 0.129337 -0.006756
v 0.596026 0.129337 -0.004798
v 0.597357 0.129337 -0.002605
v 0.598425 0.129337 -0.000192
v 0.599210 0.129337 0.002421
v 0.599695 0.129337 0.005217
v 0.599861 0.129337 0.008180
v 0.599807 0.129337 0.010417
v 0.599645 0.129337 0.012523
v 0.599375 0.129337 0.014523
v 0.598996 0.129337 0.016443
v 0.598510 0.129337 0.018306
v 0.597915 0.129337 0.020137
v 0.597213 0.129337 0.021962
v 0.596402 0.129337 0.023804
v 0.595483 0.129337 0.025690
v 0.594457 0.129337 0.027643
v 0.593322 0.129337 0.029688
v 0.592079 0.129337 0.031851
v 0.589580 0.129337 0.035943
v 0.586812 0.129337 0.040170
v 0.583818 0.129337 0.044502
v 0.580640 0.129337 0.048904
v 0.577320 0.129337 0.053345
v 0.573900 0.129337 0.057791
v 0.570423 0.129337 0.062211
v 0.566931 0.129337 0.066570
v 0.563466 0.129337 0.070838
v 0.560070 0.129337 0.074980
v 0.556785 0.129337 0.078965
v 0.553654 0.129337 0.082759
v 0.553654 0.129337 0.083894
v 0.623694 0.129337 0.083894
v 0.503881 0.129337 0.085353
v 0.515230 0.129337 0.085353
v 0.547007 0.129337 -0.028137
v 0.535658 0.129337 -0.028137
v 0.487019 0.129337 -0.026678
v 0.437894 0.129337 -0.026678
v 0.437894 0.129337 0.030878
v 0.443765 0.129337 0.029765
v 0.449209 0.129337 0.029313
v 0.454208 0.129337 0.029472
v 0.458749 0.129337 0.030194
v 0.462814 0.129337 0.031428
v 0.466388 0.129337 0.033128
v 0.469456 0.129337 0.035242
v 0.472001 0.129337 0.037724
v 0.474008 0.129337 0.040522
v 0.475462 0.129337 0.043589
v 0.476345 0.129337 0.046876
v 0.476643 0.129337 0.050334
v 0.476432 0.129337 0.053008
v 0.475817 0.129337 0.055582
v 0.474827 0.129337 0.058032
v 0.473491 0.129337 0.060331
v 0.471837 0.129337 0.062455
v 0.469895 0.129337 0.064378
v 0.467692 0.129337 0.066074
v 0.465258 0.129337 0.067519
v 0.462622 0.129337 0.068687
v 0.459811 0.129337 0.069553
v 0.456855 0.129337 0.070090
v 0.453783 0.129337 0.070275
v 0.451756 0.129337 0.070218
v 0.449730 0.129337 0.070046
v 0.447706 0.129337 0.069761
v 0.445683 0.129337 0.069363
v 0.443662 0.129337 0.068852
v 0.441644 0.129337 0.068228
v 0.439629 0.129337 0.067494
v 0.437618 0.129337 0.066648
v 0.435612 0.129337 0.065693
v 0.433611 0.129337 0.064627
v 0.431615 0.129337 0.063452
v 0.429626 0.129337 0.062169
v 0.429626 0.129337 0.078544
v 0.431979 0.129337 0.079700
v 0.434264 0.129337 0.080737
v 0.436496 0.129337 0.081660
v 0.438687 0.129337 0.082471
v 0.440851 0.129337 0.083174
v 0.443001 0.129337 0.083773
v 0.445152 0.129337 0.084270
v 0.447316 0.129337 0.084669
v 0.449507 0.129337 0.084973
v 0.451738 0.129337 0.085187
v 0.454024 0.129337 0.085312
v 0.456377 0.129337 0.085353
v 0.461482 0.129337 0.085048
v 0.466317 0.129337 0.084154
v 0.470849 0.129337 0.082704
v 0.475046 0.129337 0.080730
v 0.478873 0.129337 0.078265
v 0.482297 0.129337 0.075342
v 0.485286 0.129337 0.071993
v 0.487806 0.129337 0.068252
v 0.489824 0.129337 0.064150
v 0.491306 0.129337 0.059720
v 0.492220 0.129337 0.054996
v 0.492532 0.129337 0.050009
v 0.492217 0.129337 0.045007
v 0.491287 0.129337 0.040245
v 0.489760 0.129337 0.035765
v 0.487656 0.129337 0.031611
v 0.484993 0.129337 0.027826
v 0.481791 0.129337 0.024454
v 0.478068 0.129337 0.021538
v 0.473845 0.129337 0.019121
v 0.469139 0.129337 0.017247
v 0.463971 0.129337 0.015958
v 0.458360 0.129337 0.015300
v 0.452324 0.129337 0.015314
v 0.452324 0.129337 -0.012410
v 0.487019 0.129337 -0.012410
v 0.416007 0.129337 0.068816
v 0.373691 0.129337 0.068816
v 0.379544 0.129337 0.061767
v 0.384794 0.129337 0.055253
v 0.389458 0.129337 0.049214
v 0.393555 0.129337 0.043590
v 0.397102 0.129337 0.038322
v 0.400118 0.129337 0.033351
v 0.402621 0.129337 0.028615
v 0.404628 0.129337 0.024057
v 0.406157 0.129337 0.019615
v 0.407228 0.129337 0.015231
v 0.407857 0.129337 0.010845
v 0.408063 0.129337 0.006397
v 0.407780 0.129337 0.001426
v 0.406949 0.129337 -0.003255
v 0.405598 0.129337 -0.007617
v 0.403751 0.129337 -0.011636
v 0.401436 0.129337 -0.015282
v 0.398679 0.129337 -0.018531
v 0.395507 0.129337 -0.021353
v 0.391946 0.129337 -0.023723
v 0.388022 0.129337 -0.025614
v 0.383762 0.129337 -0.026997
v 0.379192 0.129337 -0.027847
v 0.374340 0.129337 -0.028137
v 0.372123 0.129337 -0.028066
v 0.369929 0.129337 -0.027852
v 0.367753 0.129337 -0.027493
v 0.365591 0.129337 -0.026990
v 0.363437 0.129337 -0.026340
v 0.361288 0.129337 -0.025543
v 0.359139 0.129337 -0.024597
v 0.356986 0.129337 -0.023501
v 0.354823 0.129337 -0.022255
v 0.352647 0.129337 -0.020856
v 0.350453 0.129337 -0.019304
v 0.348237 0.129337 -0.017598
v 0.348237 0.129337 0.002343
v 0.350450 0.129337 -0.000334
v 0.352631 0.129337 -0.002702
v 0.354783 0.129337 -0.004775
v 0.356908 0.129337 -0.006568
v 0.359008 0.129337 -0.008095
v 0.361086 0.129337 -0.009370
v 0.363143 0.129337 -0.010410
v 0.365182 0.129337 -0.011227
v 0.367206 0.129337 -0.011838
v 0.369216 0.129337 -0.012256
v 0.371215 0.129337 -0.012496
v 0.373205 0.129337 -0.012572
v 0.375860 0.129337 -0.012396
v 0.378382 0.129337 -0.011880
v 0.380751 0.129337 -0.011040
v 0.382951 0.129337 -0.009894
v 0.384961 0.129337 -0.008461
v 0.386763 0.129337 -0.006756
v 0.388339 0.129337 -0.004798
v 0.389670 0.129337 -0.002605
v 0.390738 0.129337 -0.000192
v 0.391523 0.129337 0.002421
v 0.392008 0.129337 0.005217
v 0.392174 0.129337 0.008180
v 0.392120 0.129337 0.010417
v 0.391958 0.129337 0.012523
v 0.391688 0.129337 0.014523
v 0.391309 0.129337 0.016443
v 0.390823 0.129337 0.018306
v 0.390228 0.129337 0.020137
v 0.389526 0.129337 0.021962
v 0.388715 0.129337 0.023804
v 0.387796 0.129337 0.025690
v 0.386770 0.129337 0.027643
v 0.385635 0.129337 0.029688
v 0.384392 0.129337 0.031851
v 0.381893 0.129337 0.035943
v 0.379125 0.129337 0.040170
v 0.376131 0.129337 0.044502
v 0.372953 0.129337 0.048904
v 0.369633 0.129337 0.053345
v 0.366213 0.129337 0.057791
v 0.362736 0.129337 0.062211
v 0.359244 0.129337 0.066570
v 0.355779 0.129337 0.070838
v 0.352383 0.129337 0.074980
v 0.349098 0.129337 0.078965
v 0.345967 0.129337 0.082759
v 0.345967 0.129337 0.083894
v 0.416007 0.129337 0.083894
v 0.329592 0.129337 0.029419
v 0.292465 0.129337 0.029419
v 0.292465 0.129337 0.043686
v 0.313704 0.129337 0.043686
v 0.313704 0.129337 0.066384
v 0.311795 0.129337 0.066981
v 0.309877 0.129337 0.067553
v 0.307948 0.129337 0.068094
v 0.306005 0.129337 0.068600
v 0.304047 0.129337 0.069065
v 0.302071 0.129337 0.069485
v 0.300074 0.129337 0.069854
v 0.298055 0.129337 0.070167
v 0.296011 0.129337 0.070420
v 0.293940 0.129337 0.070606
v 0.291840 0.129337 0.070722
v 0.289709 0.129337 0.070762
v 0.283311 0.129337 0.070406
v 0.277274 0.129337 0.069363
v 0.271636 0.129337 0.067666
v 0.266434 0.129337 0.065351
v 0.261705 0.129337 0.062454
v 0.257485 0.129337 0.059007
v 0.253813 0.129337 0.055048
v 0.250726 0.129337 0.050610
v 0.248259 0.129337 0.045728
v 0.246452 0.129337 0.040438
v 0.245340 0.129337 0.034773
v 0.244961 0.129337 0.028770
v 0.245342 0.129337 0.022897
v 0.246453 0.129337 0.017304
v 0.248249 0.129337 0.012036
v 0.250684 0.129337 0.007135
v 0.253710 0.129337 0.002647
v 0.257283 0.129337 -0.001386
v 0.261355 0.129337 -0.004918
v 0.265882 0.129337 -0.007907
v 0.270816 0.129337 -0.010308
v 0.276111 0.129337 -0.012077
v 0.281721 0.129337 -0.013171
v 0.287601 0.129337 -0.013545
v 0.290927 0.129337 -0.013468
v 0.294259 0.129337 -0.013236
v 0.297592 0.129337 -0.012851
v 0.300925 0.129337 -0.012314
v 0.304257 0.129337 -0.011627
v 0.307583 0.129337 -0.010789
v 0.310903 0.129337 -0.009803
v 0.314214 0.129337 -0.008669
v 0.317514 0.129337 -0.007389
v 0.320800 0.129337 -0.005964
v 0.324070 0.129337 -0.004395
v 0.327322 0.129337 -0.002683
v 0.327322 0.129337 -0.018733
v 0.323151 0.129337 -0.020451
v 0.319281 0.129337 -0.021963
v 0.315672 0.129337 -0.023281
v 0.312280 0.129337 -0.024414
v 0.309065 0.129337 -0.025374
v 0.305982 0.129337 -0.026171
v 0.302991 0.129337 -0.026816
v 0.300049 0.129337 -0.027320
v 0.297113 0.129337 -0.027694
v 0.294142 0.129337 -0.027947
v 0.291094 0.129337 -0.028091
v 0.287925 0.129337 -0.028137
v 0.279673 0.129337 -0.027630
v 0.271820 0.129337 -0.026148
v 0.264427 0.129337 -0.023752
v 0.257553 0.129337 -0.020499
v 0.251260 0.129337 -0.016449
v 0.245610 0.129337 -0.011660
v 0.240661 0.129337 -0.006193
v 0.236476 0.129337 -0.000107
v 0.233115 0.129337 0.006541
v 0.230640 0.129337 0.013690
v 0.229110 0.129337 0.021282
v 0.228586 0.129337 0.029257
v 0.229097 0.129337 0.037172
v 0.230592 0.129337 0.044671
v 0.233017 0.129337 0.051701
v 0.236314 0.129337 0.058212
v 0.240429 0.129337 0.064150
v 0.245305 0.129337 0.069465
v 0.250888 0.129337 0.074104
v 0.257121 0.129337 0.078016
v 0.263948 0.129337 0.081148
v 0.271314 0.129337 0.083450
v 0.279163 0.129337 0.084869
v 0.287439 0.129337 0.085353
v 0.291222 0.129337 0.085299
v 0.294885 0.129337 0.085131
v 0.298448 0.129337 0.084847
v 0.301934 0.129337 0.084441
v 0.305364 0.129337 0.083908
v 0.308759 0.129337 0.083246
v 0.312140 0.129337 0.082448
v 0.315529 0.129337 0.081510
v 0.318947 0.129337 0.080429
v 0.322417 0.129337 0.079198
v 0.325958 0.129337 0.077815
v 0.329592 0.129337 0.076274
v 0.212049 0.129337 -0.019058
v 0.208352 0.129337 -0.020565
v 0.204791 0.129337 -0.021926
v 0.201356 0.129337 -0.023144
v 0.198034 0.129337 -0.024222
v 0.194813 0.129337 -0.025162
v 0.191681 0.129337 -0.025968
v 0.188628 0.129337 -0.026643
v 0.185640 0.129337 -0.027188
v 0.182706 0.129337 -0.027607
v 0.179814 0.129337 -0.027903
v 0.176953 0.129337 -0.028079
v 0.174111 0.129337 -0.028137
v 0.165527 0.129337 -0.027632
v 0.157403 0.129337 -0.026155
v 0.149794 0.129337 -0.023759
v 0.142754 0.129337 -0.020499
v 0.136337 0.129337 -0.016428
v 0.130599 0.129337 -0.011600
v 0.125594 0.129337 -0.006069
v 0.121377 0.129337 0.000110
v 0.118001 0.129337 0.006883
v 0.115523 0.129337 0.014197
v 0.113996 0.129337 0.021997
v 0.113474 0.129337 0.030230
v 0.113856 0.129337 0.036185
v 0.115012 0.129337 0.042363
v 0.116960 0.129337 0.048624
v 0.119719 0.129337 0.054825
v 0.123307 0.129337 0.060826
v 0.127742 0.129337 0.066486
v 0.133041 0.129337 0.071662
v 0.139223 0.129337 0.076214
v 0.146306 0.129337 0.080001
v 0.154307 0.129337 0.082880
v 0.163245 0.129337 0.084712
v 0.173138 0.129337 0.085353
v 0.177363 0.129337 0.085270
v 0.181373 0.129337 0.085027
v 0.185186 0.129337 0.084631
v 0.188816 0.129337 0.084092
v 0.192280 0.129337 0.083418
v 0.195593 0.129337 0.082617
v 0.198770 0.129337 0.081698
v 0.201829 0.129337 0.080670
v 0.204783 0.129337 0.079540
v 0.207650 0.129337 0.078317
v 0.210445 0.129337 0.077009
v 0.213184 0.129337 0.075626
v 0.213184 0.129337 0.058278
v 0.210040 0.129337 0.060226
v 0.206858 0.129337 0.062017
v 0.203643 0.129337 0.063648
v 0.200406 0.129337 0.065117
v 0.197152 0.129337 0.066422
v 0.193890 0.129337 0.067560
v 0.190629 0.129337 0.068529
v 0.187375 0.129337 0.069327
v 0.184137 0.129337 0.069951
v 0.180923 0.129337 0.070400
v 0.177740 0.129337 0.070671
v 0.174597 0.129337 0.070762
v 0.168131 0.129337 0.070409
v 0.162050 0.129337 0.069374
v 0.156388 0.129337 0.067689
v 0.151178 0.129337 0.065387
v 0.146455 0.129337 0.062503
v 0.142252 0.129337 0.059068
v 0.138603 0.129337 0.055117
v 0.135542 0.129337 0.050682
v 0.133102 0.129337 0.045796
v 0.131318 0.129337 0.040494
v 0.130222 0.129337 0.034808
v 0.129850 0.129337 0.028770
v 0.130234 0.129337 0.022829
v 0.131360 0.129337 0.017192
v 0.133183 0.129337 0.011899
v 0.135662 0.129337 0.006991
v 0.138754 0.129337 0.002509
v 0.142415 0.129337 -0.001507
v 0.146603 0.129337 -0.005017
v 0.151275 0.129337 -0.007979
v 0.156388 0.129337 -0.010353
v 0.161900 0.129337 -0.012100
v 0.167768 0.129337 -0.013177
v 0.173949 0.129337 -0.013545
v 0.177129 0.129337 -0.013470
v 0.180272 0.129337 -0.013244
v 0.183390 0.129337 -0.012864
v 0.186493 0.129337 -0.012326
v 0.189591 0.129337 -0.011629
v 0.192695 0.129337 -0.010769
v 0.195816 0.129337 -0.009743
v 0.198964 0.129337 -0.008549
v 0.202151 0.129337 -0.007184
v 0.205387 0.129337 -0.005645
v 0.208683 0.129337 -0.003929
v 0.212049 0.129337 -0.002034
v 0.050082 0.129337 0.011098
v 0.035653 0.129337 0.011098
v 0.035653 0.129337 0.083894
v 0.050082 0.129337 0.083894
v 0.051541 0.129337 -0.010951
v 0.051462 0.129337 -0.012108
v 0.051231 0.129337 -0.013220
v 0.050860 0.129337 -0.014277
v 0.050358 0.129337 -0.015269
v 0.049738 0.129337 -0.016183
v 0.049008 0.129337 -0.017011
v 0.048181 0.129337 -0.017740
v 0.047266 0.129337 -0.018361
v 0.046275 0.129337 -0.018863
v 0.045217 0.129337 -0.019234
v 0.044105 0.129337 -0.019465
v 0.042949 0.129337 -0.019544
v 0.041792 0.129337 -0.019465
v 0.040679 0.129337 -0.019234
v 0.039622 0.129337 -0.018863
v 0.038631 0.129337 -0.018361
v 0.037716 0.129337 -0.017740
v 0.036889 0.129337 -0.017011
v 0.036159 0.129337 -0.016183
v 0.035539 0.129337 -0.015269
v 0.035037 0.129337 -0.014277
v 0.034666 0.129337 -0.013220
v 0.034435 0.129337 -0.012108
v 0.034356 0.129337 -0.010951
v 0.034435 0.129337 -0.009794
v 0.034666 0.129337 -0.008682
v 0.035037 0.129337 -0.007625
v 0.035539 0.129337 -0.006634
v 0.036160 0.129337 -0.005719
v 0.036889 0.129337 -0.004892
v 0.037716 0.129337 -0.004162
v 0.038631 0.129337 -0.003541
v 0.039622 0.129337 -0.003040
v 0.040680 0.129337 -0.002668
v 0.041792 0.129337 -0.002438
v 0.042949 0.129337 -0.002358
v 0.044105 0.129337 -0.002438
v 0.045218 0.129337 -0.002668
v 0.046275 0.129337 -0.003040
v 0.047266 0.129337 -0.003541
v 0.048181 0.129337 -0.004162
v 0.049008 0.129337 -0.004892
v 0.049738 0.129337 -0.005719
v 0.050359 0.129337 -0.006634
v 0.050860 0.129337 -0.007625
v 0.051232 0.129337 -0.008682
v 0.051462 0.129337 -0.009794
v 0.015225 0.129337 0.015638
v 0.013333 0.129337 0.014668
v 0.011466 0.129337 0.013786
v 0.009623 0.129337 0.012991
v 0.007803 0.129337 0.012281
v 0.006002 0.129337 0.011657
v 0.004220 0.129337 0.011119
v 0.002455 0.129337 0.010664
v 0.000705 0.129337 0.010294
v -0.001032 0.129337 0.010007
v -0.002756 0.129337 0.009802
v -0.004471 0.129337 0.009680
v -0.006177 0.129337 0.009639
v -0.009714 0.129337 0.009793
v -0.013020 0.129337 0.010249
v -0.016082 0.129337 0.010997
v -0.018883 0.129337 0.012029
v -0.021409 0.129337 0.013336
v -0.023646 0.129337 0.014908
v -0.025579 0.129337 0.016738
v -0.027193 0.129337 0.018814
v -0.028474 0.129337 0.021130
v -0.029407 0.129337 0.023675
v -0.029978 0.129337 0.026441
v -0.030172 0.129337 0.029419
v -0.029502 0.129337 0.034037
v -0.027650 0.129337 0.038127
v -0.024852 0.129337 0.041753
v -0.021345 0.129337 0.044983
v -0.017365 0.129337 0.047882
v -0.013148 0.129337 0.050516
v -0.008932 0.129337 0.052950
v -0.004952 0.129337 0.055251
v -0.001444 0.129337 0.057485
v 0.001353 0.129337 0.059717
v 0.003206 0.129337 0.062013
v 0.003875 0.129337 0.064439
v 0.003776 0.129337 0.065685
v 0.003488 0.129337 0.066830
v 0.003024 0.129337 0.067874
v 0.002398 0.129337 0.068816
v 0.001624 0.129337 0.069657
v 0.000714 0.129337 0.070397
v -0.000317 0.129337 0.071035
v -0.001457 0.129337 0.071572
v -0.002691 0.129337 0.072008
v -0.004006 0.129337 0.072343
v -0.005388 0.129337 0.072576
v -0.006825 0.129337 0.072707
v -0.008340 0.129337 0.072643
v -0.009964 0.129337 0.072449
v -0.011689 0.129337 0.072125
v -0.013508 0.129337 0.071668
v -0.015416 0.129337 0.071079
v -0.017404 0.129337 0.070356
v -0.019467 0.129337 0.069498
v -0.021597 0.129337 0.068504
v -0.023788 0.129337 0.067372
v -0.026033 0.129337 0.066102
v -0.028325 0.129337 0.064692
v -0.030658 0.129337 0.063142
v -0.030658 0.129337 0.078706
v -0.028355 0.129337 0.079859
v -0.026139 0.129337 0.080887
v -0.023993 0.129337 0.081797
v -0.021903 0.129337 0.082591
v -0.019854 0.129337 0.083275
v -0.017830 0.129337 0.083854
v -0.015816 0.129337 0.084331
v -0.013797 0.129337 0.084711
v -0.011757 0.129337 0.084999
v -0.009683 0.129337 0.085199
v -0.007557 0.129337 0.085315
v -0.005366 0.129337 0.085353
v -0.001999 0.129337 0.085177
v 0.001197 0.129337 0.084658
v 0.004197 0.129337 0.083811
v 0.006980 0.129337 0.082651
v 0.009522 0.129337 0.081195
v 0.011799 0.129337 0.079456
v 0.013790 0.129337 0.077450
v 0.015471 0.129337 0.075193
v 0.016818 0.129337 0.072700
v 0.017809 0.129337 0.069985
v 0.018420 0.129337 0.067064
v 0.018629 0.129337 0.063952
v 0.018536 0.129337 0.062135
v 0.018249 0.129337 0.060401
v 0.017758 0.129337 0.058731
v 0.017050 0.129337 0.057107
v 0.016115 0.129337 0.055510
v 0.014941 0.129337 0.053921
v 0.013517 0.129337 0.052322
v 0.011832 0.129337 0.050694
v 0.009874 0.129337 0.049019
v 0.007633 0.129337 0.047278
v 0.005097 0.129337 0.045452
v 0.002254 0.129337 0.043524
v -0.000784 0.129337 0.041732
v -0.003502 0.129337 0.040079
v -0.005911 0.129337 0.038554
v -0.008020 0.129337 0.037147
v -0.009841 0.129337 0.035848
v -0.011385 0.129337 0.034648
v -0.012662 0.129337 0.033535
v -0.013683 0.129337 0.032499
v -0.014458 0.129337 0.031532
v -0.014998 0.129337 0.030621
v -0.015315 0.129337 0.029758
v -0.015418 0.129337 0.028933
v -0.015341 0.129337 0.027984
v -0.015115 0.129337 0.027089
v -0.014744 0.129337 0.026252
v -0.014235 0.129337 0.025480
v -0.013593 0.129337 0.024777
v -0.012824 0.129337 0.024150
v -0.011933 0.129337 0.023603
v -0.010926 0.129337 0.023144
v -0.009809 0.129337 0.022777
v -0.008587 0.129337 0.022507
v -0.007267 0.129337 0.022342
v -0.005852 0.129337 0.022285
v -0.004468 0.129337 0.022333
v -0.002996 0.129337 0.022478
v -0.001442 0.129337 0.022723
v 0.000189 0.129337 0.023072
v 0.001889 0.129337 0.023526
v 0.003653 0.129337 0.024089
v 0.005474 0.129337 0.024763
v 0.007346 0.129337 0.025552
v 0.009264 0.129337 0.026458
v 0.011220 0.129337 0.027483
v 0.013209 0.129337 0.028631
v 0.015225 0.129337 0.029905
v -0.047195 0.129337 0.015638
v -0.049087 0.129337 0.014668
v -0.050953 0.129337 0.013786
v -0.052796 0.129337 0.012991
v -0.054617 0.129337 0.012281
v -0.056418 0.129337 0.011657
v -0.058200 0.129337 0.011119
v -0.059965 0.129337 0.010664
v -0.061715 0.129337 0.010294
v -0.063451 0.129337 0.010007
v -0.065176 0.129337 0.009802
v -0.066890 0.129337 0.009680
v -0.068596 0.129337 0.009639
v -0.072133 0.129337 0.009793
v -0.075440 0.129337 0.010249
v -0.078501 0.129337 0.010997
v -0.081302 0.129337 0.012029
v -0.083829 0.129337 0.013336
v -0.086065 0.129337 0.014908
v -0.087998 0.129337 0.016738
v -0.089613 0.129337 0.018814
v -0.090894 0.129337 0.021130
v -0.091827 0.129337 0.023675
v -0.092398 0.129337 0.026441
v -0.092591 0.129337 0.029419
v -0.091921 0.129337 0.034037
v -0.090069 0.129337 0.038127
v -0.087271 0.129337 0.041753
v -0.083764 0.129337 0.044983
v -0.079784 0.129337 0.047882
v -0.075568 0.129337 0.050516
v -0.071351 0.129337 0.052950
v -0.067371 0.129337 0.055251
v -0.063864 0.129337 0.057485
v -0.061066 0.129337 0.059717
v -0.059214 0.129337 0.062013
v -0.058544 0.129337 0.064439
v -0.058643 0.129337 0.065685
v -0.058931 0.129337 0.066830
v -0.059395 0.129337 0.067874
v -0.060021 0.129337 0.068816
v -0.060796 0.129337 0.069657
v -0.061706 0.129337 0.070397
v -0.062737 0.129337 0.071035
v -0.063876 0.129337 0.071572
v -0.065110 0.129337 0.072008
v -0.066425 0.129337 0.072343
v -0.067808 0.129337 0.072576
v -0.069245 0.129337 0.072707
v -0.070760 0.129337 0.072643
v -0.072384 0.129337 0.072449
v -0.074108 0.129337 0.072125
v -0.075928 0.129337 0.071668
v -0.077835 0.129337 0.071079
v -0.079823 0.129337 0.070356
v -0.081886 0.129337 0.069498
v -0.084016 0.129337 0.068504
v -0.086207 0.129337 0.067372
v -0.088452 0.129337 0.066102
v -0.090745 0.129337 0.064692
v -0.093078 0.129337 0.063142
v -0.093078 0.129337 0.078706
v -0.090775 0.129337 0.079859
v -0.088558 0.129337 0.080887
v -0.086413 0.129337 0.081797
v -0.084323 0.129337 0.082591
v -0.082273 0.129337 0.083275
v -0.080249 0.129337 0.083854
v -0.078235 0.129337 0.084331
v -0.076216 0.129337 0.084711
v -0.074177 0.129337 0.084999
v -0.072102 0.129337 0.085199
v -0.069977 0.129337 0.085315
v -0.067786 0.129337 0.085353
v -0.064418 0.129337 0.085177
v -0.061223 0.129337 0.084658
v -0.058222 0.129337 0.083811
v -0.055440 0.129337 0.082651
v -0.052898 0.129337 0.081195
v -0.050620 0.129337 0.079456
v -0.048629 0.129337 0.077450
v -0.046949 0.129337 0.075193
v -0.045602 0.129337 0.072700
v -0.044611 0.129337 0.069985
v -0.043999 0.129337 0.067064
v -0.043790 0.129337 0.063952
v -0.043884 0.129337 0.062135
v -0.044170 0.129337 0.060401
v -0.044662 0.129337 0.058731
v -0.045370 0.129337 0.057107
v -0.046305 0.129337 0.055510
v -0.047479 0.129337 0.053921
v -0.048903 0.129337 0.052322
v -0.050588 0.129337 0.050694
v -0.052545 0.129337 0.049019
v -0.054787 0.129337 0.047278
v -0.057323 0.129337 0.045452
v -0.060165 0.129337 0.043524
v -0.063204 0.129337 0.041732
v -0.065922 0.129337 0.040079
v -0.068330 0.129337 0.038554
v -0.070440 0.129337 0.037147
v -0.072261 0.129337 0.035848
v -0.073805 0.129337 0.034648
v -0.075081 0.129337 0.033535
v -0.076102 0.129337 0.032499
v -0.076877 0.129337 0.031532
v -0.077418 0.129337 0.030621
v -0.077734 0.129337 0.029758
v -0.077837 0.129337 0.028933
v -0.077761 0.129337 0.027984
v -0.077534 0.129337 0.027089
v -0.077164 0.129337 0.026252
v -0.076655 0.129337 0.025480
v -0.076013 0.129337 0.024777
v -0.075243 0.129337 0.024150
v -0.074353 0.129337 0.023603
v -0.073346 0.129337 0.023144
v -0.072229 0.129337 0.022777
v -0.071007 0.129337 0.022507
v -0.069686 0.129337 0.022342
v -0.068272 0.129337 0.022285
v -0.066888 0.129337 0.022333
v -0.065416 0.129337 0.022478
v -0.063861 0.129337 0.022723
v -0.062231 0.129337 0.023072
v -0.060531 0.129337 0.023526
v -0.058767 0.129337 0.024089
v -0.056946 0.129337 0.024763
v -0.055073 0.129337 0.025552
v -0.053156 0.129337 0.026458
v -0.051200 0.129337 0.027483
v -0.049211 0.129337 0.028631
v -0.047195 0.129337 0.029905
v -0.144959 0.129337 0.009639
v -0.150279 0.129337 0.009970
v -0.155349 0.129337 0.010937
v -0.160128 0.129337 0.012499
v -0.164576 0.129337 0.014617
v -0.168653 0.129337 0.017251
v -0.172318 0.129337 0.020360
v -0.175530 0.129337 0.023905
v -0.178249 0.129337 0.027846
v -0.180435 0.129337 0.032142
v -0.182046 0.129337 0.036754
v -0.183042 0.129337 0.041643
v -0.183383 0.129337 0.046767
v -0.183055 0.129337 0.052226
v -0.182091 0.129337 0.057394
v -0.180526 0.129337 0.062235
v -0.178393 0.129337 0.066715
v -0.175727 0.129337 0.070798
v -0.172561 0.129337 0.074450
v -0.168929 0.129337 0.077636
v -0.164865 0.129337 0.080321
v -0.160402 0.129337 0.082471
v -0.155574 0.129337 0.084049
v -0.150415 0.129337 0.085021
v -0.144959 0.129337 0.085353
v -0.139279 0.129337 0.085034
v -0.133934 0.129337 0.084094
v -0.128954 0.129337 0.082562
v -0.124368 0.129337 0.080465
v -0.120209 0.129337 0.077833
v -0.116505 0.129337 0.074693
v -0.113288 0.129337 0.071074
v -0.110587 0.129337 0.067003
v -0.108434 0.129337 0.062508
v -0.106858 0.129337 0.057619
v -0.105891 0.129337 0.052362
v -0.105561 0.129337 0.046767
v -0.105900 0.129337 0.041506
v -0.106892 0.129337 0.036529
v -0.108503 0.129337 0.031869
v -0.110696 0.129337 0.027557
v -0.113436 0.129337 0.023629
v -0.116688 0.129337 0.020117
v -0.120416 0.129337 0.017054
v -0.124585 0.129337 0.014473
v -0.129159 0.129337 0.012408
v -0.134103 0.129337 0.010892
v -0.139381 0.129337 0.009958
v -0.145121 0.129337 0.022609
v -0.141602 0.129337 0.022819
v -0.138273 0.129337 0.023431
v -0.135158 0.129337 0.024426
v -0.132277 0.129337 0.025780
v -0.129653 0.129337 0.027472
v -0.127307 0.129337 0.029480
v -0.125262 0.129337 0.031781
v -0.123540 0.129337 0.034355
v -0.122162 0.129337 0.037178
v -0.121151 0.129337 0.040230
v -0.120528 0.129337 0.043487
v -0.120315 0.129337 0.046929
v -0.120512 0.129337 0.050733
v -0.121094 0.129337 0.054275
v -0.122048 0.129337 0.057541
v -0.123360 0.129337 0.060518
v -0.125016 0.129337 0.063193
v -0.127003 0.129337 0.065553
v -0.129308 0.129337 0.067586
v -0.131916 0.129337 0.069279
v -0.134816 0.129337 0.070617
v -0.137992 0.129337 0.071590
v -0.141431 0.129337 0.072183
v -0.145121 0.129337 0.072383
v -0.148513 0.129337 0.072173
v -0.151704 0.129337 0.071555
v -0.154676 0.129337 0.070546
v -0.157413 0.129337 0.069164
v -0.159895 0.129337 0.067427
v -0.162104 0.129337 0.065351
v -0.164023 0.129337 0.062954
v -0.165633 0.129337 0.060253
v -0.166917 0.129337 0.057267
v -0.167857 0.129337 0.054012
v -0.168433 0.129337 0.050506
v -0.168630 0.129337 0.046767
v -0.168427 0.129337 0.043362
v -0.167834 0.129337 0.040136
v -0.166872 0.129337 0.037110
v -0.165561 0.129337 0.034307
v -0.163924 0.129337 0.031749
v -0.161982 0.129337 0.029459
v -0.159757 0.129337 0.027460
v -0.157269 0.129337 0.025774
v -0.154540 0.129337 0.024423
v -0.151591 0.129337 0.023431
v -0.148444 0.129337 0.022819
v -0.274662 0.129337 -0.026678
v -0.274662 0.129337 0.083894
v -0.258773 0.129337 0.083894
v -0.258773 0.129337 0.035904
v -0.252126 0.129337 0.035904
v -0.250124 0.129337 0.035968
v -0.248151 0.129337 0.036201
v -0.246173 0.129337 0.036664
v -0.244158 0.129337 0.037417
v -0.242073 0.129337 0.038522
v -0.239885 0.129337 0.040038
v -0.237563 0.129337 0.042028
v -0.235072 0.129337 0.044551
v -0.232382 0.129337 0.047669
v -0.229458 0.129337 0.051441
v -0.226269 0.129337 0.055930
v -0.222781 0.129337 0.061196
v -0.208189 0.129337 0.083894
v -0.189220 0.129337 0.083894
v -0.191028 0.129337 0.081395
v -0.192656 0.129337 0.079143
v -0.194129 0.129337 0.077100
v -0.195471 0.129337 0.075229
v -0.196704 0.129337 0.073494
v -0.197853 0.129337 0.071856
v -0.198941 0.129337 0.070279
v -0.199993 0.129337 0.068726
v -0.201030 0.129337 0.067159
v -0.202078 0.129337 0.065542
v -0.203159 0.129337 0.063837
v -0.204298 0.129337 0.062007
v -0.206362 0.129337 0.058636
v -0.208353 0.129337 0.055414
v -0.210292 0.129337 0.052340
v -0.212200 0.129337 0.049415
v -0.214100 0.129337 0.046638
v -0.216012 0.129337 0.044010
v -0.217958 0.129337 0.041531
v -0.219958 0.129337 0.039201
v -0.222036 0.129337 0.037019
v -0.224211 0.129337 0.034985
v -0.226506 0.129337 0.033101
v -0.228942 0.129337 0.031364
v -0.226092 0.129337 0.030089
v -0.223463 0.129337 0.028616
v -0.221061 0.129337 0.026952
v -0.218890 0.129337 0.025101
v -0.216955 0.129337 0.023071
v -0.215262 0.129337 0.020867
v -0.213815 0.129337 0.018493
v -0.212621 0.129337 0.015956
v -0.211682 0.129337 0.013262
v -0.211006 0.129337 0.010415
v -0.210597 0.129337 0.007422
v -0.210459 0.129337 0.004289
v -0.210746 0.129337 -0.000339
v -0.211595 0.129337 -0.004648
v -0.212987 0.129337 -0.008621
v -0.214902 0.129337 -0.012242
v -0.217322 0.129337 -0.015497
v -0.220227 0.129337 -0.018369
v -0.223598 0.129337 -0.020842
v -0.227416 0.129337 -0.022901
v -0.231662 0.129337 -0.024529
v -0.236317 0.129337 -0.025712
v -0.241361 0.129337 -0.026434
v -0.246776 0.129337 -0.026678
v -0.258773 0.129337 -0.013059
v -0.248559 0.129337 -0.013059
v -0.244899 0.129337 -0.012928
v -0.241613 0.129337 -0.012542
v -0.238690 0.129337 -0.011909
v -0.236117 0.129337 -0.011035
v -0.233885 0.129337 -0.009930
v -0.231982 0.129337 -0.008600
v -0.230395 0.129337 -0.007055
v -0.229116 0.129337 -0.005301
v -0.228131 0.129337 -0.003346
v -0.227430 0.129337 -0.001199
v -0.227001 0.129337 0.001132
v -0.226834 0.129337 0.003640
v -0.226902 0.129337 0.005936
v -0.227205 0.129337 0.008182
v -0.227766 0.129337 0.010351
v -0.228611 0.129337 0.012413
v -0.229765 0.129337 0.014341
v -0.231252 0.129337 0.016104
v -0.233097 0.129337 0.017675
v -0.235325 0.129337 0.019025
v -0.237960 0.129337 0.020124
v -0.241028 0.129337 0.020945
v -0.244552 0.129337 0.021459
v -0.248559 0.129337 0.021637
v -0.258773 0.129337 0.021637
v -0.334325 0.129337 0.011098
v -0.352808 0.129337 0.011098
v -0.373560 0.129337 0.036066
v -0.395124 0.129337 0.011098
v -0.413282 0.129337 0.011098
v -0.382640 0.129337 0.046929
v -0.413282 0.129337 0.083894
v -0.395124 0.129337 0.083894
v -0.373560 0.129337 0.057791
v -0.350700 0.129337 0.083894
v -0.332218 0.129337 0.083894
v -0.364319 0.129337 0.046929
v -0.419929 0.129337 0.062817
v -0.422034 0.129337 0.064148
v -0.424134 0.129337 0.065380
v -0.426232 0.129337 0.066511
v -0.428330 0.129337 0.067537
v -0.430430 0.129337 0.068455
v -0.432535 0.129337 0.069262
v -0.434646 0.129337 0.069954
v -0.436767 0.129337 0.070528
v -0.438898 0.129337 0.070980
v -0.441044 0.129337 0.071307
v -0.443205 0.129337 0.071505
v -0.445384 0.129337 0.071572
v -0.448751 0.129337 0.071417
v -0.451881 0.129337 0.070953
v -0.454772 0.129337 0.070182
v -0.457423 0.129337 0.069104
v -0.459833 0.129337 0.067723
v -0.462002 0.129337 0.066040
v -0.463927 0.129337 0.064056
v -0.465608 0.129337 0.061773
v -0.467043 0.129337 0.059192
v -0.468232 0.129337 0.056317
v -0.469173 0.129337 0.053147
v -0.469865 0.129337 0.049685
v -0.418632 0.129337 0.049685
v -0.418886 0.129337 0.043243
v -0.419634 0.129337 0.037374
v -0.420859 0.129337 0.032074
v -0.422541 0.129337 0.027341
v -0.424663 0.129337 0.023174
v -0.427205 0.129337 0.019570
v -0.430149 0.129337 0.016526
v -0.433476 0.129337 0.014041
v -0.437168 0.129337 0.012112
v -0.441206 0.129337 0.010737
v -0.445572 0.129337 0.009913
v -0.450247 0.129337 0.009639
v -0.455141 0.129337 0.009945
v -0.459750 0.129337 0.010846
v -0.464049 0.129337 0.012314
v -0.468010 0.129337 0.014323
v -0.471606 0.129337 0.016845
v -0.474810 0.129337 0.019853
v -0.477595 0.129337 0.023321
v -0.479935 0.129337 0.027221
v -0.481802 0.129337 0.031527
v -0.483169 0.129337 0.036210
v -0.484008 0.129337 0.041245
v -0.484294 0.129337 0.046605
v -0.484033 0.129337 0.051590
v -0.483253 0.129337 0.056455
v -0.481964 0.129337 0.061140
v -0.480175 0.129337 0.065586
v -0.477896 0.129337 0.069731
v -0.475134 0.129337 0.073518
v -0.471900 0.129337 0.076886
v -0.468202 0.129337 0.079775
v -0.464049 0.129337 0.082126
v -0.459450 0.129337 0.083879
v -0.454414 0.129337 0.084975
v -0.448950 0.129337 0.085353
v -0.445958 0.129337 0.085296
v -0.443130 0.129337 0.085122
v -0.440449 0.129337 0.084831
v -0.437896 0.129337 0.084423
v -0.435453 0.129337 0.083894
v -0.433102 0.129337 0.083246
v -0.430826 0.129337 0.082475
v -0.428606 0.129337 0.081582
v -0.426425 0.129337 0.080565
v -0.424263 0.129337 0.079424
v -0.422104 0.129337 0.078156
v -0.419929 0.129337 0.076761
v -0.469541 0.129337 0.040119
v -0.468957 0.129337 0.037347
v -0.468178 0.129337 0.034789
v -0.467205 0.129337 0.032451
v -0.466040 0.129337 0.030338
v -0.464683 0.129337 0.028454
v -0.463137 0.129337 0.026805
v -0.461401 0.129337 0.025395
v -0.459477 0.129337 0.024231
v -0.457366 0.129337 0.023316
v -0.455069 0.129337 0.022657
v -0.452588 0.129337 0.022257
v -0.449923 0.129337 0.022123
v -0.447452 0.129337 0.022267
v -0.445149 0.129337 0.022691
v -0.443023 0.129337 0.023385
v -0.441078 0.129337 0.024339
v -0.439323 0.129337 0.025543
v -0.437764 0.129337 0.026987
v -0.436407 0.129337 0.028661
v -0.435260 0.129337 0.030554
v -0.434328 0.129337 0.032656
v -0.433620 0.129337 0.034958
v -0.433142 0.129337 0.037449
v -0.432900 0.129337 0.040119
v -0.501480 0.129337 -0.026678
v -0.515910 0.129337 -0.026678
v -0.515910 0.129337 0.083894
v -0.501480 0.129337 0.083894
v -0.575897 0.129337 -0.027326
v -0.587084 0.129337 -0.027326
v -0.634588 0.129337 0.083894
v -0.618375 0.129337 0.083894
v -0.604432 0.129337 0.051306
v -0.557415 0.129337 0.051306
v -0.542661 0.129337 0.083894
v -0.526448 0.129337 0.083894
v -0.581734 0.129337 -0.003007
v -0.563900 0.129337 0.037039
v -0.598271 0.129337 0.037039
v -0.753064 -0.653493 0.462344
v -0.803064 -0.653493 0.462344
v -0.803064 0.076507 0.462343
v -0.753064 0.076507 0.462343
v -0.753064 -0.653493 0.412344
v -0.753064 0.076507 0.412344
v -0.803064 0.076507 0.412344
v -0.803064 -0.653493 0.412344
v -0.753064 -0.653493 -0.417656
v -0.803064 -0.653493 -0.417656
v -0.803064 0.076507 -0.417656
v -0.753064 0.076507 -0.417656
v -0.753064 -0.653493 -0.467656
v -0.753064 0.076507 -0.467656
v -0.803064 0.076507 -0.467656
v -0.803064 -0.653493 -0.467656
v -0.753064 -0.003493 0.412344
v -0.753064 -0.003493 -0.427657
v -0.783064 -0.003493 -0.427657
v -0.783064 -0.003493 0.412344
v -0.753064 0.076507 0.412344
v -0.783064 0.076507 0.412344
v -0.783064 0.076507 -0.427657
v -0.753064 0.076507 -0.427657
v 0.856936 0.076507 0.512344
v -0.853064 0.076507 0.512343
v -0.853064 0.126507 0.512343
v 0.856936 0.126507 0.512344
v 0.856936 0.076507 -0.517657
v 0.856936 0.126507 -0.517657
v -0.853064 0.126507 -0.517657
v -0.853064 0.076507 -0.517657
v 0.811936 -0.653493 0.462344
v 0.761936 -0.653493 0.462344
v 0.761936 0.076507 0.462344
v 0.811936 0.076507 0.462344
v 0.811936 -0.653493 0.412344
v 0.811936 0.076507 0.412344
v 0.761936 0.076507 0.412344
v 0.761936 -0.653493 0.412344
v 0.811936 -0.653493 -0.417656
v 0.761936 -0.653493 -0.417656
v 0.761936 0.076507 -0.417656
v 0.811936 0.076507 -0.417656
v 0.811936 -0.653493 -0.467656
v 0.811936 0.076507 -0.467656
v 0.761936 0.076507 -0.467656
v 0.761936 -0.653493 -0.467656
v 0.791936 -0.003493 0.407345
v 0.791936 -0.003493 -0.432656
v 0.761936 -0.003493 -0.432656
v 0.761936 -0.003493 0.407345
v 0.791936 0.076507 0.407345
v 0.761936 0.076507 0.407345
v 0.761936 0.076507 -0.432656
v 0.791936 0.076507 -0.432656
v 0.796937 -0.003493 0.442344
v -0.753064 -0.003493 0.442343
v -0.753064 0.076507 0.442343
v 0.796937 0.076507 0.442344
v 0.796937 -0.003493 0.412344
v 0.796936 0.076507 0.412344
v -0.753064 0.076507 0.412344
v -0.753064 -0.003493 0.412344
v 0.776937 0.001507 -0.417657
v -0.773064 0.001507 -0.417657
v -0.773064 0.081507 -0.417657
v 0.776936 0.081507 -0.417657
v 0.776936 0.001507 -0.447657
v 0.776936 0.081507 -0.447657
v -0.773064 0.081507 -0.447657
v -0.773064 0.001507 -0.447657
v 0.684338 0.017418 -0.425917
v 0.761050 0.015935 -0.352420
v 0.765155 0.065766 -0.352523
v 0.688443 0.067249 -0.426020
v 0.623777 0.018369 -0.420956
v 0.627882 0.068200 -0.421059
v 0.769595 0.068708 -0.291251
v 0.765490 0.018877 -0.291148
v 0.776861 0.013495 0.348633
v 0.693559 0.011259 0.414545
v 0.692221 0.061115 0.418087
v 0.775522 0.063351 0.352174
v 0.780252 0.013850 0.287957
v 0.778913 0.063707 0.291499
v 0.630878 0.062936 0.414045
v 0.632216 0.013079 0.410504
v -0.765602 0.018623 -0.338928
v -0.700063 0.018161 -0.422553
v -0.698879 0.068101 -0.424692
v -0.764418 0.068563 -0.341067
v -0.754705 0.016886 -0.279167
v -0.753521 0.066826 -0.281307
v -0.638272 0.069394 -0.435072
v -0.639456 0.019454 -0.432933
v -0.690901 0.015069 0.426805
v -0.770580 0.007195 0.356962
v -0.777212 0.056734 0.355600
v -0.697533 0.064609 0.425442
v -0.630743 0.018838 0.419066
v -0.637375 0.068378 0.417703
v -0.784473 0.057283 0.294530
v -0.777841 0.007743 0.295892
v 0.712523 0.033646 0.436606
v 0.646282 0.034413 0.391989
v 0.646215 0.036226 0.392167
v 0.713534 0.033108 0.435849
v 0.646873 0.032935 0.391101
v 0.647828 0.032189 0.389740
v 0.711571 0.032891 0.433829
v 0.648891 0.032372 0.388272
v 0.649779 0.033438 0.387089
v 0.650252 0.035100 0.386509
v 0.650185 0.036912 0.386687
v 0.649594 0.038390 0.387575
v 0.648639 0.039137 0.388936
v 0.647575 0.038953 0.390404
v 0.709558 0.033798 0.434839
v 0.646688 0.037887 0.391587
v 0.712405 0.034080 0.435419
v 0.652139 0.045896 0.389212
v 0.648948 0.045344 0.393617
v 0.645521 0.045459 0.391149
v 0.648712 0.046010 0.386743
v 0.646286 0.042147 0.397165
v 0.642859 0.042262 0.394696
v 0.644866 0.037163 0.398905
v 0.641439 0.037277 0.396437
v 0.645069 0.031725 0.398371
v 0.641642 0.031840 0.395902
v 0.646840 0.027292 0.395705
v 0.643413 0.027407 0.393237
v 0.649705 0.025051 0.391623
v 0.646278 0.025166 0.389155
v 0.652896 0.025603 0.387218
v 0.649469 0.025718 0.384750
v 0.655558 0.028800 0.383671
v 0.652131 0.028914 0.381202
v 0.656978 0.033784 0.381930
v 0.653551 0.033899 0.379462
v 0.656775 0.039222 0.382465
v 0.653348 0.039336 0.379996
v 0.655004 0.043655 0.385130
v 0.651577 0.043770 0.382661
v 0.640880 0.048472 -0.403947
v 0.643981 0.048545 -0.399444
v 0.640513 0.048924 -0.397062
v 0.637412 0.048851 -0.401564
v 0.646485 0.045885 -0.395376
v 0.643017 0.046264 -0.392994
v 0.647721 0.041206 -0.392832
v 0.644253 0.041585 -0.390450
v 0.647358 0.035761 -0.392495
v 0.643890 0.036140 -0.390112
v 0.645494 0.031009 -0.394453
v 0.642025 0.031388 -0.392071
v 0.642627 0.028224 -0.398184
v 0.639158 0.028603 -0.395801
v 0.639526 0.028152 -0.402686
v 0.636058 0.028531 -0.400304
v 0.637022 0.030811 -0.406754
v 0.633554 0.031190 -0.404372
v 0.635786 0.035490 -0.409298
v 0.632318 0.035869 -0.406915
v 0.636149 0.040935 -0.409636
v 0.632681 0.041314 -0.407253
v 0.638014 0.045687 -0.407677
v 0.634545 0.046066 -0.405294
v 0.705813 0.031866 -0.443324
v 0.641707 0.037929 -0.396071
v 0.641828 0.039744 -0.396184
v 0.705443 0.031172 -0.444449
v 0.641086 0.036345 -0.396724
v 0.640130 0.035417 -0.397967
v 0.702888 0.031076 -0.443246
v 0.639097 0.035392 -0.399468
v 0.638262 0.036279 -0.400824
v 0.637850 0.037839 -0.401672
v 0.637971 0.039654 -0.401785
v 0.638592 0.041238 -0.401132
v 0.639548 0.042166 -0.399888
v 0.640582 0.042190 -0.398388
v 0.703159 0.032267 -0.441149
v 0.641416 0.041304 -0.397031
v 0.704648 0.032244 -0.443658
v 0.746192 0.045805 -0.308729
v 0.750306 0.043417 -0.306034
v 0.748146 0.043774 -0.302420
v 0.744032 0.046162 -0.305116
v 0.752734 0.038901 -0.304135
v 0.750574 0.039258 -0.300522
v 0.752825 0.033466 -0.303543
v 0.750665 0.033824 -0.299930
v 0.750554 0.028570 -0.304416
v 0.748394 0.028927 -0.300803
v 0.746531 0.025523 -0.306519
v 0.744371 0.025881 -0.302906
v 0.741834 0.025143 -0.309290
v 0.739673 0.025500 -0.305677
v 0.737719 0.027530 -0.311986
v 0.735559 0.027888 -0.308373
v 0.735292 0.032046 -0.313884
v 0.733132 0.032404 -0.310271
v 0.735201 0.037481 -0.314476
v 0.733041 0.037839 -0.310863
v 0.737471 0.042378 -0.313604
v 0.735311 0.042735 -0.309990
v 0.741495 0.045424 -0.311500
v 0.739334 0.045782 -0.307887
v 0.784638 0.028690 -0.374087
v 0.745341 0.033277 -0.304705
v 0.746098 0.034909 -0.304414
v 0.783709 0.028578 -0.375090
v 0.744000 0.032261 -0.305406
v 0.742434 0.032134 -0.306330
v 0.781807 0.028708 -0.373005
v 0.741063 0.032930 -0.307228
v 0.740253 0.034436 -0.307861
v 0.740223 0.036247 -0.308059
v 0.740980 0.037879 -0.307768
v 0.742321 0.038895 -0.307066
v 0.743887 0.039022 -0.306143
v 0.745258 0.038226 -0.305244
v 0.783135 0.028933 -0.370985
v 0.746067 0.036720 -0.304612
v 0.783661 0.029450 -0.373809
v -0.739772 0.051425 -0.290681
v -0.735809 0.052329 -0.294336
v -0.733088 0.053096 -0.291197
v -0.737051 0.052192 -0.287541
v -0.731708 0.050463 -0.297434
v -0.728987 0.051230 -0.294294
v -0.728569 0.046325 -0.299143
v -0.725848 0.047092 -0.296003
v -0.727234 0.041025 -0.299006
v -0.724513 0.041792 -0.295866
v -0.728058 0.035983 -0.297059
v -0.725337 0.036750 -0.293919
v -0.730823 0.032550 -0.293824
v -0.728102 0.033317 -0.290685
v -0.734786 0.031645 -0.290168
v -0.732065 0.032413 -0.287029
v -0.738886 0.033512 -0.287071
v -0.736166 0.034279 -0.283931
v -0.742025 0.037650 -0.285362
v -0.739304 0.038417 -0.282222
v -0.743361 0.042950 -0.285499
v -0.740640 0.043717 -0.282360
v -0.742536 0.047992 -0.287446
v -0.739815 0.048759 -0.284306
v -0.783941 0.028639 -0.350451
v -0.730347 0.042467 -0.292870
v -0.730792 0.044234 -0.292916
v -0.784866 0.027752 -0.349961
v -0.730622 0.040787 -0.292221
v -0.731543 0.039642 -0.291143
v -0.783334 0.027849 -0.347589
v -0.732864 0.039341 -0.289924
v -0.734231 0.039963 -0.288892
v -0.735277 0.041342 -0.288322
v -0.735723 0.043109 -0.288368
v -0.735448 0.044789 -0.289017
v -0.734526 0.045934 -0.290095
v -0.733205 0.046235 -0.291313
v -0.781535 0.029398 -0.348091
v -0.731838 0.045613 -0.292346
v -0.784177 0.028941 -0.349241
v -0.658949 0.050564 -0.408536
v -0.657003 0.047440 -0.412578
v -0.653121 0.047736 -0.410938
v -0.655067 0.050860 -0.406896
v -0.655782 0.042499 -0.414575
v -0.651900 0.042795 -0.412935
v -0.655614 0.037065 -0.413992
v -0.651732 0.037361 -0.412352
v -0.656544 0.032595 -0.410985
v -0.652662 0.032891 -0.409345
v -0.658322 0.030286 -0.406359
v -0.654440 0.030582 -0.404719
v -0.660472 0.030756 -0.401354
v -0.656590 0.031053 -0.399714
v -0.662418 0.033881 -0.397311
v -0.658536 0.034177 -0.395671
v -0.663639 0.038822 -0.395314
v -0.659757 0.039118 -0.393674
v -0.663807 0.044255 -0.395898
v -0.659925 0.044552 -0.394257
v -0.662878 0.048726 -0.398905
v -0.658995 0.049022 -0.397265
v -0.661099 0.051035 -0.403531
v -0.657217 0.051331 -0.401891
v -0.729884 0.034770 -0.436130
v -0.655794 0.037929 -0.406468
v -0.655484 0.039420 -0.407470
v -0.730762 0.034869 -0.435080
v -0.656386 0.037160 -0.404926
v -0.657103 0.037317 -0.403258
v -0.728441 0.035048 -0.433479
v -0.657752 0.038358 -0.401910
v -0.658159 0.040005 -0.401244
v -0.658215 0.041816 -0.401439
v -0.657905 0.043306 -0.402441
v -0.657312 0.044076 -0.403983
v -0.656596 0.043919 -0.405652
v -0.655947 0.042878 -0.406999
v -0.726602 0.034917 -0.435058
v -0.655540 0.041231 -0.407665
v -0.729424 0.035620 -0.435306
v -0.652356 0.048583 0.401617
v -0.655405 0.051761 0.398377
v -0.652038 0.052503 0.395936
v -0.648988 0.049326 0.399176
v -0.658679 0.052340 0.394037
v -0.655312 0.053082 0.391596
v -0.661301 0.050166 0.389760
v -0.657934 0.050909 0.387319
v -0.662568 0.045822 0.386692
v -0.659201 0.046564 0.384251
v -0.662140 0.040471 0.385655
v -0.658773 0.041213 0.383214
v -0.660132 0.035547 0.386927
v -0.656765 0.036289 0.384485
v -0.657083 0.032370 0.390167
v -0.653715 0.033112 0.387725
v -0.653808 0.031790 0.394507
v -0.650441 0.032533 0.392065
v -0.651187 0.033964 0.398784
v -0.647819 0.034706 0.396342
v -0.649920 0.038309 0.401852
v -0.646553 0.039051 0.399411
v -0.650348 0.043660 0.402889
v -0.646981 0.044402 0.400448
v -0.718326 0.029698 0.438139
v -0.656444 0.044352 0.389817
v -0.656022 0.045800 0.390840
v -0.718149 0.028450 0.438682
v -0.656302 0.042569 0.389471
v -0.655632 0.040927 0.389895
v -0.715767 0.028399 0.437165
v -0.654616 0.039868 0.390975
v -0.653524 0.039675 0.392422
v -0.652651 0.040400 0.393848
v -0.652228 0.041848 0.394870
v -0.652371 0.043632 0.395216
v -0.653040 0.045273 0.394792
v -0.654057 0.046332 0.393712
v -0.715725 0.030543 0.436027
v -0.655148 0.046525 0.392265
v -0.717094 0.029552 0.438407
v -0.784326 0.034836 0.389163
v -0.738158 0.040675 0.324251
v -0.737811 0.042410 0.324686
v -0.783804 0.033852 0.389964
v -0.737756 0.038902 0.324387
v -0.736712 0.037568 0.325057
v -0.781835 0.033605 0.387952
v -0.735306 0.037028 0.326083
v -0.733914 0.037429 0.327189
v -0.732909 0.038662 0.328079
v -0.732562 0.040397 0.328515
v -0.732964 0.042169 0.328379
v -0.734008 0.043504 0.327708
v -0.735414 0.044043 0.326682
v -0.782447 0.035271 0.386297
v -0.736806 0.043643 0.325576
v -0.783060 0.034927 0.389129
v -0.732522 0.048849 0.332927
v -0.736741 0.050467 0.329849
v -0.734178 0.050792 0.326506
v -0.729959 0.049174 0.329584
v -0.740917 0.049265 0.326531
v -0.738354 0.049590 0.323188
v -0.743930 0.045566 0.323861
v -0.741367 0.045891 0.320518
v -0.744974 0.040361 0.322555
v -0.742411 0.040686 0.319212
v -0.743768 0.035044 0.322963
v -0.741205 0.035369 0.319620
v -0.740635 0.031040 0.324975
v -0.738072 0.031365 0.321632
v -0.736416 0.029422 0.328052
v -0.733853 0.029747 0.324709
v -0.732240 0.030623 0.331371
v -0.729677 0.030948 0.328028
v -0.729227 0.034322 0.334040
v -0.726664 0.034647 0.330698
v -0.728183 0.039528 0.335347
v -0.725620 0.039853 0.332004
v -0.729389 0.044845 0.334939
v -0.726826 0.045170 0.331596
v 0.751446 0.049526 0.309347
v 0.747631 0.052000 0.312384
v 0.745081 0.052196 0.309021
v 0.748896 0.049723 0.305984
v 0.743272 0.051707 0.315671
v 0.740722 0.051903 0.312308
v 0.739537 0.048727 0.318329
v 0.736988 0.048923 0.314966
v 0.737427 0.043857 0.319644
v 0.734878 0.044054 0.316281
v 0.737507 0.038404 0.319265
v 0.734958 0.038600 0.315902
v 0.739756 0.033827 0.317293
v 0.737207 0.034023 0.313930
v 0.743571 0.031354 0.314256
v 0.741022 0.031550 0.310893
v 0.747930 0.031646 0.310969
v 0.745380 0.031843 0.307606
v 0.751665 0.034627 0.308311
v 0.749115 0.034823 0.304948
v 0.753775 0.039496 0.306996
v 0.751225 0.039692 0.303633
v 0.753695 0.044950 0.307375
v 0.751145 0.045146 0.304012
v 0.791219 0.039115 0.375319
v 0.740772 0.043004 0.313520
v 0.741475 0.044628 0.313081
v 0.792006 0.038003 0.375151
v 0.740799 0.041187 0.313393
v 0.741549 0.039661 0.312736
v 0.790526 0.037621 0.372775
v 0.742820 0.038837 0.311724
v 0.744273 0.038934 0.310628
v 0.745518 0.039928 0.309742
v 0.746221 0.041551 0.309304
v 0.746195 0.043369 0.309430
v 0.745445 0.044894 0.310088
v 0.744174 0.045719 0.311100
v 0.788973 0.039485 0.372720
v 0.742720 0.045621 0.312196
v 0.791508 0.039016 0.374087
v 0.416936 0.066507 0.382344
v 0.416936 0.046507 0.412344
v 0.416936 0.076507 0.412344
v 0.416936 0.076507 0.382344
v -0.373064 0.066507 0.382344
v -0.373064 0.076507 0.382344
v -0.373064 0.076507 0.412344
v -0.373064 0.046507 0.412344
v -0.443064 0.066507 -0.387656
v -0.443064 0.046507 -0.417656
v -0.443064 0.076507 -0.417656
v -0.443064 0.076507 -0.387656
v 0.346936 0.066507 -0.387656
v 0.346936 0.076507 -0.387656
v 0.346936 0.076507 -0.417656
v 0.346936 0.046507 -0.417656
vn -0.0000 1.0000 -0.0000
vn -0.0000 -0.0000 1.0000
vn -0.0000 -0.0000 -1.0000
vn -0.0000 -1.0000 -0.0000
vn 1.0000 -0.0000 -0.0000
vn -1.0000 -0.0000 -0.0000
vn 0.6900 -0.0583 -0.7214
vn -0.6745 0.0571 0.7361
vn -0.0432 -0.9978 0.0510
vn 0.0432 0.9978 -0.0510
vn -0.0816 0.0047 -0.9967
vn 0.9943 -0.0820 -0.0681
vn -0.0160 -0.9999 -0.0035
vn 0.0160 0.9999 0.0035
vn 0.6207 -0.0390 0.7831
vn -0.6373 0.0376 -0.7697
vn -0.0271 -0.9989 -0.0390
vn 0.0271 0.9989 0.0390
vn 0.9982 0.0228 0.0559
vn -0.0677 -0.0725 0.9951
vn 0.0232 -0.9997 -0.0046
vn -0.0232 0.9997 0.0046
vn -0.7871 -0.0078 -0.6168
vn 0.8001 0.0067 0.5998
vn 0.0212 -0.9998 -0.0008
vn -0.0212 0.9998 0.0008
vn -0.9831 0.0310 0.1802
vn -0.1679 -0.0382 -0.9851
vn -0.0358 -0.9991 -0.0225
vn 0.0358 0.9991 0.0225
vn -0.6539 -0.0668 0.7536
vn 0.6378 0.0643 -0.7675
vn 0.0917 -0.9956 -0.0199
vn -0.0917 0.9956 0.0199
vn 0.1248 0.0440 0.9912
vn -0.9849 -0.1287 0.1159
vn 0.0671 -0.9971 0.0359
vn -0.0671 0.9971 -0.0359
vn -0.0000 -0.8321 -0.5547
vn -0.0000 -0.8320 0.5547
vn -0.0000 -0.8321 0.5547
vn -0.5566 -0.1018 0.8246
vn -0.4567 -0.5853 0.6700
vn -0.2269 -0.9121 0.3415
vn 0.0647 -0.9949 -0.0777
vn 0.3481 -0.8113 -0.4697
vn 0.5478 -0.4105 -0.7290
vn 0.6080 0.1001 -0.7876
vn 0.6080 0.1000 -0.7876
vn 0.5151 0.5833 -0.6280
vn 0.5151 0.5834 -0.6280
vn 0.2897 0.9101 -0.2963
vn -0.0083 0.9929 0.1184
vn -0.2962 0.8094 0.5070
vn -0.4990 0.4089 0.7641
vn -0.8111 0.0271 -0.5842
vn -0.8112 0.0271 -0.5842
vn 0.3819 0.8031 -0.4574
vn 0.7122 0.6793 0.1769
vn 0.7122 0.6794 0.1769
vn -0.2389 -0.9132 0.3301
vn -0.1819 -0.9432 0.2779
vn -0.2356 -0.9126 0.3341
vn -0.1458 -0.9762 0.1608
vn -0.1026 0.9616 0.2547
vn 0.4604 0.7038 -0.5410
vn 0.0751 0.9971 -0.0088
vn -0.0371 0.9945 0.0977
vn -0.3240 0.8108 0.4875
vn -0.5240 0.4099 0.7466
vn -0.5836 -0.1009 0.8057
vn -0.4869 -0.5847 0.6489
vn -0.2597 -0.9117 0.3183
vn 0.0371 -0.9945 -0.0977
vn 0.3240 -0.8108 -0.4874
vn 0.3240 -0.8108 -0.4875
vn 0.5240 -0.4099 -0.7466
vn 0.5836 0.1009 -0.8057
vn 0.4869 0.5847 -0.6489
vn 0.2597 0.9117 -0.3183
vn 0.8112 -0.0271 0.5842
vn 0.0664 0.9959 -0.0618
vn 0.3411 0.8691 0.3583
vn 0.5244 0.5094 0.6823
vn 0.5671 0.0133 0.8235
vn 0.4580 -0.4864 0.7441
vn 0.2261 -0.8558 0.4653
vn -0.0664 -0.9959 0.0618
vn -0.3411 -0.8691 -0.3583
vn -0.3411 -0.8691 -0.3582
vn -0.5244 -0.5094 -0.6823
vn -0.5243 -0.5095 -0.6823
vn -0.5671 -0.0133 -0.8235
vn -0.4580 0.4864 -0.7441
vn -0.4580 0.4865 -0.7441
vn -0.2261 0.8558 -0.4653
vn -0.2261 0.8558 -0.4652
vn 0.8209 -0.0897 -0.5639
vn -0.8209 0.0897 0.5639
vn 0.5939 0.0103 0.8044
vn 0.4879 -0.4894 0.7228
vn 0.2589 -0.8587 0.4422
vn -0.0384 -0.9984 0.0425
vn -0.3163 -0.8714 -0.3750
vn -0.4998 -0.5119 -0.6986
vn -0.5420 -0.0161 -0.8402
vn -0.5420 -0.0160 -0.8402
vn -0.4289 0.4830 -0.7634
vn -0.1954 0.8519 -0.4859
vn 0.0956 0.9921 -0.0818
vn 0.3688 0.8655 0.3389
vn 0.5491 0.5065 0.6648
vn -0.8209 0.0897 0.5640
vn -0.3150 0.7263 -0.6109
vn 0.3945 0.5998 -0.6962
vn 0.2442 -0.8590 0.4500
vn 0.2143 -0.8985 0.3831
vn 0.2491 -0.8586 0.4481
vn 0.1166 -0.9417 0.3155
vn 0.1931 0.9796 0.0552
vn -0.3667 0.6137 -0.6993
vn -0.3667 0.6136 -0.6993
vn 0.0032 0.9794 -0.2021
vn 0.4152 0.8956 0.1596
vn 0.7358 0.5572 0.3847
vn 0.8593 0.0696 0.5068
vn 0.8592 0.0696 0.5068
vn 0.8592 0.0696 0.5069
vn 0.7524 -0.4367 0.4930
vn 0.7524 -0.4368 0.4930
vn 0.4440 -0.8260 0.3472
vn 0.0166 -0.9940 0.1083
vn -0.4152 -0.8956 -0.1596
vn -0.7358 -0.5572 -0.3847
vn -0.7358 -0.5572 -0.3848
vn -0.8593 -0.0696 -0.5067
vn -0.8593 -0.0696 -0.5068
vn -0.8592 -0.0696 -0.5068
vn -0.7525 0.4367 -0.4930
vn -0.7524 0.4367 -0.4930
vn -0.4440 0.8260 -0.3472
vn -0.0166 0.9940 -0.1083
vn 0.5113 -0.0846 -0.8552
vn -0.5113 0.0846 0.8552
vn -0.5113 0.0847 0.8552
vn 0.7689 -0.4393 0.4646
vn 0.4625 -0.8286 0.3154
vn 0.0372 -0.9966 0.0739
vn -0.3976 -0.8979 -0.1887
vn -0.7202 -0.5596 -0.4102
vn -0.8437 -0.0720 -0.5319
vn -0.7366 0.4340 -0.5188
vn -0.4258 0.8225 -0.3770
vn -0.4258 0.8225 -0.3771
vn 0.0024 0.9901 -0.1401
vn 0.4331 0.8920 0.1291
vn 0.4331 0.8921 0.1291
vn 0.7528 0.5541 0.3554
vn 0.8744 0.0669 0.4805
vn -0.1882 0.9545 -0.2313
vn 0.3584 0.6900 -0.6289
vn 0.0266 -0.9959 0.0865
vn -0.0347 -0.9989 0.0308
vn 0.0304 -0.9961 0.0830
vn -0.1575 -0.9875 0.0010
vn 0.5556 0.8055 0.2063
vn -0.3024 0.8998 -0.3146
vn -0.3024 0.8998 -0.3147
vn -0.3023 0.8998 -0.3147
vn 0.3109 0.9487 0.0583
vn -0.2444 0.9694 -0.0251
vn -0.2443 0.9694 -0.0251
vn 0.1508 0.9222 -0.3561
vn 0.5056 0.6280 -0.5916
vn 0.7249 0.1654 -0.6687
vn 0.7500 -0.3414 -0.5666
vn 0.5741 -0.7568 -0.3126
vn 0.2444 -0.9694 0.0251
vn -0.1508 -0.9222 0.3561
vn -0.5056 -0.6279 0.5916
vn -0.7249 -0.1654 0.6687
vn -0.7500 0.3414 0.5665
vn -0.5741 0.7568 0.3126
vn -0.6440 -0.1816 -0.7431
vn 0.6440 0.1816 0.7431
vn 0.7032 0.1594 -0.6928
vn 0.7257 -0.3479 -0.5935
vn 0.7257 -0.3478 -0.5936
vn 0.5477 -0.7635 -0.3422
vn 0.2223 -0.9750 -0.0002
vn -0.1701 -0.9272 0.3336
vn -0.5245 -0.6330 0.5694
vn -0.7441 -0.1708 0.6458
vn -0.7441 -0.1709 0.6458
vn -0.7721 0.3348 0.5401
vn -0.5977 0.7495 0.2847
vn -0.2671 0.9623 -0.0515
vn 0.1288 0.9155 -0.3812
vn 0.4858 0.6221 -0.6140
vn -0.6817 0.6020 0.4157
vn -0.8373 0.4692 -0.2807
vn 0.5572 -0.7625 -0.3287
vn 0.5032 -0.8134 -0.2918
vn 0.5547 -0.7624 -0.3332
vn 0.4576 -0.8692 -0.1872
vn -0.1444 0.9754 -0.1663
vn -0.7409 0.4755 0.4744
vn -0.3699 0.9274 0.0552
vn 0.1700 0.8176 -0.5501
vn 0.3252 0.4223 -0.8461
vn 0.3933 -0.0861 -0.9154
vn 0.3560 -0.5715 -0.7394
vn 0.2233 -0.9037 -0.3653
vn 0.0307 -0.9938 0.1067
vn -0.1700 -0.8176 0.5501
vn -0.3252 -0.4223 0.8461
vn -0.3933 0.0861 0.9154
vn -0.3560 0.5715 0.7394
vn -0.2233 0.9037 0.3653
vn -0.0307 0.9938 -0.1067
vn -0.9189 -0.0701 -0.3882
vn 0.9189 0.0701 0.3882
vn 0.3254 -0.5735 -0.7518
vn 0.1892 -0.9057 -0.3793
vn -0.0062 -0.9958 0.0910
vn -0.2012 -0.8195 0.5365
vn -0.3526 -0.4242 0.8341
vn -0.4203 0.0839 0.9035
vn -0.3837 0.5691 0.7273
vn -0.2554 0.9007 0.3514
vn -0.2554 0.9007 0.3515
vn -0.0649 0.9905 -0.1211
vn 0.1372 0.8146 -0.5636
vn 0.2938 0.4197 -0.8588
vn 0.3651 -0.0882 -0.9268
vn -0.1327 0.9878 0.0821
vn -0.6172 0.6937 -0.3713
vn -0.6172 0.6937 -0.3712
vn 0.0078 -0.9950 0.0998
vn -0.0395 -0.9851 0.1673
vn 0.0038 -0.9953 0.0965
vn -0.0519 -0.9557 0.2898
vn 0.1909 0.7067 -0.6813
vn -0.2041 0.9557 0.2120
vn 0.0876 0.8924 -0.4426
vn 0.0876 0.8924 -0.4427
vn 0.2317 0.7946 0.5612
vn -0.0783 0.9787 0.1897
vn -0.3672 0.9006 -0.2326
vn -0.5578 0.5811 -0.5926
vn -0.5989 0.1060 -0.7938
vn -0.4795 -0.3976 -0.7823
vn -0.2317 -0.7946 -0.5612
vn 0.0783 -0.9787 -0.1897
vn 0.3672 -0.9006 0.2326
vn 0.5578 -0.5811 0.5926
vn 0.5989 -0.1060 0.7938
vn 0.4795 0.3976 0.7823
vn -0.7970 -0.1757 0.5778
vn -0.7970 -0.1757 0.5779
vn 0.7970 0.1757 -0.5778
vn -0.5838 0.5750 -0.5732
vn -0.6278 0.0994 -0.7720
vn -0.5112 -0.4043 -0.7584
vn -0.2587 -0.8002 -0.5411
vn 0.0543 -0.9835 -0.1723
vn 0.3434 -0.9054 0.2496
vn 0.5333 -0.5862 0.6099
vn 0.5333 -0.5863 0.6098
vn 0.5705 -0.1120 0.8136
vn 0.4495 0.3908 0.8033
vn 0.2032 0.7879 0.5813
vn -0.1053 0.9722 0.2092
vn -0.3913 0.8948 -0.2149
vn 0.7970 0.1757 -0.5779
vn 0.5298 0.1937 0.8257
vn -0.1832 0.2146 0.9594
vn -0.4974 -0.4040 -0.7677
vn -0.4788 -0.4786 -0.7360
vn -0.5019 -0.4035 -0.7651
vn -0.3965 -0.5730 -0.7172
vn 0.1031 0.8733 0.4761
vn 0.5481 0.0431 0.8353
vn 0.5480 0.0431 0.8353
vn 0.5480 0.0431 0.8354
vn 0.2905 0.6919 0.6609
vn -0.7914 0.2932 -0.5365
vn -0.7856 -0.2224 -0.5773
vn -0.5751 -0.6791 -0.4561
vn -0.2114 -0.9542 -0.2118
vn 0.2023 -0.9744 0.0982
vn 0.5547 -0.7343 0.3913
vn 0.7530 -0.2981 0.5866
vn 0.7420 0.2169 0.6343
vn 0.5282 0.6732 0.5175
vn 0.1692 0.9488 0.2668
vn -0.2411 0.9693 -0.0476
vn -0.5911 0.7297 -0.3437
vn 0.6066 0.0769 -0.7913
vn 0.6475 0.5038 0.5717
vn -0.0111 0.4825 0.8758
vn -0.5640 -0.6801 -0.4683
vn -0.5253 -0.7382 -0.4233
vn -0.5677 -0.6794 -0.4649
vn -0.4245 -0.8115 -0.4015
vn 0.0346 0.9845 0.1721
vn 0.6956 0.3673 0.6174
vn 0.2881 0.8936 0.3442
vn 0.2881 0.8936 0.3441
vn 0.1909 0.9521 0.2389
vn -0.2206 0.9725 -0.0746
vn -0.5729 0.7323 -0.3680
vn -0.7717 0.2959 -0.5629
vn -0.7638 -0.2198 -0.6069
vn -0.5512 -0.6766 -0.4883
vn -0.1909 -0.9521 -0.2389
vn 0.2206 -0.9725 0.0746
vn 0.5729 -0.7323 0.3680
vn 0.7717 -0.2959 0.5629
vn 0.7638 0.2198 0.6069
vn 0.5512 0.6766 0.4883
vn -0.6066 -0.0769 0.7913
vn 0.3859 0.8906 -0.2406
vn -0.0147 0.9975 0.0694
vn -0.4113 0.8371 0.3607
vn -0.6978 0.4524 0.5554
vn -0.7972 -0.0535 0.6013
vn -0.6831 -0.5451 0.4861
vn -0.6831 -0.5451 0.4860
vn -0.3859 -0.8906 0.2406
vn 0.0147 -0.9975 -0.0694
vn 0.4113 -0.8371 -0.3607
vn 0.6978 -0.4524 -0.5554
vn 0.7972 0.0535 -0.6013
vn 0.6831 0.5451 -0.4861
vn 0.6035 -0.0465 0.7960
vn -0.6035 0.0465 -0.7960
vn -0.6775 0.4506 0.5814
vn -0.7745 -0.0551 0.6302
vn -0.7745 -0.0550 0.6302
vn -0.6582 -0.5466 0.5176
vn -0.3651 -0.8917 0.2676
vn 0.0327 -0.9984 -0.0455
vn 0.4290 -0.8381 -0.3370
vn 0.7158 -0.4535 -0.5310
vn 0.7157 -0.4536 -0.5310
vn 0.8179 0.0519 -0.5730
vn 0.7051 0.5430 -0.4561
vn 0.4071 0.8884 -0.2121
vn 0.0059 0.9953 0.0964
vn -0.3927 0.8353 0.3848
vn 0.7673 0.3537 -0.5349
vn 0.8955 0.4082 0.1773
vn -0.6675 -0.5482 0.5039
vn -0.6212 -0.6149 0.4858
vn -0.6650 -0.5471 0.5084
vn -0.5839 -0.7040 0.4043
vn 0.2871 0.9513 -0.1125
vn 0.8075 0.2084 -0.5519
vn 0.8075 0.2084 -0.5518
vn 0.5045 0.8100 -0.2990
vn -0.8111 0.0270 -0.5843
vn -0.8112 0.0272 -0.5842
vn -0.8111 0.0271 -0.5843
vn -0.8110 0.0271 -0.5844
vn -0.8111 0.0272 -0.5843
vn -0.8112 0.0271 -0.5841
vn -0.4869 -0.5846 0.6489
vn 0.8111 -0.0271 0.5842
vn 0.8112 -0.0272 0.5842
vn 0.2261 -0.8558 0.4652
vn -0.3410 -0.8691 -0.3583
vn -0.5672 -0.0133 -0.8235
vn 0.8210 -0.0897 -0.5639
vn 0.8209 -0.0897 -0.5640
vn -0.8210 0.0897 0.5639
vn -0.8209 0.0896 0.5640
vn -0.8210 0.0896 0.5638
vn -0.8208 0.0897 0.5642
vn -0.8208 0.0898 0.5641
vn -0.8209 0.0899 0.5639
vn -0.8210 0.0897 0.5638
vn 0.4153 0.8956 0.1596
vn 0.7358 0.5573 0.3847
vn 0.8593 0.0696 0.5067
vn -0.4153 -0.8956 -0.1596
vn -0.7358 -0.5573 -0.3847
vn -0.7524 0.4367 -0.4931
vn 0.5113 -0.0846 -0.8553
vn 0.5113 -0.0847 -0.8552
vn -0.5114 0.0847 0.8552
vn -0.5112 0.0846 0.8553
vn -0.5112 0.0847 0.8553
vn -0.5111 0.0846 0.8554
vn -0.5113 0.0844 0.8553
vn -0.5110 0.0846 0.8554
vn -0.6440 -0.1817 -0.7431
vn -0.6441 -0.1816 -0.7431
vn -0.6441 -0.1815 -0.7431
vn 0.6440 0.1815 0.7431
vn 0.6440 0.1814 0.7432
vn 0.6440 0.1815 0.7432
vn 0.6441 0.1815 0.7431
vn 0.6439 0.1816 0.7432
vn 0.0308 -0.9938 0.1067
vn -0.9189 -0.0700 -0.3882
vn 0.9189 0.0702 0.3882
vn 0.9189 0.0701 0.3883
vn 0.9189 0.0700 0.3882
vn 0.9189 0.0701 0.3881
vn 0.9189 0.0700 0.3881
vn -0.7970 -0.1758 0.5778
vn 0.7970 0.1758 -0.5779
vn 0.7970 0.1758 -0.5778
vn 0.7970 0.1756 -0.5779
vn 0.7969 0.1758 -0.5780
vn 0.6067 0.0771 -0.7912
vn 0.6066 0.0770 -0.7913
vn 0.6068 0.0769 -0.7911
vn -0.6066 -0.0770 0.7912
vn -0.6067 -0.0769 0.7912
vn 0.6066 0.0769 -0.7912
vn 0.6066 0.0768 -0.7913
vn 0.6977 -0.4524 -0.5554
vn 0.6831 0.5451 -0.4860
vn 0.6034 -0.0465 0.7960
vn 0.6036 -0.0465 0.7959
vn 0.6035 -0.0464 0.7960
vn -0.6035 0.0464 -0.7960
vn -0.6034 0.0464 -0.7961
vn -0.6036 0.0465 -0.7959
vn -0.6037 0.0465 -0.7959
vn -0.6036 0.0467 -0.7959
vn -0.6037 0.0462 -0.7959
vt 0.625000 0.000000
vt 0.500000 0.000000
vt 0.616667 0.000000
vt 0.633333 0.000000
vt 0.141667 0.000000
vt 0.150000 0.000000
vt 0.958333 0.000000
vt 0.966667 0.000000
vt 0.133333 0.000000
vt 0.125000 0.000000
vt 0.975000 0.000000
vt 0.116667 0.000000
vt 0.983333 0.000000
vt 0.108333 0.000000
vt 0.991667 0.000000
vt 0.100000 0.000000
vt 1.000000 0.000000
vt 0.091667 0.000000
vt 0.608333 0.000000
vt 0.083333 0.000000
vt 0.075000 0.000000
vt 0.066667 0.000000
vt 0.700000 0.000000
vt 0.425000 0.000000
vt 0.433333 0.000000
vt 0.450000 0.000000
vt 0.683333 0.000000
vt 0.691667 0.000000
vt 0.441667 0.000000
vt 0.191667 0.000000
vt 0.916667 0.000000
vt 0.183333 0.000000
vt 0.925000 0.000000
vt 0.475000 0.000000
vt 0.483333 0.000000
vt 0.666667 0.000000
vt 0.675000 0.000000
vt 0.466667 0.000000
vt 0.458333 0.000000
vt 0.175000 0.000000
vt 0.933333 0.000000
vt 0.166667 0.000000
vt 0.941667 0.000000
vt 0.158333 0.000000
vt 0.950000 0.000000
vt 0.641667 0.000000
vt 0.650000 0.000000
vt 0.658333 0.000000
vt 0.491667 0.000000
vt 0.508333 0.000000
vt 0.058333 0.000000
vt 0.516667 0.000000
vt 0.050000 0.000000
vt 0.525000 0.000000
vt 0.533333 0.000000
vt 0.041667 0.000000
vt 0.541667 0.000000
vt 0.033333 0.000000
vt 0.416667 0.000000
vt 0.708333 0.000000
vt 0.408333 0.000000
vt 0.208333 0.000000
vt 0.891667 0.000000
vt 0.900000 0.000000
vt 0.200000 0.000000
vt 0.908333 0.000000
vt 0.716667 0.000000
vt 0.400000 0.000000
vt 0.883333 0.000000
vt 0.216667 0.000000
vt 0.225000 0.000000
vt 0.875000 0.000000
vt 0.733333 0.000000
vt 0.383333 0.000000
vt 0.725000 0.000000
vt 0.391667 0.000000
vt 0.575000 0.000000
vt 0.583333 0.000000
vt 0.008333 0.000000
vt 0.250000 0.000000
vt 0.258333 0.000000
vt 0.850000 0.000000
vt 0.841667 0.000000
vt 0.266667 0.000000
vt 0.833333 0.000000
vt 0.275000 0.000000
vt 0.825000 0.000000
vt 0.283333 0.000000
vt 0.816667 0.000000
vt 0.291667 0.000000
vt 0.300000 0.000000
vt 0.808333 0.000000
vt 0.308333 0.000000
vt 0.800000 0.000000
vt 0.316667 0.000000
vt 0.791667 0.000000
vt 0.325000 0.000000
vt 0.783333 0.000000
vt 0.333333 0.000000
vt 0.775000 0.000000
vt 0.341667 0.000000
vt 0.766667 0.000000
vt 0.350000 0.000000
vt 0.233333 0.000000
vt 0.866667 0.000000
vt 0.241667 0.000000
vt 0.858333 0.000000
vt 0.758333 0.000000
vt 0.358333 0.000000
vt 0.750000 0.000000
vt 0.366667 0.000000
vt 0.741667 0.000000
vt 0.375000 0.000000
vt 0.591667 0.000000
vt 0.000000 0.000000
vt 0.600000 0.000000
vt 0.550000 0.000000
vt 0.025000 0.000000
vt 0.558333 0.000000
vt 0.566667 0.000000
vt 0.016667 0.000000
vt 0.977273 0.000000
vt 0.988636 0.000000
vt 0.965909 0.000000
vt 0.420455 0.000000
vt 0.431818 0.000000
vt 0.443182 0.000000
vt 0.454545 0.000000
vt 0.465909 0.000000
vt 0.511364 0.000000
vt 0.386364 0.000000
vt 0.363636 0.000000
vt 0.477273 0.000000
vt 0.409091 0.000000
vt 0.488636 0.000000
vt 0.397727 0.000000
vt 0.306818 0.000000
vt 0.556818 0.000000
vt 0.295455 0.000000
vt 0.318182 0.000000
vt 0.545455 0.000000
vt 0.340909 0.000000
vt 0.534091 0.000000
vt 0.329545 0.000000
vt 0.579545 0.000000
vt 0.284091 0.000000
vt 0.568182 0.000000
vt 0.590909 0.000000
vt 0.272727 0.000000
vt 0.011364 0.000000
vt 0.022727 0.000000
vt 0.909091 0.000000
vt 0.897727 0.000000
vt 0.886364 0.000000
vt 0.954545 0.000000
vt 0.943182 0.000000
vt 0.931818 0.000000
vt 0.920455 0.000000
vt 0.522727 0.000000
vt 0.352273 0.000000
vt 0.715909 0.000000
vt 0.727273 0.000000
vt 0.136364 0.000000
vt 0.704545 0.000000
vt 0.147727 0.000000
vt 0.693182 0.000000
vt 0.159091 0.000000
vt 0.840909 0.000000
vt 0.852273 0.000000
vt 0.056818 0.000000
vt 0.068182 0.000000
vt 0.829545 0.000000
vt 0.818182 0.000000
vt 0.079545 0.000000
vt 0.806818 0.000000
vt 0.795455 0.000000
vt 0.090909 0.000000
vt 0.784091 0.000000
vt 0.772727 0.000000
vt 0.102273 0.000000
vt 0.761364 0.000000
vt 0.113636 0.000000
vt 0.738636 0.000000
vt 0.681818 0.000000
vt 0.170455 0.000000
vt 0.670455 0.000000
vt 0.181818 0.000000
vt 0.659091 0.000000
vt 0.193182 0.000000
vt 0.647727 0.000000
vt 0.204545 0.000000
vt 0.636364 0.000000
vt 0.215909 0.000000
vt 0.227273 0.000000
vt 0.238636 0.000000
vt 0.613636 0.000000
vt 0.034091 0.000000
vt 0.045455 0.000000
vt 0.863636 0.000000
vt 0.602273 0.000000
vt 0.261364 0.000000
vt 0.493506 0.000000
vt 0.506494 0.000000
vt 0.480519 0.000000
vt 0.519481 0.000000
vt 0.441558 0.000000
vt 0.467532 0.000000
vt 0.558442 0.000000
vt 0.571429 0.000000
vt 0.402597 0.000000
vt 0.415584 0.000000
vt 0.428571 0.000000
vt 0.532468 0.000000
vt 0.350649 0.000000
vt 0.623377 0.000000
vt 0.610390 0.000000
vt 0.376623 0.000000
vt 0.337662 0.000000
vt 0.649351 0.000000
vt 0.662338 0.000000
vt 0.324675 0.000000
vt 0.675325 0.000000
vt 0.311688 0.000000
vt 0.077922 0.000000
vt 0.961039 0.000000
vt 0.064935 0.000000
vt 0.974026 0.000000
vt 0.051948 0.000000
vt 0.597403 0.000000
vt 0.584416 0.000000
vt 0.389610 0.000000
vt 0.038961 0.000000
vt 0.025974 0.000000
vt 0.012987 0.000000
vt 0.987013 0.000000
vt 0.103896 0.000000
vt 0.935065 0.000000
vt 0.948052 0.000000
vt 0.701299 0.000000
vt 0.714286 0.000000
vt 0.285714 0.000000
vt 0.922078 0.000000
vt 0.792208 0.000000
vt 0.805195 0.000000
vt 0.194805 0.000000
vt 0.831169 0.000000
vt 0.168831 0.000000
vt 0.844156 0.000000
vt 0.259740 0.000000
vt 0.740260 0.000000
vt 0.246753 0.000000
vt 0.753247 0.000000
vt 0.233766 0.000000
vt 0.766234 0.000000
vt 0.220779 0.000000
vt 0.779221 0.000000
vt 0.207792 0.000000
vt 0.155844 0.000000
vt 0.857143 0.000000
vt 0.142857 0.000000
vt 0.870130 0.000000
vt 0.883117 0.000000
vt 0.129870 0.000000
vt 0.896104 0.000000
vt 0.116883 0.000000
vt 0.688312 0.000000
vt 0.298701 0.000000
vt 0.752475 0.000000
vt 0.762376 0.000000
vt 0.277228 0.000000
vt 0.801980 0.000000
vt 0.811881 0.000000
vt 0.237624 0.000000
vt 0.247525 0.000000
vt 0.792079 0.000000
vt 0.257426 0.000000
vt 0.782178 0.000000
vt 0.772277 0.000000
vt 0.267327 0.000000
vt 0.287129 0.000000
vt 0.742574 0.000000
vt 0.297030 0.000000
vt 0.732673 0.000000
vt 0.306931 0.000000
vt 0.722772 0.000000
vt 0.316832 0.000000
vt 0.712871 0.000000
vt 0.326733 0.000000
vt 0.702970 0.000000
vt 0.356436 0.000000
vt 0.366337 0.000000
vt 0.673267 0.000000
vt 0.851485 0.000000
vt 0.198020 0.000000
vt 0.841584 0.000000
vt 0.207921 0.000000
vt 0.683168 0.000000
vt 0.346535 0.000000
vt 0.663366 0.000000
vt 0.376238 0.000000
vt 0.653465 0.000000
vt 0.168317 0.000000
vt 0.881188 0.000000
vt 0.158416 0.000000
vt 0.871287 0.000000
vt 0.178218 0.000000
vt 0.386139 0.000000
vt 0.396040 0.000000
vt 0.643564 0.000000
vt 0.861386 0.000000
vt 0.188119 0.000000
vt 0.831683 0.000000
vt 0.217822 0.000000
vt 0.821782 0.000000
vt 0.227723 0.000000
vt 0.336634 0.000000
vt 0.693069 0.000000
vt 0.425743 0.000000
vt 0.613861 0.000000
vt 0.415842 0.000000
vt 0.623762 0.000000
vt 0.148515 0.000000
vt 0.891089 0.000000
vt 0.900990 0.000000
vt 0.138614 0.000000
vt 0.128713 0.000000
vt 0.118812 0.000000
vt 0.910891 0.000000
vt 0.920792 0.000000
vt 0.108911 0.000000
vt 0.089109 0.000000
vt 0.099010 0.000000
vt 0.930693 0.000000
vt 0.445545 0.000000
vt 0.584158 0.000000
vt 0.435644 0.000000
vt 0.594059 0.000000
vt 0.603960 0.000000
vt 0.059406 0.000000
vt 0.069307 0.000000
vt 0.950495 0.000000
vt 0.960396 0.000000
vt 0.049505 0.000000
vt 0.455446 0.000000
vt 0.465347 0.000000
vt 0.564356 0.000000
vt 0.574257 0.000000
vt 0.514852 0.000000
vt 0.524752 0.000000
vt 0.504951 0.000000
vt 0.495050 0.000000
vt 0.534653 0.000000
vt 0.485149 0.000000
vt 0.544554 0.000000
vt 0.970297 0.000000
vt 0.039604 0.000000
vt 0.980198 0.000000
vt 0.990099 0.000000
vt 0.029703 0.000000
vt 0.475248 0.000000
vt 0.554455 0.000000
vt 0.940594 0.000000
vt 0.079208 0.000000
vt 0.009901 0.000000
vt 0.019802 0.000000
vt 0.405941 0.000000
vt 0.633663 0.000000
vt 0.288660 0.000000
vt 0.298969 0.000000
vt 0.711340 0.000000
vt 0.721649 0.000000
vt 0.278351 0.000000
vt 0.731959 0.000000
vt 0.268041 0.000000
vt 0.742268 0.000000
vt 0.257732 0.000000
vt 0.247423 0.000000
vt 0.752577 0.000000
vt 0.237113 0.000000
vt 0.762887 0.000000
vt 0.226804 0.000000
vt 0.773196 0.000000
vt 0.216495 0.000000
vt 0.783505 0.000000
vt 0.206186 0.000000
vt 0.793814 0.000000
vt 0.195876 0.000000
vt 0.340206 0.000000
vt 0.670103 0.000000
vt 0.329897 0.000000
vt 0.680412 0.000000
vt 0.824742 0.000000
vt 0.835052 0.000000
vt 0.164948 0.000000
vt 0.154639 0.000000
vt 0.659794 0.000000
vt 0.350515 0.000000
vt 0.649485 0.000000
vt 0.855670 0.000000
vt 0.144330 0.000000
vt 0.845361 0.000000
vt 0.371134 0.000000
vt 0.639175 0.000000
vt 0.360825 0.000000
vt 0.876289 0.000000
vt 0.123711 0.000000
vt 0.865979 0.000000
vt 0.134021 0.000000
vt 0.319588 0.000000
vt 0.690722 0.000000
vt 0.309278 0.000000
vt 0.701031 0.000000
vt 0.804124 0.000000
vt 0.185567 0.000000
vt 0.814433 0.000000
vt 0.175258 0.000000
vt 0.381443 0.000000
vt 0.618557 0.000000
vt 0.628866 0.000000
vt 0.113402 0.000000
vt 0.886598 0.000000
vt 0.103093 0.000000
vt 0.907216 0.000000
vt 0.092784 0.000000
vt 0.896907 0.000000
vt 0.391753 0.000000
vt 0.608247 0.000000
vt 0.587629 0.000000
vt 0.412371 0.000000
vt 0.422680 0.000000
vt 0.577320 0.000000
vt 0.927835 0.000000
vt 0.061856 0.000000
vt 0.917526 0.000000
vt 0.072165 0.000000
vt 0.402062 0.000000
vt 0.597938 0.000000
vt 0.082474 0.000000
vt 0.958763 0.000000
vt 0.030928 0.000000
vt 0.948454 0.000000
vt 0.041237 0.000000
vt 0.494845 0.000000
vt 0.505155 0.000000
vt 0.515464 0.000000
vt 0.989691 0.000000
vt 0.525773 0.000000
vt 0.979381 0.000000
vt 0.010309 0.000000
vt 0.556701 0.000000
vt 0.453608 0.000000
vt 0.463918 0.000000
vt 0.546392 0.000000
vt 0.474227 0.000000
vt 0.536082 0.000000
vt 0.484536 0.000000
vt 0.969072 0.000000
vt 0.020619 0.000000
vt 0.432990 0.000000
vt 0.567010 0.000000
vt 0.443299 0.000000
vt 0.938144 0.000000
vt 0.051546 0.000000
vt 0.549020 0.000000
vt 0.568627 0.000000
vt 0.588235 0.000000
vt 0.490196 0.000000
vt 0.509804 0.000000
vt 0.529412 0.000000
vt 0.470588 0.000000
vt 0.607843 0.000000
vt 0.627451 0.000000
vt 0.647059 0.000000
vt 0.450980 0.000000
vt 0.764706 0.000000
vt 0.784314 0.000000
vt 0.745098 0.000000
vt 0.725490 0.000000
vt 0.431373 0.000000
vt 0.254902 0.000000
vt 0.274510 0.000000
vt 0.313726 0.000000
vt 0.294118 0.000000
vt 0.941176 0.000000
vt 0.156863 0.000000
vt 0.921569 0.000000
vt 0.176471 0.000000
vt 0.078431 0.000000
vt 0.980392 0.000000
vt 0.960784 0.000000
vt 0.137255 0.000000
vt 0.117647 0.000000
vt 0.098039 0.000000
vt 0.901961 0.000000
vt 0.196078 0.000000
vt 0.019608 0.000000
vt 0.039216 0.000000
vt 0.058824 0.000000
vt 0.803922 0.000000
vt 0.823529 0.000000
vt 0.843137 0.000000
vt 0.705882 0.000000
vt 0.862745 0.000000
vt 0.686275 0.000000
vt 0.882353 0.000000
vt 0.411765 0.000000
vt 0.215686 0.000000
vt 0.392157 0.000000
vt 0.235294 0.000000
vt 0.372549 0.000000
vt 0.352941 0.000000
vt 0.436090 0.000000
vt 0.443609 0.000000
vt 0.458647 0.000000
vt 0.451128 0.000000
vt 0.503759 0.000000
vt 0.398496 0.000000
vt 0.496241 0.000000
vt 0.406015 0.000000
vt 0.488722 0.000000
vt 0.481203 0.000000
vt 0.413534 0.000000
vt 0.473684 0.000000
vt 0.421053 0.000000
vt 0.466165 0.000000
vt 0.172932 0.000000
vt 0.180451 0.000000
vt 0.819549 0.000000
vt 0.827068 0.000000
vt 0.165414 0.000000
vt 0.909774 0.000000
vt 0.090226 0.000000
vt 0.902256 0.000000
vt 0.368421 0.000000
vt 0.541353 0.000000
vt 0.360902 0.000000
vt 0.533835 0.000000
vt 0.375940 0.000000
vt 0.894737 0.000000
vt 0.097744 0.000000
vt 0.526316 0.000000
vt 0.518797 0.000000
vt 0.383459 0.000000
vt 0.751880 0.000000
vt 0.759399 0.000000
vt 0.225564 0.000000
vt 0.879699 0.000000
vt 0.887218 0.000000
vt 0.105263 0.000000
vt 0.511278 0.000000
vt 0.390977 0.000000
vt 0.218045 0.000000
vt 0.766917 0.000000
vt 0.774436 0.000000
vt 0.210526 0.000000
vt 0.781955 0.000000
vt 0.203008 0.000000
vt 0.789474 0.000000
vt 0.796992 0.000000
vt 0.195489 0.000000
vt 0.804511 0.000000
vt 0.187970 0.000000
vt 0.812030 0.000000
vt 0.834586 0.000000
vt 0.157895 0.000000
vt 0.842105 0.000000
vt 0.150376 0.000000
vt 0.849624 0.000000
vt 0.135338 0.000000
vt 0.127820 0.000000
vt 0.864662 0.000000
vt 0.120301 0.000000
vt 0.872180 0.000000
vt 0.112782 0.000000
vt 0.353383 0.000000
vt 0.548872 0.000000
vt 0.556391 0.000000
vt 0.345865 0.000000
vt 0.338346 0.000000
vt 0.932331 0.000000
vt 0.067669 0.000000
vt 0.924812 0.000000
vt 0.075188 0.000000
vt 0.917293 0.000000
vt 0.082707 0.000000
vt 0.563910 0.000000
vt 0.330827 0.000000
vt 0.736842 0.000000
vt 0.240602 0.000000
vt 0.729323 0.000000
vt 0.939850 0.000000
vt 0.052632 0.000000
vt 0.060150 0.000000
vt 0.962406 0.000000
vt 0.969925 0.000000
vt 0.015038 0.000000
vt 0.022556 0.000000
vt 0.992481 0.000000
vt 0.984962 0.000000
vt 0.977444 0.000000
vt 0.007519 0.000000
vt 0.323308 0.000000
vt 0.578947 0.000000
vt 0.315789 0.000000
vt 0.586466 0.000000
vt 0.308271 0.000000
vt 0.593985 0.000000
vt 0.300752 0.000000
vt 0.601504 0.000000
vt 0.293233 0.000000
vt 0.609023 0.000000
vt 0.616541 0.000000
vt 0.624060 0.000000
vt 0.278196 0.000000
vt 0.631579 0.000000
vt 0.270677 0.000000
vt 0.639098 0.000000
vt 0.646617 0.000000
vt 0.654135 0.000000
vt 0.661654 0.000000
vt 0.263158 0.000000
vt 0.669173 0.000000
vt 0.676692 0.000000
vt 0.684211 0.000000
vt 0.691729 0.000000
vt 0.699248 0.000000
vt 0.255639 0.000000
vt 0.706767 0.000000
vt 0.248120 0.000000
vt 0.721804 0.000000
vt 0.954887 0.000000
vt 0.030075 0.000000
vt 0.037594 0.000000
vt 0.947368 0.000000
vt 0.045113 0.000000
vt 0.233083 0.000000
vt 0.744361 0.000000
vt 0.168421 0.000000
vt 0.178947 0.000000
vt 0.852632 0.000000
vt 0.863158 0.000000
vt 0.147368 0.000000
vt 0.136842 0.000000
vt 0.873684 0.000000
vt 0.126316 0.000000
vt 0.884211 0.000000
vt 0.115789 0.000000
vt 0.905263 0.000000
vt 0.094737 0.000000
vt 0.915789 0.000000
vt 0.084211 0.000000
vt 0.926316 0.000000
vt 0.073684 0.000000
vt 0.221053 0.000000
vt 0.810526 0.000000
vt 0.957895 0.000000
vt 0.968421 0.000000
vt 0.042105 0.000000
vt 0.031579 0.000000
vt 0.231579 0.000000
vt 0.778947 0.000000
vt 0.978947 0.000000
vt 0.989474 0.000000
vt 0.021053 0.000000
vt 0.242105 0.000000
vt 0.768421 0.000000
vt 0.010526 0.000000
vt 0.821053 0.000000
vt 0.189474 0.000000
vt 0.831579 0.000000
vt 0.936842 0.000000
vt 0.063158 0.000000
vt 0.747368 0.000000
vt 0.252632 0.000000
vt 0.515789 0.000000
vt 0.494737 0.000000
vt 0.273684 0.000000
vt 0.726316 0.000000
vt 0.536842 0.000000
vt 0.484211 0.000000
vt 0.715789 0.000000
vt 0.284211 0.000000
vt 0.294737 0.000000
vt 0.705263 0.000000
vt 0.547368 0.000000
vt 0.557895 0.000000
vt 0.463158 0.000000
vt 0.326316 0.000000
vt 0.336842 0.000000
vt 0.673684 0.000000
vt 0.663158 0.000000
vt 0.347368 0.000000
vt 0.652632 0.000000
vt 0.357895 0.000000
vt 0.642105 0.000000
vt 0.378947 0.000000
vt 0.621053 0.000000
vt 0.389474 0.000000
vt 0.610526 0.000000
vt 0.410526 0.000000
vt 0.589474 0.000000
vt 0.431579 0.000000
vt 0.305263 0.000000
vt 0.694737 0.000000
vt 0.442105 0.000000
vt 0.568421 0.000000
vt 0.452632 0.000000
vt 0.757895 0.000000
vt 0.505263 0.000000
vt 0.021505 0.000000
vt 0.032258 0.000000
vt 0.010753 0.000000
vt 0.064516 0.000000
vt 0.989247 0.000000
vt 0.053763 0.000000
vt 0.043011 0.000000
vt 0.720430 0.000000
vt 0.086022 0.000000
vt 0.978495 0.000000
vt 0.075269 0.000000
vt 0.096774 0.000000
vt 0.967742 0.000000
vt 0.752688 0.000000
vt 0.698925 0.000000
vt 0.741935 0.000000
vt 0.709677 0.000000
vt 0.731183 0.000000
vt 0.935484 0.000000
vt 0.946237 0.000000
vt 0.451613 0.000000
vt 0.774194 0.000000
vt 0.784946 0.000000
vt 0.677419 0.000000
vt 0.118280 0.000000
vt 0.107527 0.000000
vt 0.956989 0.000000
vt 0.763441 0.000000
vt 0.688172 0.000000
vt 0.376344 0.000000
vt 0.387097 0.000000
vt 0.161290 0.000000
vt 0.193548 0.000000
vt 0.204301 0.000000
vt 0.182796 0.000000
vt 0.215054 0.000000
vt 0.225806 0.000000
vt 0.236559 0.000000
vt 0.247312 0.000000
vt 0.258065 0.000000
vt 0.268817 0.000000
vt 0.279570 0.000000
vt 0.290323 0.000000
vt 0.301075 0.000000
vt 0.311828 0.000000
vt 0.172043 0.000000
vt 0.322581 0.000000
vt 0.344086 0.000000
vt 0.354839 0.000000
vt 0.365591 0.000000
vt 0.580645 0.000000
vt 0.591398 0.000000
vt 0.860215 0.000000
vt 0.150538 0.000000
vt 0.397849 0.000000
vt 0.408602 0.000000
vt 0.139785 0.000000
vt 0.419355 0.000000
vt 0.430108 0.000000
vt 0.129032 0.000000
vt 0.440860 0.000000
vt 0.462366 0.000000
vt 0.473118 0.000000
vt 0.924731 0.000000
vt 0.483871 0.000000
vt 0.494624 0.000000
vt 0.913979 0.000000
vt 0.505376 0.000000
vt 0.903226 0.000000
vt 0.516129 0.000000
vt 0.526882 0.000000
vt 0.892473 0.000000
vt 0.537634 0.000000
vt 0.548387 0.000000
vt 0.881720 0.000000
vt 0.559140 0.000000
vt 0.870968 0.000000
vt 0.569892 0.000000
vt 0.849462 0.000000
vt 0.602151 0.000000
vt 0.838710 0.000000
vt 0.612903 0.000000
vt 0.827957 0.000000
vt 0.623656 0.000000
vt 0.817204 0.000000
vt 0.634409 0.000000
vt 0.806452 0.000000
vt 0.645161 0.000000
vt 0.795699 0.000000
vt 0.655914 0.000000
vt 0.520408 0.000000
vt 0.530612 0.000000
vt 0.224490 0.000000
vt 0.234694 0.000000
vt 0.510204 0.000000
vt 0.244898 0.000000
vt 0.755102 0.000000
vt 0.489796 0.000000
vt 0.479592 0.000000
vt 0.765306 0.000000
vt 0.469388 0.000000
vt 0.775510 0.000000
vt 0.459184 0.000000
vt 0.785714 0.000000
vt 0.448980 0.000000
vt 0.153061 0.000000
vt 0.612245 0.000000
vt 0.877551 0.000000
vt 0.377551 0.000000
vt 0.867347 0.000000
vt 0.602041 0.000000
vt 0.163265 0.000000
vt 0.387755 0.000000
vt 0.591837 0.000000
vt 0.173469 0.000000
vt 0.836735 0.000000
vt 0.846939 0.000000
vt 0.408163 0.000000
vt 0.397959 0.000000
vt 0.581633 0.000000
vt 0.183673 0.000000
vt 0.193878 0.000000
vt 0.561224 0.000000
vt 0.551020 0.000000
vt 0.204082 0.000000
vt 0.540816 0.000000
vt 0.214286 0.000000
vt 0.795918 0.000000
vt 0.438776 0.000000
vt 0.806122 0.000000
vt 0.816327 0.000000
vt 0.826531 0.000000
vt 0.418367 0.000000
vt 0.132653 0.000000
vt 0.632653 0.000000
vt 0.122449 0.000000
vt 0.897959 0.000000
vt 0.367347 0.000000
vt 0.887755 0.000000
vt 0.642857 0.000000
vt 0.112245 0.000000
vt 0.908163 0.000000
vt 0.357143 0.000000
vt 0.091837 0.000000
vt 0.663265 0.000000
vt 0.673469 0.000000
vt 0.081633 0.000000
vt 0.653061 0.000000
vt 0.102041 0.000000
vt 0.918367 0.000000
vt 0.346939 0.000000
vt 0.704082 0.000000
vt 0.061224 0.000000
vt 0.051020 0.000000
vt 0.010204 0.000000
vt 0.744898 0.000000
vt 0.030612 0.000000
vt 0.734694 0.000000
vt 0.020408 0.000000
vt 0.724490 0.000000
vt 0.040816 0.000000
vt 0.255102 0.000000
vt 0.265306 0.000000
vt 0.275510 0.000000
vt 0.989796 0.000000
vt 0.683673 0.000000
vt 0.693878 0.000000
vt 0.071429 0.000000
vt 0.979592 0.000000
vt 0.969388 0.000000
vt 0.295918 0.000000
vt 0.959184 0.000000
vt 0.306122 0.000000
vt 0.948980 0.000000
vt 0.316327 0.000000
vt 0.938776 0.000000
vt 0.326531 0.000000
vt 0.928571 0.000000
vt 0.336735 0.000000
vt 0.622449 0.000000
vt 0.039523 0.917825
vt 0.053242 0.645310
vt 0.053242 0.919041
vt 0.235669 0.918896
vt 0.217495 0.644093
vt 0.235669 0.644369
vt 0.699881 0.725083
vt 0.718671 0.706244
vt 0.718671 0.725076
vt 0.718695 0.681876
vt 0.699866 0.663039
vt 0.718695 0.663048
vt 0.217495 0.919052
vt 0.198767 0.644093
vt 0.217495 0.644119
vt 0.026621 0.919118
vt 0.039523 0.644093
vt 0.868774 0.837655
vt 0.882492 0.565140
vt 0.882492 0.838872
vt 0.290192 0.918896
vt 0.272018 0.644093
vt 0.290192 0.644369
vt 0.623372 0.719356
vt 0.642163 0.700517
vt 0.642163 0.719350
vt 0.699866 0.663039
vt 0.718694 0.644202
vt 0.718694 0.663030
vt 0.180039 0.919052
vt 0.161310 0.644093
vt 0.180039 0.644119
vt 0.855871 0.838949
vt 0.868774 0.563924
vt 0.312788 0.644097
vt 0.301489 0.959775
vt 0.301489 0.644093
vt 0.290192 0.960417
vt 0.301489 0.960411
vt 0.855871 0.878559
vt 0.825742 0.563965
vt 0.855871 0.563924
vt 0.142582 0.872852
vt 0.111222 0.652221
vt 0.141090 0.655009
vt 0.112714 0.644093
vt 0.142582 0.646881
vt 0.740850 0.717657
vt 0.729945 0.687406
vt 0.740850 0.687572
vt 0.793695 0.469918
vt 0.806997 0.000381
vt 0.825741 -0.000000
vt 0.936026 0.000000
vt 0.917225 0.621917
vt 0.917225 0.000285
vt 0.387866 0.644202
vt 0.774951 -0.000000
vt 0.774951 0.644067
vt 0.387866 0.644093
vt 0.000000 -0.000000
vt 0.387866 0.000188
vt 0.936026 0.385828
vt 0.954857 -0.000000
vt 0.954857 0.385802
vt 0.825741 0.735112
vt 0.774951 0.470299
vt 0.066144 0.917825
vt 0.079863 0.645310
vt 0.079863 0.919041
vt 0.272018 0.918896
vt 0.253844 0.644093
vt 0.272018 0.644369
vt 0.604576 0.726196
vt 0.623366 0.707358
vt 0.623366 0.726190
vt 0.718708 0.706234
vt 0.699881 0.687415
vt 0.718708 0.687406
vt 0.198767 0.919052
vt 0.180039 0.644093
vt 0.198767 0.644119
vt 0.053242 0.919118
vt 0.066144 0.644093
vt 0.012902 0.917825
vt 0.026621 0.645310
vt 0.026621 0.919041
vt 0.253844 0.918896
vt 0.235669 0.644093
vt 0.253844 0.644369
vt 0.681090 0.729765
vt 0.699881 0.710927
vt 0.699881 0.729759
vt 0.661269 0.715043
vt 0.642441 0.696206
vt 0.661269 0.696215
vt 0.161310 0.919052
vt 0.142582 0.644093
vt 0.161310 0.644119
vt -0.000000 0.919118
vt 0.012902 0.644093
vt 0.324087 0.644097
vt 0.312788 0.959775
vt 0.312788 0.644093
vt 0.958651 0.938235
vt 0.947355 0.621922
vt 0.958651 0.621917
vt 0.917225 0.936593
vt 0.947355 0.621917
vt 0.947355 0.936552
vt 0.111222 0.872852
vt 0.079863 0.652221
vt 0.109731 0.655009
vt 0.081354 0.644093
vt 0.111222 0.646881
vt 0.740836 0.681982
vt 0.729932 0.651731
vt 0.740836 0.651896
vt 0.917225 -0.000000
vt 0.885905 0.429485
vt 0.887336 0.002549
vt 0.825741 0.000457
vt 0.855823 0.563467
vt 0.825741 0.563924
vt 0.988726 0.583804
vt 0.977451 0.000004
vt 0.988726 -0.000000
vt 0.966154 0.000006
vt 0.954857 0.583657
vt 0.954857 -0.000000
vt 0.729932 0.681876
vt 0.718695 0.651731
vt 0.729932 0.651746
vt 0.917225 0.434583
vt 0.915794 0.426936
vt 0.917225 0.437133
vt 0.885905 0.866618
vt 0.887336 0.439682
vt 0.885905 -0.000000
vt 0.855823 0.563924
vt 0.855823 0.000457
vt 1.000000 0.583804
vt 0.988726 0.000004
vt 1.000000 -0.000000
vt 0.977451 0.583662
vt 0.966154 -0.000000
vt 0.977451 0.000006
vt 0.729945 0.717551
vt 0.729945 0.687422
vt 0.917225 0.871716
vt 0.915794 0.864069
vt 0.661366 0.691635
vt 0.681129 0.666978
vt 0.680114 0.691467
vt 0.432933 0.645374
vt 0.451717 0.716580
vt 0.432933 0.717753
vt 0.504858 0.661022
vt 0.520780 0.644202
vt 0.520780 0.716532
vt 0.470418 0.716585
vt 0.470418 0.644202
vt 0.486332 0.661023
vt 0.699881 0.688416
vt 0.681129 0.709917
vt 0.681129 0.687406
vt 0.662381 0.667146
vt 0.680114 0.644202
vt 0.503997 0.700968
vt 0.487207 0.701029
vt 0.642440 0.672193
vt 0.661366 0.645353
vt 0.661237 0.673345
vt 0.451717 0.644481
vt 0.470418 0.710137
vt 0.451717 0.710417
vt 0.538482 0.661081
vt 0.554333 0.644202
vt 0.554333 0.716494
vt 0.487207 0.716542
vt 0.487207 0.644202
vt 0.503112 0.661043
vt 0.642569 0.695054
vt 0.661366 0.696206
vt 0.469562 0.730227
vt 0.451717 0.710417
vt 0.469562 0.711648
vt 0.537566 0.701001
vt 0.503997 0.700997
vt 0.642165 0.645364
vt 0.623648 0.676299
vt 0.623372 0.644202
vt 0.623372 0.706363
vt 0.604576 0.645196
vt 0.623372 0.644202
vt 0.603740 0.699604
vt 0.587819 0.716409
vt 0.587819 0.644202
vt 0.537566 0.644202
vt 0.537566 0.716516
vt 0.521646 0.699724
vt 0.679753 0.710447
vt 0.661366 0.693789
vt 0.679753 0.691635
vt 0.642440 0.677461
vt 0.623372 0.699355
vt 0.604576 0.659647
vt 0.520780 0.659729
vt 0.430776 0.659880
vt 0.411659 0.698874
vt 0.412226 0.658875
vt 0.681129 0.646089
vt 0.699866 0.685519
vt 0.586883 0.699714
vt 0.571090 0.716574
vt 0.571090 0.644202
vt 0.571090 0.644202
vt 0.571090 0.716448
vt 0.555255 0.699552
vt 0.432933 0.645206
vt 0.414383 0.644202
vt 0.430210 0.699879
vt 0.414383 0.716489
vt 0.587819 0.659729
vt 0.554333 0.659665
vt 0.661367 0.723900
vt 0.672603 0.720149
vt 0.672603 0.723915
vt 0.399077 0.861798
vt 0.396747 0.869757
vt 0.387866 0.862719
vt 0.369214 0.941645
vt 0.358443 0.644136
vt 0.369214 0.644093
vt 0.376569 0.941570
vt 0.387866 0.644099
vt 0.387866 0.941575
vt 0.376569 0.644093
vt 0.372809 0.931337
vt 0.372809 0.644150
vt 0.389273 0.645123
vt 0.400485 0.644202
vt 0.411659 0.869326
vt 0.406275 0.862156
vt 0.410000 0.861725
vt 0.653677 0.726341
vt 0.642440 0.722559
vt 0.653677 0.715043
vt 0.324087 0.644093
vt 0.335865 0.941680
vt 0.324087 0.941645
vt 0.347162 0.644099
vt 0.335865 0.941570
vt 0.335865 0.644093
vt 0.400485 0.644632
vt 0.358443 0.931280
vt 0.347162 0.644265
vt 0.358443 0.644093
vt 0.369887 0.673750
vt 0.369214 0.673781
vt 0.369214 0.644093
vt 0.545201 0.746259
vt 0.544686 0.746335
vt 0.544686 0.716494
vt 0.372248 0.704350
vt 0.371608 0.704381
vt 0.370562 0.674171
vt 0.370930 0.704391
vt 0.370397 0.675221
vt 0.370397 0.704377
vt 0.532023 0.718361
vt 0.532668 0.718557
vt 0.531460 0.736261
vt 0.533344 0.718479
vt 0.531517 0.736773
vt 0.370305 0.703985
vt 0.369887 0.703959
vt 0.370305 0.673775
vt 0.746606 0.681913
vt 0.745971 0.681906
vt 0.745585 0.651874
vt 0.745291 0.681906
vt 0.744747 0.681913
vt 0.745468 0.653169
vt 0.369887 0.702214
vt 0.369239 0.702169
vt 0.369887 0.673781
vt 0.533868 0.718149
vt 0.531581 0.717944
vt 0.532893 0.716516
vt 0.370240 0.703986
vt 0.370389 0.705036
vt 0.370240 0.734213
vt 0.746045 0.651731
vt 0.745916 0.652173
vt 0.371030 0.674296
vt 0.372680 0.704306
vt 0.372739 0.704188
vt 0.372739 0.674171
vt 0.372809 0.675467
vt 0.534101 0.716516
vt 0.534410 0.734858
vt 0.534101 0.735288
vt 0.722649 0.647939
vt 0.724229 0.645893
vt 0.724240 0.647935
vt 0.722607 0.644265
vt 0.722638 0.645898
vt 0.720424 0.723075
vt 0.722140 0.721171
vt 0.722001 0.723116
vt 0.720563 0.719108
vt 0.720563 0.721130
vt 0.722001 0.717592
vt 0.722140 0.719149
vt 0.441305 0.719676
vt 0.439652 0.717769
vt 0.441240 0.717753
vt 0.439716 0.721725
vt 0.439717 0.719692
vt 0.441240 0.723309
vt 0.441305 0.721710
vt 0.522578 0.717871
vt 0.520780 0.719553
vt 0.521584 0.717697
vt 0.521773 0.719727
vt 0.520780 0.721592
vt 0.722607 0.651097
vt 0.724229 0.649838
vt 0.724198 0.651093
vt 0.722638 0.649842
vt 0.577759 0.719419
vt 0.573532 0.724258
vt 0.571984 0.717591
vt 0.527778 0.719056
vt 0.523971 0.724306
vt 0.450128 0.721605
vt 0.451717 0.719545
vt 0.451717 0.721605
vt 0.450067 0.717754
vt 0.450128 0.719546
vt 0.504777 0.723174
vt 0.505035 0.721259
vt 0.505816 0.723086
vt 0.503997 0.721346
vt 0.505035 0.719205
vt 0.431719 0.718610
vt 0.430059 0.717494
vt 0.431648 0.717511
vt 0.430156 0.720415
vt 0.430130 0.718593
vt 0.431745 0.720433
vt 0.430130 0.722473
vt 0.431719 0.722490
vt 0.430059 0.724214
vt 0.429715 0.717494
vt 0.428559 0.719297
vt 0.428215 0.717501
vt 0.430059 0.719290
vt 0.428559 0.721357
vt 0.429715 0.723119
vt 0.430059 0.721349
vt 0.451656 0.723379
vt 0.450067 0.723380
vt 0.508728 0.716630
vt 0.510079 0.723352
vt 0.596336 0.717442
vt 0.602841 0.719220
vt 0.598079 0.724096
vt 0.587137 0.716574
vt 0.587819 0.716636
vt 0.587137 0.737026
vt 0.431745 0.717494
vt 0.432303 0.717792
vt 0.431745 0.738332
vt 0.675261 0.712644
vt 0.675868 0.712615
vt 0.676980 0.742829
vt 0.676553 0.712601
vt 0.677134 0.741779
vt 0.677134 0.712606
vt 0.519560 0.716643
vt 0.520159 0.716532
vt 0.520159 0.744353
vt 0.602841 0.716409
vt 0.603527 0.716417
vt 0.602841 0.745271
vt 0.604116 0.716537
vt 0.742872 0.651731
vt 0.743463 0.651767
vt 0.743305 0.681715
vt 0.744149 0.651786
vt 0.744747 0.651782
vt 0.743449 0.680427
vt 0.432303 0.717698
vt 0.432933 0.717494
vt 0.432933 0.737012
vt 0.703541 0.686660
vt 0.704122 0.684441
vt 0.705710 0.686064
vt 0.661351 0.745234
vt 0.661218 0.744181
vt 0.661351 0.715043
vt 0.742872 0.681837
vt 0.742961 0.681411
vt 0.676536 0.742702
vt 0.674895 0.712680
vt 0.642231 0.700517
vt 0.642231 0.730553
vt 0.642163 0.729257
vt 0.603206 0.744878
vt 0.438006 0.717760
vt 0.439652 0.719612
vt 0.438063 0.719619
vt 0.417551 0.721350
vt 0.419427 0.723129
vt 0.417980 0.723119
vt 0.417551 0.719291
vt 0.418997 0.721360
vt 0.417980 0.717494
vt 0.418997 0.719301
vt 0.442895 0.717754
vt 0.441330 0.719494
vt 0.441305 0.717753
vt 0.442921 0.719495
vt 0.441330 0.721551
vt 0.442921 0.721553
vt 0.441305 0.723374
vt 0.583534 0.717593
vt 0.583108 0.719275
vt 0.582392 0.717534
vt 0.584251 0.721391
vt 0.584251 0.719334
vt 0.582392 0.723152
vt 0.583108 0.721332
vt 0.438063 0.721672
vt 0.439595 0.723362
vt 0.438006 0.723369
vt 0.439652 0.721665
vt 0.577760 0.719569
vt 0.581151 0.724248
vt 0.587819 0.719206
vt 0.594323 0.717460
vt 0.592580 0.724104
vt 0.520159 0.716532
vt 0.520761 0.716666
vt 0.520159 0.744268
vt 0.742725 0.687439
vt 0.743305 0.687421
vt 0.744403 0.717638
vt 0.743990 0.687408
vt 0.744598 0.687406
vt 0.744598 0.716592
vt 0.482840 0.716910
vt 0.483403 0.716632
vt 0.484087 0.738183
vt 0.484087 0.716585
vt 0.500612 0.716542
vt 0.501233 0.716740
vt 0.500612 0.739035
vt 0.744598 0.687406
vt 0.745164 0.687425
vt 0.745539 0.717517
vt 0.745848 0.687425
vt 0.746033 0.717369
vt 0.746468 0.687406
vt 0.502723 0.716705
vt 0.503311 0.716552
vt 0.503997 0.743052
vt 0.503997 0.716542
vt 0.704122 0.684437
vt 0.703541 0.682216
vt 0.705709 0.682823
vt 0.469809 0.740586
vt 0.469636 0.739536
vt 0.469809 0.710417
vt 0.745767 0.717083
vt 0.743905 0.717499
vt 0.370397 0.644093
vt 0.370397 0.674170
vt 0.370327 0.672871
vt 0.746141 0.716073
vt 0.722344 0.645759
vt 0.720682 0.647758
vt 0.720779 0.645741
vt 0.722344 0.649730
vt 0.722247 0.647775
vt 0.721042 0.651080
vt 0.720779 0.649712
vt 0.492792 0.721135
vt 0.493137 0.723137
vt 0.492043 0.722993
vt 0.493885 0.719236
vt 0.493885 0.721279
vt 0.432933 0.721725
vt 0.434651 0.723296
vt 0.433075 0.723249
vt 0.432933 0.719713
vt 0.434509 0.721772
vt 0.433075 0.717753
vt 0.434509 0.719760
vt 0.701446 0.683362
vt 0.699990 0.681922
vt 0.701570 0.681876
vt 0.701446 0.685361
vt 0.699866 0.683408
vt 0.699990 0.687384
vt 0.699866 0.685407
vt 0.722607 0.644219
vt 0.721042 0.644202
vt 0.517740 0.719417
vt 0.513378 0.724213
vt 0.511781 0.717534
vt 0.489251 0.716718
vt 0.487956 0.723474
vt 0.554853 0.718138
vt 0.555490 0.718339
vt 0.554333 0.738363
vt 0.556169 0.718287
vt 0.554714 0.738252
vt 0.741042 0.651832
vt 0.741547 0.651762
vt 0.742748 0.681815
vt 0.742217 0.651731
vt 0.742872 0.680759
vt 0.742872 0.651748
vt 0.527778 0.716516
vt 0.528270 0.716585
vt 0.527778 0.745444
vt 0.528936 0.716622
vt 0.527916 0.746467
vt 0.529596 0.716618
vt 0.672603 0.712601
vt 0.673114 0.712701
vt 0.672980 0.742093
vt 0.673786 0.712748
vt 0.674438 0.712731
vt 0.673124 0.740832
vt 0.674895 0.712653
vt 0.555128 0.716500
vt 0.556964 0.717542
vt 0.672603 0.742167
vt 0.672623 0.741792
vt 0.742377 0.681719
vt 0.740836 0.651924
vt 0.370397 0.674171
vt 0.370397 0.703911
vt 0.370336 0.702631
vt 0.528301 0.746032
vt 0.438006 0.723377
vt 0.436335 0.721648
vt 0.437921 0.721656
vt 0.476831 0.721383
vt 0.478718 0.723154
vt 0.477468 0.723208
vt 0.476831 0.719326
vt 0.478080 0.721328
vt 0.477468 0.717591
vt 0.478080 0.719272
vt 0.448478 0.723379
vt 0.450017 0.721571
vt 0.450068 0.723378
vt 0.448428 0.719514
vt 0.448428 0.721573
vt 0.450068 0.717753
vt 0.450017 0.719512
vt 0.421273 0.719260
vt 0.419427 0.717494
vt 0.420924 0.717514
vt 0.421273 0.721318
vt 0.419775 0.719240
vt 0.420924 0.723136
vt 0.419776 0.721298
vt 0.437921 0.719600
vt 0.436421 0.717753
vt 0.438006 0.717761
vt 0.436335 0.719593
vt 0.482202 0.717780
vt 0.481098 0.724348
vt 0.563744 0.719236
vt 0.570106 0.717510
vt 0.568402 0.724148
vt 0.484659 0.740811
vt 0.484087 0.740582
vt 0.484659 0.716585
vt 0.740850 0.687445
vt 0.741452 0.687418
vt 0.742530 0.717639
vt 0.742138 0.687406
vt 0.742725 0.687413
vt 0.742725 0.716593
vt 0.534453 0.716668
vt 0.535031 0.716535
vt 0.535717 0.744263
vt 0.535717 0.716516
vt 0.469809 0.710417
vt 0.470418 0.710517
vt 0.469809 0.739216
vt 0.369274 0.702214
vt 0.369887 0.702254
vt 0.369274 0.732242
vt 0.679753 0.691696
vt 0.680438 0.691678
vt 0.680927 0.721523
vt 0.681010 0.691635
vt 0.585551 0.739539
vt 0.584936 0.739733
vt 0.584251 0.716574
vt 0.584251 0.739713
vt 0.706606 0.686997
vt 0.706038 0.684775
vt 0.708158 0.685388
vt 0.642440 0.730603
vt 0.642262 0.729557
vt 0.642440 0.700517
vt 0.369551 0.731822
vt 0.369772 0.732103
vt 0.742032 0.717499
vt 0.681079 0.691635
vt 0.681079 0.721693
vt 0.681011 0.720394
vt 0.681010 0.720226
vt 0.558832 0.716448
vt 0.559121 0.716565
vt 0.558832 0.739782
vt 0.426366 0.717494
vt 0.424595 0.719193
vt 0.424809 0.717530
vt 0.426152 0.719157
vt 0.424595 0.721240
vt 0.426152 0.721204
vt 0.424809 0.723122
vt 0.426366 0.723106
vt 0.428215 0.721455
vt 0.427858 0.722986
vt 0.426723 0.719564
vt 0.426723 0.721574
vt 0.427858 0.717494
vt 0.428215 0.719444
vt 0.719130 0.651093
vt 0.720363 0.649469
vt 0.720682 0.651058
vt 0.718694 0.647473
vt 0.718811 0.649503
vt 0.720363 0.645510
vt 0.720247 0.647438
vt 0.719130 0.644236
vt 0.718811 0.645545
vt 0.499532 0.721323
vt 0.500611 0.719318
vt 0.500611 0.721376
vt 0.499532 0.719266
vt 0.499855 0.717568
vt 0.551672 0.724179
vt 0.547062 0.719315
vt 0.553359 0.717520
vt 0.497465 0.724219
vt 0.493885 0.719501
vt 0.498776 0.717516
vt 0.519560 0.744754
vt 0.519065 0.744581
vt 0.519495 0.716635
vt 0.518399 0.744508
vt 0.519024 0.716532
vt 0.517740 0.744556
vt 0.537566 0.745023
vt 0.537036 0.745131
vt 0.536360 0.745172
vt 0.535717 0.745135
vt 0.370323 0.673775
vt 0.369887 0.673671
vt 0.370323 0.644093
vt 0.560912 0.736028
vt 0.560226 0.736025
vt 0.561893 0.716448
vt 0.559641 0.736275
vt 0.561469 0.716731
vt 0.547062 0.745815
vt 0.546513 0.745708
vt 0.547062 0.716494
vt 0.545832 0.745664
vt 0.546941 0.717739
vt 0.545201 0.745695
vt 0.561893 0.737225
vt 0.559693 0.737653
vt 0.559145 0.716448
vt 0.559315 0.717089
vt 0.559145 0.736286
vt 0.701570 0.685860
vt 0.701937 0.686194
vt 0.701570 0.686373
vt 0.518784 0.717519
vt 0.519560 0.717838
vt 0.561519 0.716669
vt 0.604116 0.716409
vt 0.604453 0.716745
vt 0.604116 0.745873
vt 0.679325 0.736195
vt 0.678709 0.735995
vt 0.679753 0.712601
vt 0.678025 0.736003
vt 0.679349 0.712639
vt 0.372685 0.674034
vt 0.372240 0.674116
vt 0.370485 0.644093
vt 0.371594 0.674167
vt 0.370397 0.645153
vt 0.370919 0.674171
vt 0.370397 0.674127
vt 0.502723 0.741781
vt 0.502061 0.741688
vt 0.502140 0.716542
vt 0.501397 0.741781
vt 0.372692 0.734225
vt 0.372223 0.734173
vt 0.371162 0.704391
vt 0.371567 0.734154
vt 0.370898 0.734173
vt 0.371071 0.705673
vt 0.370396 0.734225
vt 0.678880 0.737533
vt 0.677152 0.736576
vt 0.502313 0.717361
vt 0.701842 0.686373
vt 0.701915 0.686810
vt 0.701570 0.686810
vt 0.370814 0.644180
vt 0.372809 0.673940
vt 0.372683 0.703904
vt 0.372683 0.674171
vt 0.372739 0.675449
vt 0.501769 0.716917
vt 0.371534 0.704688
vt 0.486452 0.717992
vt 0.484813 0.719967
vt 0.484870 0.717997
vt 0.486395 0.719962
vt 0.484870 0.721973
vt 0.486452 0.721968
vt 0.485027 0.723478
vt 0.416279 0.722183
vt 0.416932 0.724095
vt 0.415660 0.724024
vt 0.417551 0.720202
vt 0.417551 0.722255
vt 0.416279 0.720130
vt 0.416932 0.718485
vt 0.718708 0.721182
vt 0.720424 0.723083
vt 0.718848 0.723122
vt 0.720285 0.719118
vt 0.720285 0.721143
vt 0.718708 0.719157
vt 0.720424 0.717551
vt 0.701847 0.683874
vt 0.702928 0.685854
vt 0.701570 0.685860
vt 0.702928 0.681876
vt 0.703206 0.683868
vt 0.486609 0.716585
vt 0.485027 0.716591
vt 0.661218 0.719950
vt 0.654688 0.721678
vt 0.656438 0.715043
vt 0.413350 0.717618
vt 0.412278 0.724362
vt 0.446838 0.721495
vt 0.448377 0.723365
vt 0.446788 0.723359
vt 0.448428 0.719450
vt 0.448428 0.721502
vt 0.446788 0.717753
vt 0.446838 0.719443
vt 0.422857 0.721174
vt 0.424595 0.723053
vt 0.423025 0.723093
vt 0.424427 0.719099
vt 0.424427 0.721134
vt 0.423025 0.717534
vt 0.422857 0.719139
vt 0.436235 0.717753
vt 0.434751 0.719643
vt 0.434651 0.717768
vt 0.436335 0.719628
vt 0.434751 0.721692
vt 0.436335 0.721677
vt 0.434651 0.723367
vt 0.471121 0.723251
vt 0.471580 0.721478
vt 0.472283 0.723257
vt 0.470418 0.719413
vt 0.470418 0.721472
vt 0.471121 0.717625
vt 0.471580 0.719419
vt 0.476127 0.717607
vt 0.474909 0.724271
vt 0.538519 0.717465
vt 0.544678 0.719447
vt 0.540169 0.724154
vt 0.563744 0.746463
vt 0.563103 0.746490
vt 0.563744 0.716652
vt 0.562425 0.746459
vt 0.563366 0.716448
vt 0.561893 0.746378
vt 0.531460 0.745628
vt 0.530834 0.745634
vt 0.531460 0.716516
vt 0.530152 0.745604
vt 0.529596 0.745546
vt 0.586828 0.739297
vt 0.586237 0.739538
vt 0.585979 0.716633
vt 0.585551 0.739545
vt 0.487207 0.739557
vt 0.486609 0.739328
vt 0.487207 0.716585
vt 0.558832 0.746454
vt 0.558211 0.746417
vt 0.558832 0.716448
vt 0.557528 0.746396
vt 0.558700 0.717735
vt 0.556964 0.746395
vt 0.708476 0.686630
vt 0.709026 0.684437
vt 0.710529 0.686105
vt 0.586181 0.717451
vt 0.585627 0.717042
vt 0.585551 0.716574
vt 0.563165 0.717454
vt 0.369222 0.732086
vt 0.369222 0.702214
vt 0.369274 0.703499
vt 0.369887 0.703986
vt 0.370240 0.704307
vt 0.369887 0.734036
vt 0.217495 0.918620
vt 0.699881 0.706250
vt 0.699866 0.681867
vt 0.198767 0.919026
vt 0.026621 0.645387
vt 0.272018 0.918620
vt 0.623372 0.700524
vt 0.699866 0.644211
vt 0.161310 0.919026
vt 0.855871 0.565217
vt 0.312788 0.959779
vt 0.290192 0.644099
vt 0.825742 0.878600
vt 0.112714 0.870064
vt 0.729945 0.717491
vt 0.936026 0.621631
vt 0.387866 0.000134
vt 0.000000 0.643905
vt 0.936026 0.000026
vt 0.806997 0.735493
vt 0.253844 0.918620
vt 0.604576 0.707364
vt 0.699881 0.706244
vt 0.180039 0.919026
vt 0.053242 0.645387
vt 0.235669 0.918620
vt 0.681090 0.710933
vt 0.642441 0.715033
vt 0.142582 0.919026
vt 0.000000 0.645387
vt 0.324087 0.959779
vt 0.947355 0.938240
vt 0.917225 0.621959
vt 0.081354 0.870064
vt 0.729932 0.681816
vt 0.855823 0.000000
vt 0.977451 0.583808
vt 0.966154 0.583662
vt 0.718695 0.681861
vt 0.887336 0.437133
vt 0.885905 0.563467
vt 0.988726 0.583808
vt 0.966154 0.583657
vt 0.718708 0.717536
vt 0.887336 0.874265
vt 0.451717 0.644202
vt 0.699881 0.710927
vt 0.661366 0.644370
vt 0.642569 0.644202
vt 0.470418 0.644202
vt 0.451717 0.728996
vt 0.604576 0.707358
vt 0.661366 0.712601
vt 0.642165 0.700517
vt 0.699866 0.644202
vt 0.432933 0.717494
vt 0.661367 0.712601
vt 0.400485 0.869450
vt 0.358443 0.941688
vt 0.376569 0.644093
vt 0.376569 0.931280
vt 0.400485 0.870618
vt 0.642440 0.726326
vt 0.335865 0.644128
vt 0.347162 0.941575
vt 0.404210 0.644202
vt 0.347162 0.931451
vt 0.533538 0.716712
vt 0.533980 0.717129
vt 0.534101 0.717655
vt 0.531460 0.717418
vt 0.531693 0.716924
vt 0.532218 0.716594
vt 0.724198 0.644260
vt 0.720424 0.717551
vt 0.439652 0.723325
vt 0.521773 0.721766
vt 0.573531 0.716574
vt 0.575318 0.716588
vt 0.576866 0.717629
vt 0.577759 0.721479
vt 0.576866 0.723255
vt 0.575318 0.724272
vt 0.571984 0.723217
vt 0.571090 0.721426
vt 0.571090 0.719367
vt 0.522578 0.723442
vt 0.523971 0.716696
vt 0.525580 0.716516
vt 0.526974 0.717380
vt 0.527778 0.721095
vt 0.526973 0.722951
vt 0.525580 0.724126
vt 0.451656 0.717753
vt 0.503997 0.719292
vt 0.431648 0.724231
vt 0.428215 0.723127
vt 0.508728 0.724295
vt 0.507167 0.724198
vt 0.505816 0.717475
vt 0.507167 0.716532
vt 0.510079 0.717741
vt 0.510860 0.719568
vt 0.510860 0.721622
vt 0.596336 0.723068
vt 0.595329 0.721285
vt 0.595329 0.719226
vt 0.598079 0.716411
vt 0.600091 0.716409
vt 0.601834 0.717438
vt 0.602841 0.721279
vt 0.601834 0.723064
vt 0.600091 0.724095
vt 0.705374 0.686659
vt 0.704793 0.687003
vt 0.704122 0.687003
vt 0.703206 0.686066
vt 0.703206 0.685380
vt 0.703541 0.684785
vt 0.704793 0.684441
vt 0.705374 0.684784
vt 0.705710 0.685378
vt 0.439595 0.717753
vt 0.419427 0.717504
vt 0.442895 0.723376
vt 0.583534 0.723211
vt 0.579717 0.724327
vt 0.578476 0.723367
vt 0.577760 0.721625
vt 0.578476 0.717749
vt 0.579717 0.716652
vt 0.581150 0.716574
vt 0.590568 0.724092
vt 0.588825 0.723053
vt 0.587819 0.721264
vt 0.588825 0.717429
vt 0.590568 0.716409
vt 0.592580 0.716421
vt 0.595329 0.719249
vt 0.595329 0.721307
vt 0.594323 0.723084
vt 0.705709 0.683509
vt 0.705374 0.684101
vt 0.704793 0.684441
vt 0.703541 0.684091
vt 0.703206 0.683494
vt 0.703206 0.682808
vt 0.704122 0.681876
vt 0.704793 0.681880
vt 0.705374 0.682226
vt 0.722607 0.651097
vt 0.492792 0.719092
vt 0.434651 0.717800
vt 0.701570 0.687338
vt 0.513378 0.716532
vt 0.515221 0.716563
vt 0.516818 0.717619
vt 0.517740 0.721475
vt 0.516818 0.723242
vt 0.515221 0.724244
vt 0.511781 0.723157
vt 0.510860 0.721359
vt 0.510860 0.719301
vt 0.487207 0.721793
vt 0.487208 0.719750
vt 0.487956 0.717892
vt 0.490748 0.716542
vt 0.492043 0.717411
vt 0.490748 0.724167
vt 0.489251 0.724343
vt 0.554430 0.717737
vt 0.554333 0.717245
vt 0.554589 0.716792
vt 0.555807 0.716448
vt 0.556444 0.716649
vt 0.556867 0.717050
vt 0.556708 0.717995
vt 0.436421 0.723370
vt 0.478718 0.717536
vt 0.448478 0.717755
vt 0.419427 0.723116
vt 0.479822 0.724259
vt 0.479822 0.716585
vt 0.481098 0.716675
vt 0.482840 0.719606
vt 0.482840 0.721662
vt 0.482202 0.723398
vt 0.566433 0.724130
vt 0.564728 0.723086
vt 0.563744 0.721294
vt 0.564728 0.717462
vt 0.566433 0.716448
vt 0.568402 0.716465
vt 0.571090 0.719301
vt 0.571091 0.721359
vt 0.570106 0.723133
vt 0.708158 0.686074
vt 0.707830 0.686665
vt 0.707262 0.687003
vt 0.706038 0.686649
vt 0.705710 0.686052
vt 0.705710 0.685366
vt 0.706606 0.684437
vt 0.707262 0.684442
vt 0.707830 0.684790
vt 0.426366 0.723087
vt 0.426366 0.717614
vt 0.720682 0.644202
vt 0.554333 0.719302
vt 0.554333 0.721361
vt 0.553359 0.723146
vt 0.549723 0.724183
vt 0.548036 0.723156
vt 0.547062 0.721375
vt 0.548036 0.717530
vt 0.549723 0.716497
vt 0.551672 0.716494
vt 0.498776 0.723136
vt 0.495952 0.724282
vt 0.494641 0.723308
vt 0.493885 0.721558
vt 0.494642 0.717688
vt 0.495952 0.716604
vt 0.497465 0.716542
vt 0.559334 0.737215
vt 0.559315 0.736710
vt 0.561515 0.736282
vt 0.561874 0.736721
vt 0.561567 0.737661
vt 0.560983 0.737910
vt 0.560297 0.737908
vt 0.679707 0.736548
vt 0.679753 0.736960
vt 0.679450 0.737321
vt 0.678196 0.737541
vt 0.677580 0.737341
vt 0.677198 0.736988
vt 0.677455 0.736215
vt 0.486609 0.723472
vt 0.415660 0.718413
vt 0.718848 0.717590
vt 0.701570 0.681882
vt 0.658458 0.715059
vt 0.660208 0.716102
vt 0.661218 0.717893
vt 0.660208 0.721724
vt 0.658458 0.722738
vt 0.656438 0.722721
vt 0.653677 0.719888
vt 0.653677 0.717830
vt 0.654688 0.716057
vt 0.411659 0.722645
vt 0.411659 0.720592
vt 0.412278 0.718752
vt 0.414588 0.717494
vt 0.414588 0.725157
vt 0.413350 0.725281
vt 0.448377 0.717759
vt 0.424595 0.717494
vt 0.436235 0.723352
vt 0.472283 0.717631
vt 0.473502 0.716594
vt 0.474909 0.716585
vt 0.476831 0.719387
vt 0.476831 0.721446
vt 0.476127 0.723234
vt 0.473502 0.724279
vt 0.538519 0.723073
vt 0.537566 0.721263
vt 0.537566 0.719211
vt 0.540169 0.716494
vt 0.542075 0.716557
vt 0.543725 0.717638
vt 0.544678 0.721500
vt 0.543725 0.723246
vt 0.542075 0.724217
vt 0.710211 0.686687
vt 0.709661 0.687011
vt 0.709026 0.686990
vt 0.708158 0.686027
vt 0.708158 0.685342
vt 0.708476 0.684761
vt 0.709661 0.684458
vt 0.710211 0.684818
vt 0.710529 0.685421
s 0
usemtl Materiale
f 76/1/1 61/2/1 75/3/1
f 61/2/1 76/1/1 77/4/1
f 18/5/1 19/6/1 116/7/1
f 116/7/1 117/8/1 18/5/1
f 17/9/1 18/5/1 117/8/1
f 16/10/1 17/9/1 117/8/1
f 117/8/1 118/11/1 16/10/1
f 15/12/1 16/10/1 118/11/1
f 118/11/1 119/13/1 15/12/1
f 14/14/1 15/12/1 119/13/1
f 119/13/1 120/15/1 14/14/1
f 13/16/1 14/14/1 120/15/1
f 120/15/1 121/17/1 13/16/1
f 12/18/1 13/16/1 121/17/1
f 121/17/1 74/19/1 12/18/1
f 11/20/1 12/18/1 74/19/1
f 74/19/1 75/3/1 11/20/1
f 75/3/1 61/2/1 11/20/1
f 10/21/1 11/20/1 61/2/1
f 9/22/1 10/21/1 61/2/1
f 85/23/1 52/24/1 53/25/1
f 55/26/1 83/27/1 84/28/1
f 54/29/1 55/26/1 84/28/1
f 84/28/1 85/23/1 54/29/1
f 85/23/1 53/25/1 54/29/1
f 24/30/1 111/31/1 23/32/1
f 111/31/1 112/33/1 23/32/1
f 58/34/1 59/35/1 81/36/1
f 81/36/1 82/37/1 58/34/1
f 57/38/1 58/34/1 82/37/1
f 82/37/1 83/27/1 57/38/1
f 56/39/1 57/38/1 83/27/1
f 83/27/1 55/26/1 56/39/1
f 23/32/1 112/33/1 22/40/1
f 112/33/1 113/41/1 22/40/1
f 21/42/1 22/40/1 113/41/1
f 113/41/1 114/43/1 21/42/1
f 20/44/1 21/42/1 114/43/1
f 114/43/1 115/45/1 20/44/1
f 19/6/1 20/44/1 115/45/1
f 116/7/1 19/6/1 115/45/1
f 61/2/1 77/4/1 78/46/1
f 78/46/1 79/47/1 61/2/1
f 79/47/1 80/48/1 61/2/1
f 60/49/1 61/2/1 80/48/1
f 80/48/1 81/36/1 60/49/1
f 81/36/1 59/35/1 60/49/1
f 9/22/1 61/2/1 62/50/1
f 8/51/1 9/22/1 62/50/1
f 62/50/1 63/52/1 8/51/1
f 7/53/1 8/51/1 63/52/1
f 63/52/1 64/54/1 7/53/1
f 64/54/1 65/55/1 7/53/1
f 6/56/1 7/53/1 65/55/1
f 65/55/1 66/57/1 6/56/1
f 5/58/1 6/56/1 66/57/1
f 51/59/1 86/60/1 50/61/1
f 26/62/1 108/63/1 109/64/1
f 26/62/1 109/64/1 25/65/1
f 110/66/1 25/65/1 109/64/1
f 50/61/1 86/60/1 87/67/1
f 87/67/1 49/68/1 50/61/1
f 107/69/1 27/70/1 28/71/1
f 106/72/1 107/69/1 28/71/1
f 108/63/1 26/62/1 27/70/1
f 27/70/1 107/69/1 108/63/1
f 89/73/1 47/74/1 88/75/1
f 47/74/1 48/76/1 88/75/1
f 87/67/1 88/75/1 48/76/1
f 49/68/1 87/67/1 48/76/1
f 70/77/1 71/78/1 2/79/1
f 31/80/1 32/81/1 103/82/1
f 102/83/1 103/82/1 32/81/1
f 32/81/1 33/84/1 102/83/1
f 101/85/1 102/83/1 33/84/1
f 33/84/1 34/86/1 101/85/1
f 100/87/1 101/85/1 34/86/1
f 34/86/1 35/88/1 100/87/1
f 99/89/1 100/87/1 35/88/1
f 35/88/1 36/90/1 99/89/1
f 36/90/1 37/91/1 99/89/1
f 98/92/1 99/89/1 37/91/1
f 37/91/1 38/93/1 98/92/1
f 97/94/1 98/92/1 38/93/1
f 38/93/1 39/95/1 97/94/1
f 96/96/1 97/94/1 39/95/1
f 39/95/1 40/97/1 96/96/1
f 95/98/1 96/96/1 40/97/1
f 40/97/1 41/99/1 95/98/1
f 94/100/1 95/98/1 41/99/1
f 41/99/1 42/101/1 94/100/1
f 93/102/1 94/100/1 42/101/1
f 42/101/1 43/103/1 93/102/1
f 106/72/1 28/71/1 29/104/1
f 105/105/1 106/72/1 29/104/1
f 29/104/1 30/106/1 105/105/1
f 104/107/1 105/105/1 30/106/1
f 30/106/1 31/80/1 104/107/1
f 31/80/1 103/82/1 104/107/1
f 93/102/1 43/103/1 92/108/1
f 43/103/1 44/109/1 92/108/1
f 91/110/1 92/108/1 44/109/1
f 44/109/1 45/111/1 91/110/1
f 90/112/1 91/110/1 45/111/1
f 45/111/1 46/113/1 90/112/1
f 89/73/1 90/112/1 46/113/1
f 47/74/1 89/73/1 46/113/1
f 2/79/1 71/78/1 72/114/1
f 1/115/1 2/79/1 72/114/1
f 72/114/1 73/116/1 1/115/1
f 25/65/1 110/66/1 24/30/1
f 111/31/1 24/30/1 110/66/1
f 52/24/1 85/23/1 86/60/1
f 86/60/1 51/59/1 52/24/1
f 5/58/1 66/57/1 67/117/1
f 4/118/1 5/58/1 67/117/1
f 67/117/1 68/119/1 4/118/1
f 68/119/1 69/120/1 4/118/1
f 3/121/1 4/118/1 69/120/1
f 69/120/1 70/77/1 3/121/1
f 70/77/1 2/79/1 3/121/1
f 208/122/1 209/123/1 207/124/1
f 159/125/1 160/126/1 161/127/1
f 161/127/1 162/128/1 159/125/1
f 162/128/1 163/129/1 159/125/1
f 166/2/1 167/130/1 156/131/1
f 155/113/1 156/131/1 167/130/1
f 167/130/1 154/132/1 155/113/1
f 159/125/1 163/129/1 164/133/1
f 158/134/1 159/125/1 164/133/1
f 164/133/1 165/135/1 158/134/1
f 157/136/1 158/134/1 165/135/1
f 165/135/1 166/2/1 157/136/1
f 166/2/1 156/131/1 157/136/1
f 149/137/1 171/138/1 148/139/1
f 150/140/1 170/141/1 171/138/1
f 171/138/1 149/137/1 150/140/1
f 152/142/1 169/143/1 170/141/1
f 151/144/1 152/142/1 170/141/1
f 170/141/1 150/140/1 151/144/1
f 173/145/1 147/146/1 172/147/1
f 174/148/1 146/149/1 173/145/1
f 147/146/1 173/145/1 146/149/1
f 123/150/1 124/151/1 202/152/1
f 201/153/1 202/152/1 124/151/1
f 124/151/1 200/154/1 201/153/1
f 148/139/1 171/138/1 172/147/1
f 172/147/1 147/146/1 148/139/1
f 207/124/1 209/123/1 123/150/1
f 206/155/1 207/124/1 123/150/1
f 205/156/1 206/155/1 123/150/1
f 204/157/1 205/156/1 123/150/1
f 203/158/1 204/157/1 123/150/1
f 123/150/1 202/152/1 203/158/1
f 154/132/1 167/130/1 168/159/1
f 153/160/1 154/132/1 168/159/1
f 168/159/1 169/143/1 153/160/1
f 169/143/1 152/142/1 153/160/1
f 185/161/1 186/162/1 133/10/1
f 133/10/1 134/163/1 185/161/1
f 184/164/1 185/161/1 134/163/1
f 134/163/1 135/165/1 184/164/1
f 183/166/1 184/164/1 135/165/1
f 135/165/1 136/167/1 183/166/1
f 196/168/1 197/169/1 127/170/1
f 127/170/1 128/171/1 196/168/1
f 195/172/1 196/168/1 128/171/1
f 194/173/1 195/172/1 128/171/1
f 128/171/1 129/174/1 194/173/1
f 193/175/1 194/173/1 129/174/1
f 192/176/1 193/175/1 129/174/1
f 129/174/1 130/177/1 192/176/1
f 191/178/1 192/176/1 130/177/1
f 190/179/1 191/178/1 130/177/1
f 130/177/1 131/180/1 190/179/1
f 189/181/1 190/179/1 131/180/1
f 131/180/1 132/182/1 189/181/1
f 188/110/1 189/181/1 132/182/1
f 187/183/1 188/110/1 132/182/1
f 132/182/1 133/10/1 187/183/1
f 133/10/1 186/162/1 187/183/1
f 183/166/1 136/167/1 182/184/1
f 136/167/1 137/185/1 182/184/1
f 181/186/1 182/184/1 137/185/1
f 137/185/1 138/187/1 181/186/1
f 180/188/1 181/186/1 138/187/1
f 138/187/1 139/189/1 180/188/1
f 179/190/1 180/188/1 139/189/1
f 139/189/1 140/191/1 179/190/1
f 178/192/1 179/190/1 140/191/1
f 140/191/1 141/193/1 178/192/1
f 177/1/1 178/192/1 141/193/1
f 141/193/1 142/194/1 177/1/1
f 142/194/1 143/195/1 177/1/1
f 176/196/1 177/1/1 143/195/1
f 144/80/1 176/196/1 143/195/1
f 123/150/1 209/123/1 210/17/1
f 200/154/1 124/151/1 125/197/1
f 199/72/1 200/154/1 125/197/1
f 125/197/1 126/198/1 199/72/1
f 198/199/1 199/72/1 126/198/1
f 126/198/1 127/170/1 198/199/1
f 127/170/1 197/169/1 198/199/1
f 176/196/1 144/80/1 175/200/1
f 144/80/1 145/201/1 175/200/1
f 174/148/1 175/200/1 145/201/1
f 146/149/1 174/148/1 145/201/1
f 210/17/1 122/115/1 123/150/1
f 213/36/1 214/17/1 212/99/1
f 211/115/1 212/99/1 214/17/1
f 253/202/1 254/203/1 252/204/1
f 254/203/1 255/205/1 249/206/1
f 249/206/1 250/128/1 254/203/1
f 250/128/1 251/207/1 254/203/1
f 252/204/1 254/203/1 251/207/1
f 258/208/1 259/209/1 246/210/1
f 246/210/1 247/211/1 258/208/1
f 258/208/1 247/211/1 257/141/1
f 247/211/1 248/212/1 257/141/1
f 256/213/1 257/141/1 248/212/1
f 255/205/1 256/213/1 248/212/1
f 249/206/1 255/205/1 248/212/1
f 264/192/1 242/214/1 263/215/1
f 242/214/1 243/132/1 263/215/1
f 262/216/1 263/215/1 243/132/1
f 244/217/1 262/216/1 243/132/1
f 241/218/1 265/219/1 266/220/1
f 266/220/1 240/221/1 241/218/1
f 240/221/1 266/220/1 267/222/1
f 267/222/1 239/223/1 240/221/1
f 221/224/1 289/225/1 220/226/1
f 265/219/1 241/218/1 264/192/1
f 242/214/1 264/192/1 241/218/1
f 290/227/1 219/228/1 220/226/1
f 220/226/1 289/225/1 290/227/1
f 262/216/1 244/217/1 261/229/1
f 260/230/1 261/229/1 244/217/1
f 244/217/1 245/231/1 260/230/1
f 259/209/1 260/230/1 245/231/1
f 246/210/1 259/209/1 245/231/1
f 219/228/1 290/227/1 218/232/1
f 217/233/1 218/232/1 290/227/1
f 216/234/1 217/233/1 290/227/1
f 290/227/1 291/235/1 216/234/1
f 223/236/1 287/237/1 222/177/1
f 288/238/1 222/177/1 287/237/1
f 269/239/1 270/240/1 237/241/1
f 236/149/1 237/241/1 270/240/1
f 287/237/1 223/236/1 286/242/1
f 276/243/1 277/244/1 230/245/1
f 229/187/1 230/245/1 277/244/1
f 277/244/1 278/173/1 229/187/1
f 278/173/1 279/246/1 229/187/1
f 228/247/1 229/187/1 279/246/1
f 279/246/1 280/248/1 228/247/1
f 236/149/1 270/240/1 271/162/1
f 235/249/1 236/149/1 271/162/1
f 271/162/1 272/250/1 235/249/1
f 234/251/1 235/249/1 272/250/1
f 272/250/1 273/252/1 234/251/1
f 233/253/1 234/251/1 273/252/1
f 273/252/1 274/254/1 233/253/1
f 232/255/1 233/253/1 274/254/1
f 274/254/1 275/256/1 232/255/1
f 231/257/1 232/255/1 275/256/1
f 275/256/1 276/243/1 231/257/1
f 276/243/1 230/245/1 231/257/1
f 228/247/1 280/248/1 227/258/1
f 280/248/1 281/259/1 227/258/1
f 226/260/1 227/258/1 281/259/1
f 281/259/1 282/261/1 226/260/1
f 282/261/1 283/262/1 226/260/1
f 225/263/1 226/260/1 283/262/1
f 283/262/1 284/264/1 225/263/1
f 224/265/1 225/263/1 284/264/1
f 284/264/1 285/152/1 224/265/1
f 223/236/1 224/265/1 285/152/1
f 286/242/1 223/236/1 285/152/1
f 239/223/1 267/222/1 268/266/1
f 238/267/1 239/223/1 268/266/1
f 268/266/1 269/239/1 238/267/1
f 269/239/1 237/241/1 238/267/1
f 222/177/1 288/238/1 221/224/1
f 289/225/1 221/224/1 288/238/1
f 292/17/1 215/115/1 291/235/1
f 216/234/1 291/235/1 215/115/1
f 379/122/1 380/123/1 378/124/1
f 330/125/1 331/126/1 332/127/1
f 332/127/1 333/128/1 330/125/1
f 333/128/1 334/129/1 330/125/1
f 337/2/1 338/130/1 327/131/1
f 326/113/1 327/131/1 338/130/1
f 338/130/1 325/132/1 326/113/1
f 330/125/1 334/129/1 335/133/1
f 329/134/1 330/125/1 335/133/1
f 335/133/1 336/135/1 329/134/1
f 328/136/1 329/134/1 336/135/1
f 336/135/1 337/2/1 328/136/1
f 337/2/1 327/131/1 328/136/1
f 320/137/1 342/138/1 319/139/1
f 321/140/1 341/141/1 342/138/1
f 342/138/1 320/137/1 321/140/1
f 323/142/1 340/143/1 341/141/1
f 322/144/1 323/142/1 341/141/1
f 341/141/1 321/140/1 322/144/1
f 344/145/1 318/146/1 343/147/1
f 345/148/1 317/149/1 344/145/1
f 318/146/1 344/145/1 317/149/1
f 294/150/1 295/151/1 373/152/1
f 372/153/1 373/152/1 295/151/1
f 295/151/1 371/154/1 372/153/1
f 319/139/1 342/138/1 343/147/1
f 343/147/1 318/146/1 319/139/1
f 378/124/1 380/123/1 294/150/1
f 377/155/1 378/124/1 294/150/1
f 376/156/1 377/155/1 294/150/1
f 375/157/1 376/156/1 294/150/1
f 374/158/1 375/157/1 294/150/1
f 294/150/1 373/152/1 374/158/1
f 325/132/1 338/130/1 339/159/1
f 324/160/1 325/132/1 339/159/1
f 339/159/1 340/143/1 324/160/1
f 340/143/1 323/142/1 324/160/1
f 356/161/1 357/162/1 304/10/1
f 304/10/1 305/163/1 356/161/1
f 355/164/1 356/161/1 305/163/1
f 305/163/1 306/165/1 355/164/1
f 354/166/1 355/164/1 306/165/1
f 306/165/1 307/167/1 354/166/1
f 367/168/1 368/169/1 298/170/1
f 298/170/1 299/171/1 367/168/1
f 366/172/1 367/168/1 299/171/1
f 365/173/1 366/172/1 299/171/1
f 299/171/1 300/174/1 365/173/1
f 364/175/1 365/173/1 300/174/1
f 363/176/1 364/175/1 300/174/1
f 300/174/1 301/177/1 363/176/1
f 362/178/1 363/176/1 301/177/1
f 361/179/1 362/178/1 301/177/1
f 301/177/1 302/180/1 361/179/1
f 360/181/1 361/179/1 302/180/1
f 302/180/1 303/182/1 360/181/1
f 359/110/1 360/181/1 303/182/1
f 358/183/1 359/110/1 303/182/1
f 303/182/1 304/10/1 358/183/1
f 304/10/1 357/162/1 358/183/1
f 354/166/1 307/167/1 353/184/1
f 307/167/1 308/185/1 353/184/1
f 352/186/1 353/184/1 308/185/1
f 308/185/1 309/187/1 352/186/1
f 351/188/1 352/186/1 309/187/1
f 309/187/1 310/189/1 351/188/1
f 350/190/1 351/188/1 310/189/1
f 310/189/1 311/191/1 350/190/1
f 349/192/1 350/190/1 311/191/1
f 311/191/1 312/193/1 349/192/1
f 348/1/1 349/192/1 312/193/1
f 312/193/1 313/194/1 348/1/1
f 313/194/1 314/195/1 348/1/1
f 347/196/1 348/1/1 314/195/1
f 315/80/1 347/196/1 314/195/1
f 294/150/1 380/123/1 381/17/1
f 371/154/1 295/151/1 296/197/1
f 370/72/1 371/154/1 296/197/1
f 296/197/1 297/198/1 370/72/1
f 369/199/1 370/72/1 297/198/1
f 297/198/1 298/170/1 369/199/1
f 298/170/1 368/169/1 369/199/1
f 347/196/1 315/80/1 346/200/1
f 315/80/1 316/201/1 346/200/1
f 345/148/1 346/200/1 316/201/1
f 317/149/1 345/148/1 316/201/1
f 381/17/1 293/115/1 294/150/1
f 458/268/1 459/269/1 410/270/1
f 463/271/1 464/272/1 406/273/1
f 406/273/1 407/274/1 463/271/1
f 462/275/1 463/271/1 407/274/1
f 407/274/1 408/276/1 462/275/1
f 461/277/1 462/275/1 408/276/1
f 460/278/1 461/277/1 408/276/1
f 408/276/1 409/279/1 460/278/1
f 459/269/1 460/278/1 409/279/1
f 410/270/1 459/269/1 409/279/1
f 458/268/1 410/270/1 411/280/1
f 457/281/1 458/268/1 411/280/1
f 411/280/1 412/282/1 457/281/1
f 456/283/1 457/281/1 412/282/1
f 412/282/1 413/284/1 456/283/1
f 455/285/1 456/283/1 413/284/1
f 413/284/1 414/286/1 455/285/1
f 454/287/1 455/285/1 414/286/1
f 414/286/1 415/288/1 454/287/1
f 415/288/1 453/289/1 454/287/1
f 418/290/1 419/291/1 450/292/1
f 468/293/1 402/294/1 467/295/1
f 402/294/1 403/296/1 467/295/1
f 451/297/1 417/298/1 418/290/1
f 418/290/1 450/292/1 451/297/1
f 449/299/1 420/300/1 448/301/1
f 399/302/1 471/303/1 398/304/1
f 471/303/1 399/302/1 470/305/1
f 400/306/1 470/305/1 399/302/1
f 448/301/1 420/300/1 421/307/1
f 421/307/1 422/308/1 448/301/1
f 422/308/1 447/309/1 448/301/1
f 470/305/1 400/306/1 469/310/1
f 400/306/1 401/311/1 469/310/1
f 468/293/1 469/310/1 401/311/1
f 402/294/1 468/293/1 401/311/1
f 420/300/1 449/299/1 419/291/1
f 450/292/1 419/291/1 449/299/1
f 467/295/1 403/296/1 466/312/1
f 403/296/1 404/313/1 466/312/1
f 465/314/1 466/312/1 404/313/1
f 404/313/1 405/315/1 465/314/1
f 464/272/1 465/314/1 405/315/1
f 406/273/1 464/272/1 405/315/1
f 453/289/1 415/288/1 416/316/1
f 452/317/1 453/289/1 416/316/1
f 416/316/1 417/298/1 452/317/1
f 417/298/1 451/297/1 452/317/1
f 425/318/1 444/319/1 424/320/1
f 445/321/1 424/320/1 444/319/1
f 397/322/1 472/323/1 473/324/1
f 396/325/1 397/322/1 473/324/1
f 473/324/1 395/326/1 396/325/1
f 394/327/1 474/328/1 475/329/1
f 475/329/1 393/330/1 394/327/1
f 391/331/1 392/332/1 476/333/1
f 476/333/1 392/332/1 475/329/1
f 393/330/1 475/329/1 392/332/1
f 427/334/1 441/335/1 426/336/1
f 441/335/1 442/337/1 426/336/1
f 395/326/1 473/324/1 474/328/1
f 474/328/1 394/327/1 395/326/1
f 426/336/1 442/337/1 425/318/1
f 442/337/1 443/338/1 425/318/1
f 444/319/1 425/318/1 443/338/1
f 388/339/1 389/340/1 478/341/1
f 478/341/1 479/342/1 388/339/1
f 479/342/1 387/343/1 388/339/1
f 428/344/1 429/345/1 439/346/1
f 440/347/1 428/344/1 439/346/1
f 434/348/1 435/349/1 433/350/1
f 433/350/1 435/349/1 432/351/1
f 435/349/1 436/352/1 432/351/1
f 431/353/1 432/351/1 436/352/1
f 437/354/1 431/353/1 436/352/1
f 387/343/1 479/342/1 480/355/1
f 386/356/1 387/343/1 480/355/1
f 480/355/1 481/357/1 386/356/1
f 481/357/1 482/358/1 386/356/1
f 482/358/1 483/17/1 386/356/1
f 385/359/1 386/356/1 483/17/1
f 483/17/1 382/115/1 385/359/1
f 431/353/1 437/354/1 430/360/1
f 437/354/1 438/361/1 430/360/1
f 429/345/1 430/360/1 438/361/1
f 439/346/1 429/345/1 438/361/1
f 391/331/1 476/333/1 477/362/1
f 390/363/1 391/331/1 477/362/1
f 477/362/1 478/341/1 390/363/1
f 478/341/1 389/340/1 390/363/1
f 383/364/1 384/365/1 385/359/1
f 385/359/1 382/115/1 383/364/1
f 428/344/1 440/347/1 427/334/1
f 441/335/1 427/334/1 440/347/1
f 398/304/1 471/303/1 472/323/1
f 472/323/1 397/322/1 398/304/1
f 424/320/1 445/321/1 423/366/1
f 445/321/1 446/367/1 423/366/1
f 422/308/1 423/366/1 446/367/1
f 447/309/1 422/308/1 446/367/1
f 512/368/1 513/369/1 553/370/1
f 553/370/1 554/371/1 512/368/1
f 511/372/1 512/368/1 554/371/1
f 554/371/1 555/373/1 511/372/1
f 510/374/1 511/372/1 555/373/1
f 555/373/1 556/375/1 510/374/1
f 509/376/1 510/374/1 556/375/1
f 508/377/1 509/376/1 556/375/1
f 556/375/1 557/378/1 508/377/1
f 507/379/1 508/377/1 557/378/1
f 557/378/1 558/380/1 507/379/1
f 506/381/1 507/379/1 558/380/1
f 558/380/1 559/382/1 506/381/1
f 505/383/1 506/381/1 559/382/1
f 559/382/1 560/384/1 505/383/1
f 504/385/1 505/383/1 560/384/1
f 560/384/1 561/386/1 504/385/1
f 503/387/1 504/385/1 561/386/1
f 517/388/1 549/389/1 516/390/1
f 549/389/1 550/391/1 516/390/1
f 564/392/1 565/393/1 500/394/1
f 565/393/1 499/395/1 500/394/1
f 548/396/1 518/397/1 547/398/1
f 567/399/1 498/400/1 566/401/1
f 520/402/1 546/403/1 519/404/1
f 569/405/1 496/406/1 568/407/1
f 497/408/1 568/407/1 496/406/1
f 547/398/1 518/397/1 519/404/1
f 519/404/1 546/403/1 547/398/1
f 568/407/1 497/408/1 567/399/1
f 498/400/1 567/399/1 497/408/1
f 518/397/1 548/396/1 517/388/1
f 549/389/1 517/388/1 548/396/1
f 499/395/1 565/393/1 566/401/1
f 566/401/1 498/400/1 499/395/1
f 516/390/1 550/391/1 515/409/1
f 550/391/1 551/410/1 515/409/1
f 514/411/1 515/409/1 551/410/1
f 551/410/1 552/412/1 514/411/1
f 513/369/1 514/411/1 552/412/1
f 553/370/1 513/369/1 552/412/1
f 503/387/1 561/386/1 562/413/1
f 502/414/1 503/387/1 562/413/1
f 562/413/1 563/415/1 502/414/1
f 501/416/1 502/414/1 563/415/1
f 563/415/1 564/392/1 501/416/1
f 564/392/1 500/394/1 501/416/1
f 521/417/1 544/418/1 545/419/1
f 495/420/1 570/421/1 494/422/1
f 572/423/1 493/424/1 571/425/1
f 544/418/1 521/417/1 522/426/1
f 522/426/1 543/427/1 544/418/1
f 494/422/1 570/421/1 571/425/1
f 571/425/1 493/424/1 494/422/1
f 541/428/1 524/429/1 525/430/1
f 525/430/1 540/431/1 541/428/1
f 574/432/1 490/433/1 573/434/1
f 491/435/1 573/434/1 490/433/1
f 543/427/1 522/426/1 523/436/1
f 542/437/1 543/427/1 523/436/1
f 523/436/1 524/429/1 542/437/1
f 524/429/1 541/428/1 542/437/1
f 573/434/1 491/435/1 572/423/1
f 491/435/1 492/438/1 572/423/1
f 493/424/1 572/423/1 492/438/1
f 577/439/1 487/440/1 576/441/1
f 488/442/1 576/441/1 487/440/1
f 532/443/1 533/444/1 534/445/1
f 581/17/1 484/115/1 580/446/1
f 532/443/1 534/445/1 535/447/1
f 580/446/1 484/115/1 579/448/1
f 485/449/1 579/448/1 484/115/1
f 538/450/1 528/451/1 529/452/1
f 537/453/1 538/450/1 529/452/1
f 529/452/1 530/454/1 537/453/1
f 536/455/1 537/453/1 530/454/1
f 530/454/1 531/456/1 536/455/1
f 531/456/1 532/443/1 536/455/1
f 532/443/1 535/447/1 536/455/1
f 579/448/1 485/449/1 578/457/1
f 485/449/1 486/458/1 578/457/1
f 577/439/1 578/457/1 486/458/1
f 487/440/1 577/439/1 486/458/1
f 540/431/1 525/430/1 526/459/1
f 539/460/1 540/431/1 526/459/1
f 526/459/1 527/461/1 539/460/1
f 527/461/1 528/451/1 539/460/1
f 528/451/1 538/450/1 539/460/1
f 576/441/1 488/442/1 575/462/1
f 488/442/1 489/463/1 575/462/1
f 574/432/1 575/462/1 489/463/1
f 490/433/1 574/432/1 489/463/1
f 521/417/1 545/419/1 520/402/1
f 546/403/1 520/402/1 545/419/1
f 570/421/1 495/420/1 569/405/1
f 496/406/1 569/405/1 495/420/1
f 610/464/1 611/465/1 612/466/1
f 607/467/1 608/468/1 610/464/1
f 609/469/1 610/464/1 608/468/1
f 606/470/1 613/471/1 614/472/1
f 615/473/1 605/474/1 614/472/1
f 606/470/1 614/472/1 605/474/1
f 610/464/1 612/466/1 613/471/1
f 607/467/1 610/464/1 613/471/1
f 613/471/1 606/470/1 607/467/1
f 621/475/1 622/476/1 620/477/1
f 620/477/1 622/476/1 619/478/1
f 616/36/1 604/479/1 615/473/1
f 605/474/1 615/473/1 604/479/1
f 595/480/1 596/481/1 598/482/1
f 597/483/1 598/482/1 596/481/1
f 630/484/1 590/485/1 629/486/1
f 591/487/1 629/486/1 590/485/1
f 633/17/1 586/488/1 632/489/1
f 632/489/1 586/488/1 631/490/1
f 589/491/1 631/490/1 586/488/1
f 588/492/1 589/491/1 586/488/1
f 586/488/1 587/493/1 588/492/1
f 631/490/1 589/491/1 630/484/1
f 590/485/1 630/484/1 589/491/1
f 629/486/1 591/487/1 628/494/1
f 592/495/1 628/494/1 591/487/1
f 583/496/1 584/497/1 585/498/1
f 585/498/1 582/115/1 583/496/1
f 623/499/1 624/500/1 622/476/1
f 624/500/1 625/501/1 622/476/1
f 619/478/1 622/476/1 625/501/1
f 618/502/1 619/478/1 625/501/1
f 625/501/1 626/503/1 618/502/1
f 617/504/1 618/502/1 626/503/1
f 626/503/1 627/505/1 617/504/1
f 616/36/1 617/504/1 627/505/1
f 627/505/1 628/494/1 616/36/1
f 628/494/1 592/495/1 616/36/1
f 604/479/1 616/36/1 592/495/1
f 603/506/1 604/479/1 592/495/1
f 592/495/1 593/507/1 603/506/1
f 602/508/1 603/506/1 593/507/1
f 593/507/1 594/509/1 602/508/1
f 601/510/1 602/508/1 594/509/1
f 594/509/1 595/480/1 601/510/1
f 595/480/1 598/482/1 601/510/1
f 600/511/1 601/510/1 598/482/1
f 599/99/1 600/511/1 598/482/1
f 692/512/1 693/513/1 695/514/1
f 694/515/1 695/514/1 693/513/1
f 701/516/1 687/517/1 700/518/1
f 687/517/1 688/519/1 700/518/1
f 699/520/1 700/518/1 688/519/1
f 699/520/1 688/519/1 698/521/1
f 688/519/1 689/522/1 698/521/1
f 697/523/1 698/521/1 689/522/1
f 689/522/1 690/524/1 697/523/1
f 696/525/1 697/523/1 690/524/1
f 690/524/1 691/212/1 696/525/1
f 695/514/1 696/525/1 691/212/1
f 692/512/1 695/514/1 691/212/1
f 657/526/1 658/527/1 743/528/1
f 743/528/1 744/529/1 657/526/1
f 656/530/1 657/526/1 744/529/1
f 755/531/1 646/532/1 754/533/1
f 683/534/1 706/535/1 682/536/1
f 706/535/1 683/534/1 705/537/1
f 684/538/1 705/537/1 683/534/1
f 753/539/1 754/533/1 647/540/1
f 754/533/1 646/532/1 647/540/1
f 705/537/1 684/538/1 704/541/1
f 703/542/1 704/541/1 684/538/1
f 685/543/1 703/542/1 684/538/1
f 734/544/1 735/545/1 664/546/1
f 751/547/1 752/548/1 648/549/1
f 752/548/1 753/539/1 648/549/1
f 753/539/1 647/540/1 648/549/1
f 703/542/1 685/543/1 702/550/1
f 685/543/1 686/551/1 702/550/1
f 701/516/1 702/550/1 686/551/1
f 687/517/1 701/516/1 686/551/1
f 664/546/1 735/545/1 663/552/1
f 735/545/1 736/553/1 663/552/1
f 736/553/1 737/554/1 663/552/1
f 662/555/1 663/552/1 737/554/1
f 737/554/1 738/556/1 662/555/1
f 661/557/1 662/555/1 738/556/1
f 738/556/1 739/558/1 661/557/1
f 739/558/1 740/559/1 661/557/1
f 660/560/1 661/557/1 740/559/1
f 740/559/1 741/561/1 660/560/1
f 659/562/1 660/560/1 741/561/1
f 741/561/1 742/563/1 659/562/1
f 658/527/1 659/562/1 742/563/1
f 743/528/1 658/527/1 742/563/1
f 656/530/1 744/529/1 745/564/1
f 655/565/1 656/530/1 745/564/1
f 745/564/1 746/566/1 655/565/1
f 654/567/1 655/565/1 746/566/1
f 653/260/1 654/567/1 746/566/1
f 746/566/1 747/568/1 653/260/1
f 652/569/1 653/260/1 747/568/1
f 747/568/1 748/259/1 652/569/1
f 651/570/1 652/569/1 748/259/1
f 748/259/1 749/571/1 651/570/1
f 650/572/1 651/570/1 749/571/1
f 749/571/1 750/573/1 650/572/1
f 649/574/1 650/572/1 750/573/1
f 750/573/1 751/547/1 649/574/1
f 751/547/1 648/549/1 649/574/1
f 681/575/1 707/576/1 708/577/1
f 680/578/1 681/575/1 708/577/1
f 708/577/1 679/579/1 680/578/1
f 758/580/1 643/581/1 757/582/1
f 643/581/1 644/583/1 757/582/1
f 756/584/1 757/582/1 644/583/1
f 645/585/1 756/584/1 644/583/1
f 679/579/1 708/577/1 709/586/1
f 678/587/1 679/579/1 709/586/1
f 732/588/1 666/589/1 731/590/1
f 759/591/1 641/592/1 758/580/1
f 641/592/1 642/593/1 758/580/1
f 643/581/1 758/580/1 642/593/1
f 762/594/1 763/595/1 636/596/1
f 636/596/1 637/597/1 762/594/1
f 767/17/1 634/115/1 766/598/1
f 766/598/1 634/115/1 765/599/1
f 764/600/1 765/599/1 634/115/1
f 634/115/1 635/601/1 764/600/1
f 763/595/1 764/600/1 635/601/1
f 636/596/1 763/595/1 635/601/1
f 678/587/1 709/586/1 710/209/1
f 677/602/1 678/587/1 710/209/1
f 710/209/1 711/603/1 677/602/1
f 676/604/1 677/602/1 711/603/1
f 711/603/1 712/605/1 676/604/1
f 675/606/1 676/604/1 712/605/1
f 712/605/1 713/607/1 675/606/1
f 674/608/1 675/606/1 713/607/1
f 713/607/1 714/609/1 674/608/1
f 673/610/1 674/608/1 714/609/1
f 714/609/1 715/611/1 673/610/1
f 715/611/1 716/612/1 673/610/1
f 672/241/1 673/610/1 716/612/1
f 716/612/1 717/613/1 672/241/1
f 671/614/1 672/241/1 717/613/1
f 717/613/1 718/615/1 671/614/1
f 670/616/1 671/614/1 718/615/1
f 718/615/1 719/617/1 670/616/1
f 719/617/1 720/618/1 670/616/1
f 720/618/1 721/619/1 670/616/1
f 721/619/1 722/620/1 670/616/1
f 669/621/1 670/616/1 722/620/1
f 722/620/1 723/622/1 669/621/1
f 723/622/1 724/623/1 669/621/1
f 724/623/1 725/624/1 669/621/1
f 725/624/1 726/625/1 669/621/1
f 726/625/1 727/626/1 669/621/1
f 668/627/1 669/621/1 727/626/1
f 727/626/1 728/628/1 668/627/1
f 728/628/1 729/240/1 668/627/1
f 667/629/1 668/627/1 729/240/1
f 729/240/1 730/630/1 667/629/1
f 666/589/1 667/629/1 730/630/1
f 731/590/1 666/589/1 730/630/1
f 762/594/1 637/597/1 761/631/1
f 637/597/1 638/632/1 761/631/1
f 638/632/1 639/633/1 761/631/1
f 760/634/1 761/631/1 639/633/1
f 639/633/1 640/635/1 760/634/1
f 759/591/1 760/634/1 640/635/1
f 641/592/1 759/591/1 640/635/1
f 682/536/1 706/535/1 707/576/1
f 707/576/1 681/575/1 682/536/1
f 666/589/1 732/588/1 665/636/1
f 732/588/1 733/637/1 665/636/1
f 664/546/1 665/636/1 733/637/1
f 734/544/1 664/546/1 733/637/1
f 756/584/1 645/585/1 755/531/1
f 646/532/1 755/531/1 645/585/1
f 826/512/1 827/513/1 829/514/1
f 828/515/1 829/514/1 827/513/1
f 835/516/1 821/517/1 834/518/1
f 821/517/1 822/519/1 834/518/1
f 833/520/1 834/518/1 822/519/1
f 833/520/1 822/519/1 832/521/1
f 822/519/1 823/522/1 832/521/1
f 831/523/1 832/521/1 823/522/1
f 823/522/1 824/524/1 831/523/1
f 830/525/1 831/523/1 824/524/1
f 824/524/1 825/212/1 830/525/1
f 829/514/1 830/525/1 825/212/1
f 826/512/1 829/514/1 825/212/1
f 791/526/1 792/527/1 877/528/1
f 877/528/1 878/529/1 791/526/1
f 790/530/1 791/526/1 878/529/1
f 889/531/1 780/532/1 888/533/1
f 817/534/1 840/535/1 816/536/1
f 840/535/1 817/534/1 839/537/1
f 818/538/1 839/537/1 817/534/1
f 887/539/1 888/533/1 781/540/1
f 888/533/1 780/532/1 781/540/1
f 839/537/1 818/538/1 838/541/1
f 837/542/1 838/541/1 818/538/1
f 819/543/1 837/542/1 818/538/1
f 868/544/1 869/545/1 798/546/1
f 885/547/1 886/548/1 782/549/1
f 886/548/1 887/539/1 782/549/1
f 887/539/1 781/540/1 782/549/1
f 837/542/1 819/543/1 836/550/1
f 819/543/1 820/551/1 836/550/1
f 835/516/1 836/550/1 820/551/1
f 821/517/1 835/516/1 820/551/1
f 798/546/1 869/545/1 797/552/1
f 869/545/1 870/553/1 797/552/1
f 870/553/1 871/554/1 797/552/1
f 796/555/1 797/552/1 871/554/1
f 871/554/1 872/556/1 796/555/1
f 795/557/1 796/555/1 872/556/1
f 872/556/1 873/558/1 795/557/1
f 873/558/1 874/559/1 795/557/1
f 794/560/1 795/557/1 874/559/1
f 874/559/1 875/561/1 794/560/1
f 793/562/1 794/560/1 875/561/1
f 875/561/1 876/563/1 793/562/1
f 792/527/1 793/562/1 876/563/1
f 877/528/1 792/527/1 876/563/1
f 790/530/1 878/529/1 879/564/1
f 789/565/1 790/530/1 879/564/1
f 879/564/1 880/566/1 789/565/1
f 788/567/1 789/565/1 880/566/1
f 787/260/1 788/567/1 880/566/1
f 880/566/1 881/568/1 787/260/1
f 786/569/1 787/260/1 881/568/1
f 881/568/1 882/259/1 786/569/1
f 785/570/1 786/569/1 882/259/1
f 882/259/1 883/571/1 785/570/1
f 784/572/1 785/570/1 883/571/1
f 883/571/1 884/573/1 784/572/1
f 783/574/1 784/572/1 884/573/1
f 884/573/1 885/547/1 783/574/1
f 885/547/1 782/549/1 783/574/1
f 815/575/1 841/576/1 842/577/1
f 814/578/1 815/575/1 842/577/1
f 842/577/1 813/579/1 814/578/1
f 892/580/1 777/581/1 891/582/1
f 777/581/1 778/583/1 891/582/1
f 890/584/1 891/582/1 778/583/1
f 779/585/1 890/584/1 778/583/1
f 813/579/1 842/577/1 843/586/1
f 812/587/1 813/579/1 843/586/1
f 866/588/1 800/589/1 865/590/1
f 893/591/1 775/592/1 892/580/1
f 775/592/1 776/593/1 892/580/1
f 777/581/1 892/580/1 776/593/1
f 896/594/1 897/595/1 770/596/1
f 770/596/1 771/597/1 896/594/1
f 901/17/1 768/115/1 900/598/1
f 900/598/1 768/115/1 899/599/1
f 898/600/1 899/599/1 768/115/1
f 768/115/1 769/601/1 898/600/1
f 897/595/1 898/600/1 769/601/1
f 770/596/1 897/595/1 769/601/1
f 812/587/1 843/586/1 844/209/1
f 811/602/1 812/587/1 844/209/1
f 844/209/1 845/603/1 811/602/1
f 810/604/1 811/602/1 845/603/1
f 845/603/1 846/605/1 810/604/1
f 809/606/1 810/604/1 846/605/1
f 846/605/1 847/607/1 809/606/1
f 808/608/1 809/606/1 847/607/1
f 847/607/1 848/609/1 808/608/1
f 807/610/1 808/608/1 848/609/1
f 848/609/1 849/611/1 807/610/1
f 849/611/1 850/612/1 807/610/1
f 806/241/1 807/610/1 850/612/1
f 850/612/1 851/613/1 806/241/1
f 805/614/1 806/241/1 851/613/1
f 851/613/1 852/615/1 805/614/1
f 804/616/1 805/614/1 852/615/1
f 852/615/1 853/617/1 804/616/1
f 853/617/1 854/618/1 804/616/1
f 854/618/1 855/619/1 804/616/1
f 855/619/1 856/620/1 804/616/1
f 803/621/1 804/616/1 856/620/1
f 856/620/1 857/622/1 803/621/1
f 857/622/1 858/623/1 803/621/1
f 858/623/1 859/624/1 803/621/1
f 859/624/1 860/625/1 803/621/1
f 860/625/1 861/626/1 803/621/1
f 802/627/1 803/621/1 861/626/1
f 861/626/1 862/628/1 802/627/1
f 862/628/1 863/240/1 802/627/1
f 801/629/1 802/627/1 863/240/1
f 863/240/1 864/630/1 801/629/1
f 800/589/1 801/629/1 864/630/1
f 865/590/1 800/589/1 864/630/1
f 896/594/1 771/597/1 895/631/1
f 771/597/1 772/632/1 895/631/1
f 772/632/1 773/633/1 895/631/1
f 894/634/1 895/631/1 773/633/1
f 773/633/1 774/635/1 894/634/1
f 893/591/1 894/634/1 774/635/1
f 775/592/1 893/591/1 774/635/1
f 816/536/1 840/535/1 841/576/1
f 841/576/1 815/575/1 816/536/1
f 800/589/1 866/588/1 799/636/1
f 866/588/1 867/637/1 799/636/1
f 798/546/1 799/636/1 867/637/1
f 868/544/1 798/546/1 867/637/1
f 890/584/1 779/585/1 889/531/1
f 780/532/1 889/531/1 779/585/1
f 918/638/1 919/639/1 982/566/1
f 982/566/1 983/640/1 918/638/1
f 917/565/1 918/638/1 983/640/1
f 983/640/1 984/641/1 917/565/1
f 916/642/1 917/565/1 984/641/1
f 915/643/1 916/642/1 984/641/1
f 984/641/1 985/644/1 915/643/1
f 914/645/1 915/643/1 985/644/1
f 985/644/1 986/646/1 914/645/1
f 913/647/1 914/645/1 986/646/1
f 986/646/1 987/539/1 913/647/1
f 912/549/1 913/647/1 987/539/1
f 987/539/1 988/648/1 912/549/1
f 911/649/1 912/549/1 988/648/1
f 988/648/1 989/650/1 911/649/1
f 910/651/1 911/649/1 989/650/1
f 989/650/1 990/652/1 910/651/1
f 909/653/1 910/651/1 990/652/1
f 923/654/1 978/94/1 922/555/1
f 978/94/1 979/655/1 922/555/1
f 993/656/1 994/657/1 906/658/1
f 994/657/1 905/659/1 906/658/1
f 977/558/1 924/660/1 976/661/1
f 995/662/1 996/663/1 904/664/1
f 976/661/1 924/660/1 925/665/1
f 925/665/1 975/666/1 976/661/1
f 997/17/1 903/667/1 996/663/1
f 904/664/1 996/663/1 903/667/1
f 924/660/1 977/558/1 923/654/1
f 978/94/1 923/654/1 977/558/1
f 905/659/1 994/657/1 995/662/1
f 995/662/1 904/664/1 905/659/1
f 922/555/1 979/655/1 921/65/1
f 979/655/1 980/668/1 921/65/1
f 920/669/1 921/65/1 980/668/1
f 980/668/1 981/670/1 920/669/1
f 919/639/1 920/669/1 981/670/1
f 982/566/1 919/639/1 981/670/1
f 909/653/1 990/652/1 991/671/1
f 908/672/1 909/653/1 991/671/1
f 991/671/1 992/634/1 908/672/1
f 907/592/1 908/672/1 992/634/1
f 992/634/1 993/656/1 907/592/1
f 993/656/1 906/658/1 907/592/1
f 927/621/1 973/673/1 926/674/1
f 902/115/1 951/675/1 949/676/1
f 928/677/1 971/678/1 972/588/1
f 952/541/1 953/679/1 948/680/1
f 928/677/1 972/588/1 927/621/1
f 973/673/1 927/621/1 972/588/1
f 949/676/1 951/675/1 952/541/1
f 952/541/1 948/680/1 949/676/1
f 970/681/1 929/682/1 930/683/1
f 969/684/1 970/681/1 930/683/1
f 954/685/1 955/686/1 946/687/1
f 947/523/1 954/685/1 946/687/1
f 971/678/1 928/677/1 929/682/1
f 929/682/1 970/681/1 971/678/1
f 954/685/1 947/523/1 953/679/1
f 948/680/1 953/679/1 947/523/1
f 933/688/1 934/689/1 966/690/1
f 965/691/1 966/690/1 934/689/1
f 934/689/1 935/692/1 965/691/1
f 964/693/1 965/691/1 935/692/1
f 935/692/1 936/694/1 964/693/1
f 963/695/1 964/693/1 936/694/1
f 936/694/1 937/534/1 963/695/1
f 962/615/1 963/695/1 937/534/1
f 937/534/1 938/696/1 962/615/1
f 961/697/1 962/615/1 938/696/1
f 938/696/1 939/698/1 961/697/1
f 960/699/1 961/697/1 939/698/1
f 939/698/1 940/68/1 960/699/1
f 940/68/1 941/700/1 960/699/1
f 959/116/1 960/699/1 941/700/1
f 941/700/1 942/524/1 959/116/1
f 958/701/1 959/116/1 942/524/1
f 942/524/1 943/702/1 958/701/1
f 969/684/1 930/683/1 931/703/1
f 968/704/1 969/684/1 931/703/1
f 931/703/1 932/604/1 968/704/1
f 967/624/1 968/704/1 932/604/1
f 932/604/1 933/688/1 967/624/1
f 933/688/1 966/690/1 967/624/1
f 958/701/1 943/702/1 957/603/1
f 943/702/1 944/705/1 957/603/1
f 956/706/1 957/603/1 944/705/1
f 944/705/1 945/707/1 956/706/1
f 955/686/1 956/706/1 945/707/1
f 946/687/1 955/686/1 945/707/1
f 975/666/1 925/665/1 926/674/1
f 974/708/1 975/666/1 926/674/1
f 926/674/1 973/673/1 974/708/1
f 951/675/1 902/115/1 950/709/1
f 997/17/1 950/709/1 902/115/1
f 903/667/1 997/17/1 902/115/1
f 1000/710/1 1001/711/1 999/712/1
f 1001/711/1 1091/17/1 999/712/1
f 998/115/1 999/712/1 1091/17/1
f 1004/713/1 1090/714/1 1003/715/1
f 1002/716/1 1003/715/1 1090/714/1
f 1091/17/1 1001/711/1 1002/716/1
f 1002/716/1 1090/714/1 1091/17/1
f 998/115/1 1091/17/1 1065/717/1
f 1006/718/1 1089/719/1 1005/720/1
f 1006/718/1 1007/721/1 1088/722/1
f 1089/719/1 1006/718/1 1088/722/1
f 1068/723/1 1063/724/1 1067/725/1
f 1064/726/1 1067/725/1 1063/724/1
f 1005/720/1 1089/719/1 1004/713/1
f 1090/714/1 1004/713/1 1089/719/1
f 1067/725/1 1064/726/1 1066/727/1
f 1065/717/1 1066/727/1 1064/726/1
f 998/115/1 1065/717/1 1064/726/1
f 1085/728/1 1086/729/1 1040/730/1
f 1070/731/1 1071/732/1 1060/36/1
f 1061/733/1 1070/731/1 1060/36/1
f 1009/734/1 1040/730/1 1008/735/1
f 1007/721/1 1008/735/1 1040/730/1
f 1088/722/1 1007/721/1 1040/730/1
f 1087/736/1 1088/722/1 1040/730/1
f 1040/730/1 1086/729/1 1087/736/1
f 1070/731/1 1061/733/1 1069/737/1
f 1061/733/1 1062/738/1 1069/737/1
f 1068/723/1 1069/737/1 1062/738/1
f 1063/724/1 1068/723/1 1062/738/1
f 1033/739/1 1034/740/1 1013/741/1
f 1016/742/1 1017/743/1 1015/744/1
f 1017/743/1 1018/745/1 1015/744/1
f 1018/745/1 1019/746/1 1015/744/1
f 1019/746/1 1020/747/1 1015/744/1
f 1020/747/1 1021/748/1 1015/744/1
f 1021/748/1 1022/749/1 1015/744/1
f 1022/749/1 1023/750/1 1015/744/1
f 1023/750/1 1024/751/1 1015/744/1
f 1024/751/1 1025/752/1 1015/744/1
f 1025/752/1 1026/753/1 1015/744/1
f 1026/753/1 1027/754/1 1015/744/1
f 1015/744/1 1027/754/1 1014/755/1
f 1027/754/1 1028/756/1 1014/755/1
f 1028/756/1 1029/99/1 1014/755/1
f 1029/99/1 1030/757/1 1014/755/1
f 1030/757/1 1031/758/1 1014/755/1
f 1031/758/1 1032/759/1 1014/755/1
f 1013/741/1 1014/755/1 1032/759/1
f 1033/739/1 1013/741/1 1032/759/1
f 1052/760/1 1053/761/1 1078/762/1
f 1013/741/1 1034/740/1 1012/763/1
f 1034/740/1 1035/764/1 1012/763/1
f 1035/764/1 1036/765/1 1012/763/1
f 1011/766/1 1012/763/1 1036/765/1
f 1036/765/1 1037/767/1 1011/766/1
f 1037/767/1 1038/768/1 1011/766/1
f 1010/769/1 1011/766/1 1038/768/1
f 1038/768/1 1039/770/1 1010/769/1
f 1009/734/1 1010/769/1 1039/770/1
f 1040/730/1 1009/734/1 1039/770/1
f 1085/728/1 1040/730/1 1041/771/1
f 1041/771/1 1042/772/1 1085/728/1
f 1084/773/1 1085/728/1 1042/772/1
f 1042/772/1 1043/774/1 1084/773/1
f 1043/774/1 1044/775/1 1084/773/1
f 1083/776/1 1084/773/1 1044/775/1
f 1044/775/1 1045/777/1 1083/776/1
f 1082/778/1 1083/776/1 1045/777/1
f 1045/777/1 1046/779/1 1082/778/1
f 1046/779/1 1047/780/1 1082/778/1
f 1081/781/1 1082/778/1 1047/780/1
f 1047/780/1 1048/782/1 1081/781/1
f 1048/782/1 1049/783/1 1081/781/1
f 1080/784/1 1081/781/1 1049/783/1
f 1049/783/1 1050/785/1 1080/784/1
f 1079/786/1 1080/784/1 1050/785/1
f 1050/785/1 1051/787/1 1079/786/1
f 1051/787/1 1052/760/1 1079/786/1
f 1052/760/1 1078/762/1 1079/786/1
f 1078/762/1 1053/761/1 1077/788/1
f 1053/761/1 1054/789/1 1077/788/1
f 1076/790/1 1077/788/1 1054/789/1
f 1054/789/1 1055/791/1 1076/790/1
f 1075/792/1 1076/790/1 1055/791/1
f 1055/791/1 1056/793/1 1075/792/1
f 1074/794/1 1075/792/1 1056/793/1
f 1056/793/1 1057/795/1 1074/794/1
f 1073/796/1 1074/794/1 1057/795/1
f 1057/795/1 1058/797/1 1073/796/1
f 1072/798/1 1073/796/1 1058/797/1
f 1058/797/1 1059/799/1 1072/798/1
f 1071/732/1 1072/798/1 1059/799/1
f 1060/36/1 1071/732/1 1059/799/1
f 1100/162/1 1097/128/1 1099/192/1
f 1098/141/1 1099/192/1 1097/128/1
f 1097/128/1 1095/149/1 1096/132/1
f 1094/187/1 1103/17/1 1093/177/1
f 1101/173/1 1102/152/1 1103/17/1
f 1093/177/1 1103/17/1 1092/115/1
f 1101/173/1 1103/17/1 1100/162/1
f 1097/128/1 1100/162/1 1103/17/1
f 1103/17/1 1094/187/1 1097/128/1
f 1095/149/1 1097/128/1 1094/187/1
f 1155/800/1 1156/801/1 1126/802/1
f 1126/802/1 1127/803/1 1155/800/1
f 1154/804/1 1155/800/1 1127/803/1
f 1127/803/1 1128/805/1 1154/804/1
f 1153/2/1 1154/804/1 1128/805/1
f 1128/805/1 1178/806/1 1153/2/1
f 1152/807/1 1153/2/1 1178/806/1
f 1151/808/1 1152/807/1 1178/806/1
f 1178/806/1 1179/809/1 1151/808/1
f 1150/810/1 1151/808/1 1179/809/1
f 1179/809/1 1180/811/1 1150/810/1
f 1149/812/1 1150/810/1 1180/811/1
f 1180/811/1 1181/813/1 1149/812/1
f 1148/814/1 1149/812/1 1181/813/1
f 1119/815/1 1164/816/1 1118/260/1
f 1190/817/1 1141/818/1 1189/819/1
f 1164/816/1 1119/815/1 1163/820/1
f 1120/821/1 1163/820/1 1119/815/1
f 1142/822/1 1188/259/1 1189/819/1
f 1189/819/1 1141/818/1 1142/822/1
f 1163/820/1 1120/821/1 1162/823/1
f 1121/824/1 1162/823/1 1120/821/1
f 1186/825/1 1187/826/1 1144/827/1
f 1143/828/1 1144/827/1 1187/826/1
f 1187/826/1 1188/259/1 1143/828/1
f 1188/259/1 1142/822/1 1143/828/1
f 1162/823/1 1121/824/1 1161/829/1
f 1121/824/1 1122/830/1 1161/829/1
f 1160/209/1 1161/829/1 1122/830/1
f 1122/830/1 1123/831/1 1160/209/1
f 1159/832/1 1160/209/1 1123/831/1
f 1158/833/1 1159/832/1 1123/831/1
f 1123/831/1 1124/834/1 1158/833/1
f 1157/835/1 1158/833/1 1124/834/1
f 1124/834/1 1125/836/1 1157/835/1
f 1156/801/1 1157/835/1 1125/836/1
f 1126/802/1 1156/801/1 1125/836/1
f 1148/814/1 1181/813/1 1182/837/1
f 1147/838/1 1148/814/1 1182/837/1
f 1182/837/1 1183/839/1 1147/838/1
f 1146/212/1 1147/838/1 1183/839/1
f 1183/839/1 1184/840/1 1146/212/1
f 1184/840/1 1185/841/1 1146/212/1
f 1145/842/1 1146/212/1 1185/841/1
f 1185/841/1 1186/825/1 1145/842/1
f 1186/825/1 1144/827/1 1145/842/1
f 1117/843/1 1166/844/1 1116/845/1
f 1192/846/1 1140/847/1 1191/848/1
f 1116/845/1 1166/844/1 1167/849/1
f 1167/849/1 1115/850/1 1116/845/1
f 1193/851/1 1139/852/1 1192/846/1
f 1140/847/1 1192/846/1 1139/852/1
f 1113/853/1 1169/854/1 1170/855/1
f 1170/855/1 1112/856/1 1113/853/1
f 1115/850/1 1167/849/1 1168/857/1
f 1114/858/1 1115/850/1 1168/857/1
f 1168/857/1 1169/854/1 1114/858/1
f 1169/854/1 1113/853/1 1114/858/1
f 1193/851/1 1194/859/1 1138/860/1
f 1139/852/1 1193/851/1 1138/860/1
f 1173/861/1 1174/240/1 1110/862/1
f 1174/240/1 1109/863/1 1110/862/1
f 1105/864/1 1177/865/1 1104/115/1
f 1107/866/1 1176/867/1 1177/865/1
f 1106/868/1 1107/866/1 1177/865/1
f 1177/865/1 1105/864/1 1106/868/1
f 1109/863/1 1174/240/1 1175/869/1
f 1108/870/1 1109/863/1 1175/869/1
f 1175/869/1 1176/867/1 1108/870/1
f 1176/867/1 1107/866/1 1108/870/1
f 1129/871/1 1130/872/1 1202/17/1
f 1130/872/1 1131/873/1 1202/17/1
f 1201/874/1 1202/17/1 1131/873/1
f 1131/873/1 1132/241/1 1201/874/1
f 1112/856/1 1170/855/1 1171/875/1
f 1171/875/1 1172/876/1 1112/856/1
f 1111/877/1 1112/856/1 1172/876/1
f 1172/876/1 1173/861/1 1111/877/1
f 1173/861/1 1110/862/1 1111/877/1
f 1201/874/1 1132/241/1 1200/878/1
f 1199/879/1 1200/878/1 1132/241/1
f 1132/241/1 1133/880/1 1199/879/1
f 1198/881/1 1199/879/1 1133/880/1
f 1133/880/1 1134/882/1 1198/881/1
f 1197/883/1 1198/881/1 1134/882/1
f 1134/882/1 1135/884/1 1197/883/1
f 1196/885/1 1197/883/1 1135/884/1
f 1135/884/1 1136/886/1 1196/885/1
f 1195/887/1 1196/885/1 1136/886/1
f 1136/886/1 1137/888/1 1195/887/1
f 1194/859/1 1195/887/1 1137/888/1
f 1138/860/1 1194/859/1 1137/888/1
f 1166/844/1 1117/843/1 1165/889/1
f 1164/816/1 1165/889/1 1117/843/1
f 1118/260/1 1164/816/1 1117/843/1
f 1178/806/1 1128/805/1 1202/17/1
f 1141/818/1 1190/817/1 1191/848/1
f 1191/848/1 1140/847/1 1141/818/1
f 1129/871/1 1202/17/1 1128/805/1
f 1204/99/1 1205/36/1 1206/17/1
f 1206/17/1 1203/115/1 1204/99/1
f 1209/65/1 1210/91/1 1211/68/1
f 1211/68/1 1217/17/1 1209/65/1
f 1217/17/1 1208/16/1 1209/65/1
f 1207/115/1 1215/94/1 1216/64/1
f 1212/2/1 1213/116/1 1214/23/1
f 1212/2/1 1214/23/1 1216/64/1
f 1207/115/1 1216/64/1 1214/23/1
f 1212/2/1 1216/64/1 1211/68/1
f 1217/17/1 1211/68/1 1216/64/1
f 1208/16/1 1217/17/1 1215/94/1
f 1215/94/1 1207/115/1 1208/16/1
s 1
usemtl mat20.002
f 1220/890/2 1218/891/2 1221/892/2
f 1224/893/3 1222/894/3 1225/895/3
f 1225/896/4 1218/897/4 1219/898/4
f 1224/899/1 1221/900/1 1223/901/1
f 1223/902/5 1218/903/5 1222/904/5
f 1224/905/6 1219/906/6 1220/890/6
f 1228/907/2 1226/908/2 1229/909/2
f 1232/910/3 1230/911/3 1233/912/3
f 1233/913/4 1226/914/4 1227/915/4
f 1232/916/1 1229/917/1 1231/918/1
f 1231/919/5 1226/920/5 1230/921/5
f 1232/922/6 1227/923/6 1228/907/6
f 1237/924/4 1235/925/4 1234/926/4
f 1240/927/1 1238/926/1 1241/928/1
f 1235/929/5 1238/930/5 1234/931/5
f 1240/932/6 1237/933/6 1239/934/6
f 1239/934/2 1234/935/2 1238/936/2
f 1240/937/3 1235/938/3 1236/939/3
f 1244/940/2 1242/941/2 1245/942/2
f 1248/943/3 1246/944/3 1249/945/3
f 1249/946/4 1242/947/4 1243/948/4
f 1248/949/1 1245/950/1 1247/951/1
f 1247/952/5 1242/953/5 1246/954/5
f 1248/955/6 1243/956/6 1244/940/6
f 1252/957/2 1250/958/2 1253/959/2
f 1256/960/3 1254/961/3 1257/962/3
f 1257/963/4 1250/964/4 1251/965/4
f 1255/966/1 1252/967/1 1253/968/1
f 1255/969/5 1250/970/5 1254/971/5
f 1256/972/6 1251/973/6 1252/957/6
f 1260/974/2 1258/975/2 1261/976/2
f 1264/977/3 1262/978/3 1265/979/3
f 1265/980/4 1258/981/4 1259/982/4
f 1264/983/1 1261/984/1 1263/985/1
f 1263/986/5 1258/987/5 1262/988/5
f 1264/989/6 1259/990/6 1260/974/6
f 1269/991/4 1267/992/4 1266/993/4
f 1273/994/1 1271/995/1 1270/996/1
f 1273/997/5 1266/998/5 1267/999/5
f 1272/1000/6 1269/1001/6 1271/1002/6
f 1271/1002/2 1266/1003/2 1270/1004/2
f 1272/1005/3 1267/1006/3 1268/1007/3
f 1277/1008/2 1275/1009/2 1274/1010/2
f 1281/1011/3 1279/1012/3 1278/1013/3
f 1275/1014/4 1278/1015/4 1274/1016/4
f 1279/1017/1 1276/1018/1 1277/1019/1
f 1279/1020/5 1274/1021/5 1278/1022/5
f 1280/1023/6 1275/1009/6 1276/1024/6
f 1285/1025/2 1283/1026/2 1282/1027/2
f 1288/1028/3 1286/1029/3 1289/1030/3
f 1283/1031/4 1286/1032/4 1282/1033/4
f 1288/1034/1 1285/1035/1 1287/1036/1
f 1287/1037/5 1282/968/5 1286/1038/5
f 1288/1039/6 1283/1026/6 1284/1040/6
f 1293/1041/7 1291/1042/7 1290/1043/7
f 1297/1044/8 1295/1045/8 1294/1046/8
f 1291/1047/9 1297/1048/9 1294/1049/9
f 1295/1050/10 1296/1051/10 1292/1052/10
f 1295/1053/11 1290/1054/11 1294/1055/11
f 1292/1056/12 1297/1057/12 1291/1042/12
f 1294/1049/13 1290/1058/13 1291/1047/13
f 1292/1052/14 1293/1059/14 1295/1050/14
f 1301/1060/15 1299/1061/15 1298/1062/15
f 1305/1063/16 1303/1064/16 1302/1065/16
f 1299/1066/17 1305/1067/17 1302/1068/17
f 1303/1069/18 1304/1070/18 1300/1071/18
f 1303/1072/19 1298/1062/19 1302/1073/19
f 1300/1074/20 1305/1075/20 1299/1076/20
f 1302/1068/21 1298/1077/21 1299/1066/21
f 1300/1071/22 1301/1078/22 1303/1069/22
f 1309/1079/23 1307/1080/23 1306/1081/23
f 1313/1082/24 1311/1083/24 1310/1084/24
f 1307/1085/25 1313/1086/25 1310/1087/25
f 1311/1088/26 1312/1089/26 1308/1090/26
f 1311/1091/27 1306/1092/27 1310/1093/27
f 1308/1094/28 1313/1095/28 1307/1080/28
f 1310/1087/29 1306/1096/29 1307/1085/29
f 1308/1090/30 1309/1097/30 1311/1088/30
f 1317/1098/31 1315/1099/31 1314/1100/31
f 1321/1101/32 1319/1102/32 1318/1055/32
f 1315/1103/33 1321/1104/33 1318/1105/33
f 1319/1106/34 1320/1107/34 1316/1108/34
f 1319/1109/35 1314/1100/35 1318/1110/35
f 1316/1111/36 1321/1112/36 1315/1099/36
f 1318/1105/37 1314/1113/37 1315/1103/37
f 1316/1108/38 1317/1114/38 1319/1106/38
f 1652/1115/5 1650/1116/5 1653/1117/5
f 1656/1118/6 1654/1119/6 1657/1120/6
f 1657/1121/39 1650/1122/39 1651/1123/39
f 1656/1124/1 1653/1125/1 1655/1126/1
f 1655/1127/3 1650/1128/3 1654/1129/3
f 1656/1118/2 1651/1130/2 1652/1131/2
f 1660/1132/6 1658/1133/6 1661/1134/6
f 1664/1135/5 1662/1136/5 1665/1137/5
f 1665/1138/40 1658/1139/41 1659/1140/41
f 1664/1141/1 1661/1142/1 1663/1143/1
f 1662/1144/2 1661/1134/2 1658/1133/2
f 1664/1145/3 1659/1146/3 1660/1147/3
f 1220/890/2 1219/906/2 1218/891/2
f 1224/893/3 1223/1726/3 1222/894/3
f 1225/896/4 1222/1727/4 1218/897/4
f 1224/899/1 1220/1728/1 1221/900/1
f 1223/902/5 1221/1729/5 1218/903/5
f 1224/905/6 1225/1730/6 1219/906/6
f 1228/907/2 1227/923/2 1226/908/2
f 1232/910/3 1231/1731/3 1230/911/3
f 1233/913/4 1230/1732/4 1226/914/4
f 1232/916/1 1228/1733/1 1229/917/1
f 1231/919/5 1229/1734/5 1226/920/5
f 1232/922/6 1233/1735/6 1227/923/6
f 1237/924/4 1236/1736/4 1235/925/4
f 1240/927/1 1239/1737/1 1238/926/1
f 1235/929/5 1241/1738/5 1238/930/5
f 1240/932/6 1236/1739/6 1237/933/6
f 1239/934/2 1237/933/2 1234/935/2
f 1240/937/3 1241/1740/3 1235/938/3
f 1244/940/2 1243/956/2 1242/941/2
f 1248/943/3 1247/1741/3 1246/944/3
f 1249/946/4 1246/1742/4 1242/947/4
f 1248/949/1 1244/1743/1 1245/950/1
f 1247/952/5 1245/1744/5 1242/953/5
f 1248/955/6 1249/1745/6 1243/956/6
f 1252/957/2 1251/973/2 1250/958/2
f 1256/960/3 1255/1746/3 1254/961/3
f 1257/963/4 1254/1747/4 1250/964/4
f 1255/966/1 1256/1748/1 1252/967/1
f 1255/969/5 1253/1749/5 1250/970/5
f 1256/972/6 1257/1750/6 1251/973/6
f 1260/974/2 1259/990/2 1258/975/2
f 1264/977/3 1263/1751/3 1262/978/3
f 1265/980/4 1262/1752/4 1258/981/4
f 1264/983/1 1260/1753/1 1261/984/1
f 1263/986/5 1261/1754/5 1258/987/5
f 1264/989/6 1265/1755/6 1259/990/6
f 1269/991/4 1268/1756/4 1267/992/4
f 1273/994/1 1272/1757/1 1271/995/1
f 1273/997/5 1270/1758/5 1266/998/5
f 1272/1000/6 1268/1759/6 1269/1001/6
f 1271/1002/2 1269/1001/2 1266/1003/2
f 1272/1005/3 1273/1760/3 1267/1006/3
f 1277/1008/2 1276/1024/2 1275/1009/2
f 1281/1011/3 1280/1761/3 1279/1012/3
f 1275/1014/4 1281/1762/4 1278/1015/4
f 1279/1017/1 1280/1763/1 1276/1018/1
f 1279/1020/5 1277/1764/5 1274/1021/5
f 1280/1023/6 1281/1765/6 1275/1009/6
f 1285/1025/2 1284/1040/2 1283/1026/2
f 1288/1028/3 1287/1766/3 1286/1029/3
f 1283/1031/4 1289/1767/4 1286/1032/4
f 1288/1034/1 1284/1768/1 1285/1035/1
f 1287/1037/5 1285/1769/5 1282/968/5
f 1288/1039/6 1289/1770/6 1283/1026/6
f 1293/1041/7 1292/1056/7 1291/1042/7
f 1297/1044/8 1296/1771/8 1295/1045/8
f 1295/1053/11 1293/1772/11 1290/1054/11
f 1292/1056/12 1296/1773/12 1297/1057/12
f 1301/1060/15 1300/1774/15 1299/1061/15
f 1305/1063/16 1304/1775/16 1303/1064/16
f 1303/1072/19 1301/1060/19 1298/1062/19
f 1300/1074/20 1304/1776/20 1305/1075/20
f 1309/1079/23 1308/1094/23 1307/1080/23
f 1313/1082/24 1312/1777/24 1311/1083/24
f 1311/1091/27 1309/1778/27 1306/1092/27
f 1308/1094/28 1312/1779/28 1313/1095/28
f 1317/1098/31 1316/1111/31 1315/1099/31
f 1321/1101/32 1320/1780/32 1319/1102/32
f 1319/1109/35 1317/1098/35 1314/1100/35
f 1316/1111/36 1320/1781/36 1321/1112/36
f 1652/1115/5 1651/1782/5 1650/1116/5
f 1656/1118/6 1655/1783/6 1654/1119/6
f 1657/1121/39 1654/1784/39 1650/1122/39
f 1656/1124/1 1652/1785/1 1653/1125/1
f 1655/1127/3 1653/1786/3 1650/1128/3
f 1656/1118/2 1657/1120/2 1651/1130/2
f 1660/1132/6 1659/1787/6 1658/1133/6
f 1664/1135/5 1663/1788/5 1662/1136/5
f 1665/1138/40 1662/1789/40 1658/1139/41
f 1664/1141/1 1660/1790/1 1661/1142/1
f 1662/1144/2 1663/1791/2 1661/1134/2
f 1664/1145/3 1665/1792/3 1659/1146/3
usemtl mat15
f 1324/1148/42 1323/1149/42 1322/1150/42
f 1323/1151/43 1326/1152/43 1325/1153/43
f 1326/1154/44 1327/1155/44 1325/1156/44
f 1327/1155/45 1329/1157/45 1328/1158/45
f 1329/1157/46 1330/1159/46 1328/1158/46
f 1330/1160/47 1331/1161/47 1328/1162/47
f 1331/1161/48 1332/1163/48 1325/1164/49
f 1332/1165/50 1333/1166/50 1325/1167/51
f 1333/1168/52 1334/1169/52 1322/1170/52
f 1334/1169/53 1335/1171/53 1322/1170/53
f 1335/1171/54 1337/1172/54 1336/1173/54
f 1337/1174/55 1324/1175/55 1336/1176/55
f 1333/1177/56 1329/1178/56 1324/1179/57
f 1325/1180/58 1328/1181/58 1331/1182/58
f 1325/1183/59 1338/1184/60 1322/1170/59
f 1328/1158/61 1325/1156/61 1322/1185/61
f 1327/1155/62 1328/1158/62 1325/1156/62
f 1323/1186/63 1325/1156/63 1322/1185/63
f 1324/1187/64 1322/1188/64 1336/1189/64
f 1336/1173/65 1322/1170/65 1335/1171/65
f 1333/1190/66 1338/1191/66 1325/1192/66
f 1322/1170/67 1338/1184/67 1333/1168/67
f 1342/1193/68 1340/1194/68 1339/1195/68
f 1344/1196/69 1340/1194/69 1341/1197/69
f 1344/1198/70 1345/1199/70 1343/1200/70
f 1348/1201/71 1345/1199/71 1346/1202/71
f 1348/1201/72 1349/1203/72 1347/1204/72
f 1352/1205/73 1349/1206/73 1350/1207/73
f 1352/1205/74 1353/1208/74 1351/1209/74
f 1356/1210/75 1353/1208/76 1354/1211/76
f 1356/1212/77 1357/1213/77 1355/1214/77
f 1358/1215/78 1359/1216/78 1357/1213/78
f 1360/1217/79 1361/1218/79 1359/1219/79
f 1342/1193/80 1361/1218/80 1362/1220/80
f 1345/1221/81 1353/1222/81 1361/1223/81
f 1356/1212/57 1348/1224/57 1342/1225/57
f 1366/1226/82 1364/1227/82 1363/1228/82
f 1368/1229/83 1364/1227/83 1365/1230/83
f 1368/1231/84 1369/1232/84 1367/1233/84
f 1370/1234/85 1371/1235/85 1369/1232/85
f 1374/1236/86 1371/1237/86 1372/1238/86
f 1374/1236/87 1375/1239/87 1373/1240/87
f 1376/1241/88 1377/1242/88 1375/1239/88
f 1378/1243/89 1379/1244/89 1377/1242/90
f 1380/1245/91 1381/1246/91 1379/1247/92
f 1382/1248/93 1383/1249/93 1381/1246/93
f 1386/1250/94 1383/1249/94 1384/1251/95
f 1366/1226/96 1385/1252/96 1386/1253/97
f 1369/1232/98 1377/1254/98 1385/1255/98
f 1380/1256/99 1372/1257/99 1366/1258/99
f 1389/1259/100 1388/1260/100 1387/1261/100
f 1388/1262/101 1391/1263/101 1390/1264/101
f 1391/1265/102 1392/1266/102 1390/1267/102
f 1392/1266/103 1394/1268/103 1393/1269/103
f 1394/1268/104 1395/1270/104 1393/1269/104
f 1395/1271/105 1396/1272/105 1393/1273/105
f 1396/1274/106 1397/1275/106 1390/1276/107
f 1397/1275/108 1398/1277/108 1390/1276/108
f 1398/1278/109 1399/1279/109 1387/1280/109
f 1399/1279/110 1400/1281/110 1387/1280/110
f 1400/1281/111 1402/1282/111 1401/1283/111
f 1402/1284/112 1389/1285/112 1401/1286/112
f 1398/1287/113 1394/1288/113 1389/1289/99
f 1390/1290/114 1393/1291/114 1396/1292/114
f 1390/1293/115 1403/1294/115 1387/1280/115
f 1393/1269/116 1390/1267/116 1387/1295/116
f 1392/1266/117 1393/1269/117 1390/1267/117
f 1388/1296/118 1390/1267/118 1387/1295/118
f 1389/1297/119 1387/1298/119 1401/1299/119
f 1401/1283/120 1387/1280/120 1400/1281/120
f 1398/1277/121 1403/1300/121 1390/1276/122
f 1387/1280/123 1403/1294/123 1398/1278/123
f 1406/1301/124 1404/1302/124 1407/1303/124
f 1409/1304/125 1405/1305/125 1406/1306/125
f 1411/1307/126 1408/1308/127 1409/1304/128
f 1413/1309/129 1410/1310/129 1411/1307/130
f 1413/1311/131 1414/1312/131 1412/1313/131
f 1415/1314/132 1416/1315/132 1414/1312/132
f 1417/1316/133 1418/1317/133 1416/1315/133
f 1419/1318/134 1420/1319/134 1418/1320/135
f 1423/1321/136 1420/1319/137 1421/1322/138
f 1423/1321/139 1424/1323/140 1422/1324/139
f 1427/1325/141 1424/1326/141 1425/1327/141
f 1407/1303/142 1426/1328/142 1427/1325/142
f 1410/1329/143 1418/1320/143 1426/1330/143
f 1421/1331/144 1413/1332/144 1407/1333/145
f 1430/1334/146 1429/1335/146 1428/1336/146
f 1429/1337/147 1432/1338/147 1431/1339/147
f 1432/1338/148 1433/1340/148 1431/1339/148
f 1433/1340/149 1435/1341/149 1434/1342/149
f 1435/1343/150 1436/1344/150 1434/1345/150
f 1436/1344/151 1437/1346/151 1434/1345/151
f 1437/1347/152 1438/1348/152 1431/1349/152
f 1438/1350/153 1439/1351/153 1431/1352/154
f 1439/1351/155 1440/1353/155 1428/1354/155
f 1440/1353/156 1441/1355/156 1428/1354/157
f 1441/1356/158 1443/1357/158 1442/1358/158
f 1443/1357/159 1430/1359/159 1442/1358/159
f 1439/1360/145 1435/1361/144 1430/1362/145
f 1431/1363/160 1434/1364/160 1437/1365/160
f 1431/1352/161 1444/1366/161 1428/1354/161
f 1434/1342/162 1431/1339/162 1428/1367/162
f 1433/1340/163 1434/1342/163 1431/1339/163
f 1429/1337/164 1431/1339/164 1428/1367/164
f 1430/1368/165 1428/1369/165 1442/1370/165
f 1442/1371/166 1428/1354/166 1441/1355/166
f 1439/1351/167 1444/1366/168 1431/1352/169
f 1428/1354/170 1444/1366/170 1439/1351/170
f 1448/1372/171 1446/1373/171 1445/1374/172
f 1450/1375/173 1446/1373/173 1447/1376/173
f 1450/1375/174 1451/1377/174 1449/1378/174
f 1454/1379/175 1451/1380/175 1452/1381/175
f 1454/1379/176 1455/1382/176 1453/1383/176
f 1458/1384/177 1455/1385/177 1456/1386/177
f 1460/1387/178 1457/1388/178 1458/1384/178
f 1462/1389/179 1459/1390/179 1460/1387/179
f 1464/1391/180 1461/1392/180 1462/1393/180
f 1466/1394/181 1463/1395/181 1464/1391/181
f 1466/1394/182 1467/1396/182 1465/1397/182
f 1468/1398/183 1445/1374/183 1467/1399/183
f 1451/1400/184 1459/1401/184 1467/1402/184
f 1462/1403/185 1454/1379/185 1448/1404/185
f 1471/1405/186 1470/1406/186 1469/1407/186
f 1470/1406/187 1473/1408/187 1472/1409/188
f 1473/1410/189 1474/1411/189 1472/1412/189
f 1474/1411/190 1476/1413/190 1475/1414/190
f 1476/1413/191 1477/1415/191 1475/1414/191
f 1477/1416/192 1478/1417/192 1475/1418/192
f 1478/1417/193 1479/1419/193 1472/1420/194
f 1479/1419/195 1480/1421/195 1472/1420/195
f 1480/1422/196 1481/1423/196 1469/1424/196
f 1481/1423/197 1482/1425/197 1469/1424/197
f 1482/1425/198 1484/1426/198 1483/1427/198
f 1484/1426/199 1471/1428/199 1483/1427/199
f 1480/1429/185 1476/1430/185 1471/1405/185
f 1472/1420/200 1475/1418/200 1478/1417/200
f 1472/1431/201 1485/1432/201 1469/1424/201
f 1475/1414/202 1472/1412/202 1469/1433/202
f 1474/1411/203 1475/1414/203 1472/1412/203
f 1470/1434/204 1472/1412/204 1469/1433/204
f 1471/1435/205 1469/1436/205 1483/1437/205
f 1483/1427/206 1469/1424/206 1482/1425/206
f 1480/1421/207 1485/1438/207 1472/1420/207
f 1469/1424/208 1485/1432/208 1480/1422/208
f 1488/1439/209 1486/1440/209 1489/1441/209
f 1491/1442/210 1487/1443/210 1488/1444/210
f 1493/1445/211 1490/1446/211 1491/1442/211
f 1495/1447/212 1492/1448/212 1493/1445/212
f 1495/1449/213 1496/1450/213 1494/1451/213
f 1499/1452/214 1496/1450/214 1497/1453/214
f 1499/1452/215 1500/1454/215 1498/1455/215
f 1503/1456/216 1500/1457/216 1501/1458/216
f 1505/1459/217 1502/1460/217 1503/1456/217
f 1507/1461/218 1504/1462/218 1505/1459/218
f 1509/1463/219 1506/1464/219 1507/1465/219
f 1509/1463/220 1486/1440/220 1508/1466/220
f 1492/1448/221 1500/1467/221 1508/1468/221
f 1503/1469/222 1495/1470/222 1489/1471/222
f 1512/1472/223 1511/1473/223 1510/1474/223
f 1511/1475/224 1514/1476/224 1513/1477/224
f 1514/1476/225 1515/1478/225 1513/1477/225
f 1515/1478/226 1517/1479/226 1516/1480/226
f 1517/1481/227 1518/1482/227 1516/1483/227
f 1518/1482/228 1519/1484/228 1516/1483/228
f 1519/1485/229 1520/1486/229 1513/1487/229
f 1520/1488/230 1521/1489/230 1513/1490/231
f 1521/1491/232 1522/1492/232 1510/1493/232
f 1522/1492/233 1523/1494/233 1510/1493/233
f 1523/1495/234 1525/1496/234 1524/1497/234
f 1525/1496/235 1512/1498/235 1524/1497/235
f 1521/1499/222 1517/1500/222 1512/1501/222
f 1513/1502/236 1516/1503/236 1519/1504/236
f 1513/1490/237 1526/1505/237 1510/1506/238
f 1516/1480/239 1513/1477/239 1510/1507/239
f 1515/1478/240 1516/1480/240 1513/1477/240
f 1511/1475/241 1513/1477/241 1510/1507/241
f 1512/1508/242 1510/1509/242 1524/1510/242
f 1524/1511/243 1510/1493/243 1523/1494/243
f 1521/1489/244 1526/1505/244 1513/1490/244
f 1510/1512/245 1526/1513/246 1521/1514/246
f 1530/1515/247 1528/1516/247 1527/1517/247
f 1529/1518/248 1531/1519/248 1528/1516/248
f 1532/1520/249 1533/1521/249 1531/1519/249
f 1534/1522/250 1535/1523/250 1533/1524/250
f 1538/1525/251 1535/1523/251 1536/1526/251
f 1538/1525/252 1539/1527/252 1537/1528/252
f 1540/1529/253 1541/1530/253 1539/1531/253
f 1544/1532/254 1541/1530/254 1542/1533/254
f 1544/1532/255 1545/1534/255 1543/1535/255
f 1548/1536/256 1545/1534/256 1546/1537/256
f 1548/1538/257 1549/1539/257 1547/1540/257
f 1550/1541/258 1527/1542/258 1549/1539/258
f 1533/1543/259 1541/1544/260 1549/1545/259
f 1544/1546/261 1536/1547/261 1530/1548/261
f 1553/1549/262 1552/1550/262 1551/1551/262
f 1552/1550/263 1555/1552/263 1554/1553/263
f 1555/1552/264 1556/1554/264 1554/1553/264
f 1556/1555/265 1558/1556/265 1557/1484/265
f 1558/1556/266 1559/1557/266 1557/1484/266
f 1559/1557/267 1560/1558/267 1557/1484/267
f 1560/1559/268 1561/1560/268 1554/1561/269
f 1561/1562/270 1562/1563/270 1554/1564/270
f 1562/1563/271 1563/1565/271 1551/1566/271
f 1563/1567/272 1564/1568/272 1551/1569/272
f 1564/1568/273 1566/1570/273 1565/1571/273
f 1566/1570/274 1553/1572/274 1565/1571/274
f 1562/1563/275 1558/1573/261 1553/1574/275
f 1554/1575/276 1557/1576/276 1560/1577/276
f 1554/1578/277 1567/1579/277 1551/1580/277
f 1557/1581/278 1554/1553/278 1551/1551/278
f 1556/1554/279 1557/1581/279 1554/1553/279
f 1552/1550/280 1554/1553/280 1551/1551/280
f 1553/1549/281 1551/1551/281 1565/1582/281
f 1565/1571/282 1551/1569/282 1564/1568/282
f 1562/1563/283 1567/1583/284 1554/1564/285
f 1551/1584/286 1567/1585/286 1562/1586/286
f 1570/1587/287 1569/1588/287 1568/1589/287
f 1569/1588/288 1572/1590/288 1571/1591/288
f 1572/1592/289 1573/1593/289 1571/1594/289
f 1573/1593/290 1575/1595/290 1574/1596/290
f 1575/1595/291 1576/1597/291 1574/1596/291
f 1576/1597/292 1577/1598/292 1574/1596/292
f 1577/1599/293 1578/1600/293 1571/1601/293
f 1578/1600/294 1579/1602/294 1571/1601/294
f 1579/1603/295 1580/1604/295 1568/1605/295
f 1580/1604/296 1581/1606/296 1568/1605/296
f 1581/1606/297 1583/1607/297 1582/1608/297
f 1583/1607/298 1570/1609/298 1582/1608/298
f 1579/1610/299 1575/1611/299 1570/1587/299
f 1571/1601/300 1574/1612/300 1577/1599/300
f 1571/1613/301 1584/1614/301 1568/1615/301
f 1574/1596/302 1571/1594/302 1568/1616/302
f 1573/1593/303 1574/1596/303 1571/1594/303
f 1569/1617/304 1571/1594/304 1568/1616/304
f 1570/1618/305 1568/1619/305 1582/1620/305
f 1582/1608/306 1568/1605/306 1581/1606/306
f 1579/1602/307 1584/1621/307 1571/1601/307
f 1568/1605/308 1584/1622/309 1579/1603/309
f 1588/1623/310 1586/1624/310 1585/1625/310
f 1587/1626/311 1589/1627/311 1586/1624/311
f 1590/1628/312 1591/1629/312 1589/1627/312
f 1594/1630/313 1591/1631/313 1592/1632/313
f 1594/1630/314 1595/1633/314 1593/1634/314
f 1596/1635/315 1597/1636/315 1595/1633/315
f 1600/1637/316 1597/1638/316 1598/1639/316
f 1600/1637/317 1601/1640/317 1599/1641/317
f 1602/1642/318 1603/1643/318 1601/1640/318
f 1606/1644/319 1603/1645/319 1604/1646/319
f 1606/1644/320 1607/1647/320 1605/1648/320
f 1608/1649/321 1585/1625/321 1607/1650/321
f 1591/1651/322 1599/1652/322 1607/1653/322
f 1602/1654/299 1594/1630/299 1588/1655/299
f 1611/1656/323 1609/1657/323 1612/1658/323
f 1611/1656/324 1613/1659/324 1610/1660/324
f 1616/1661/325 1613/1659/325 1614/1662/325
f 1618/1663/326 1615/1664/326 1616/1665/326
f 1618/1663/327 1619/1666/327 1617/1667/327
f 1622/1668/328 1619/1666/329 1620/1669/329
f 1622/1670/330 1623/1671/330 1621/1672/330
f 1624/1673/331 1625/1674/331 1623/1671/331
f 1626/1675/332 1627/1676/332 1625/1674/332
f 1628/1677/333 1629/1678/333 1627/1679/333
f 1632/1680/334 1629/1678/334 1630/1681/334
f 1612/1682/335 1631/1683/335 1632/1680/335
f 1615/1684/336 1623/1685/336 1631/1683/336
f 1626/1686/337 1618/1687/337 1612/1688/337
f 1635/1689/338 1634/1690/338 1633/1691/338
f 1634/1690/339 1637/1692/339 1636/1693/340
f 1637/1692/341 1638/1694/341 1636/1693/341
f 1638/1695/342 1640/1696/342 1639/1697/342
f 1640/1696/343 1641/1698/343 1639/1697/343
f 1641/1698/344 1642/1699/344 1639/1697/344
f 1642/1700/345 1643/1701/345 1636/1702/346
f 1643/1701/347 1644/1703/347 1636/1702/347
f 1644/1704/348 1645/1705/348 1633/1706/348
f 1645/1707/349 1646/1708/349 1633/1709/349
f 1646/1708/350 1648/1710/350 1647/1711/350
f 1648/1710/351 1635/1712/351 1647/1711/351
f 1644/1713/337 1640/1714/337 1635/1715/337
f 1636/1702/352 1639/1716/352 1642/1700/352
f 1636/1702/353 1649/1717/353 1633/1718/353
f 1639/1719/354 1636/1693/354 1633/1691/354
f 1638/1694/355 1639/1719/355 1636/1693/355
f 1634/1690/356 1636/1693/356 1633/1691/356
f 1635/1720/357 1633/1721/357 1647/1722/357
f 1647/1711/358 1633/1709/358 1646/1708/358
f 1644/1703/359 1649/1717/359 1636/1702/360
f 1633/1723/361 1649/1724/361 1644/1725/361
f 1324/1179/57 1337/1793/362 1335/1794/57
f 1335/1794/57 1334/1795/363 1333/1177/56
f 1333/1177/56 1332/1163/364 1331/1161/364
f 1331/1161/364 1330/1160/365 1329/1178/56
f 1329/1178/56 1327/1796/366 1326/1797/367
f 1326/1797/367 1323/1798/365 1324/1179/57
f 1324/1179/57 1335/1794/57 1333/1177/56
f 1333/1177/56 1331/1161/364 1329/1178/56
f 1329/1178/56 1326/1797/367 1324/1179/57
f 1342/1193/68 1341/1197/68 1340/1194/68
f 1344/1196/69 1343/1799/69 1340/1194/69
f 1344/1198/70 1346/1202/70 1345/1199/70
f 1348/1201/71 1347/1204/71 1345/1199/71
f 1348/1201/72 1350/1800/368 1349/1203/72
f 1352/1205/73 1351/1209/73 1349/1206/73
f 1352/1205/74 1354/1211/74 1353/1208/74
f 1356/1210/75 1355/1801/75 1353/1208/76
f 1356/1212/77 1358/1215/77 1357/1213/77
f 1358/1215/78 1360/1802/78 1359/1216/78
f 1360/1217/79 1362/1220/79 1361/1218/79
f 1342/1193/80 1339/1195/80 1361/1218/80
f 1361/1223/81 1339/1803/369 1340/1804/81
f 1340/1804/81 1343/1805/81 1345/1221/81
f 1345/1221/81 1347/1806/81 1349/1807/81
f 1349/1807/81 1351/1808/370 1353/1222/81
f 1353/1222/81 1355/1809/369 1357/1810/81
f 1357/1810/81 1359/1811/81 1361/1223/81
f 1361/1223/81 1340/1804/81 1345/1221/81
f 1345/1221/81 1349/1807/81 1353/1222/81
f 1353/1222/81 1357/1810/81 1361/1223/81
f 1342/1225/57 1362/1812/57 1360/1802/57
f 1360/1802/57 1358/1215/57 1356/1212/57
f 1356/1212/57 1354/1813/57 1352/1814/57
f 1352/1814/57 1350/1815/366 1348/1224/57
f 1348/1224/57 1346/1816/57 1344/1817/56
f 1344/1817/56 1341/1818/56 1342/1225/57
f 1342/1225/57 1360/1802/57 1356/1212/57
f 1356/1212/57 1352/1814/57 1348/1224/57
f 1348/1224/57 1344/1817/56 1342/1225/57
f 1366/1226/82 1365/1230/82 1364/1227/82
f 1368/1229/83 1367/1819/83 1364/1227/83
f 1368/1231/84 1370/1234/84 1369/1232/84
f 1370/1234/85 1372/1820/85 1371/1235/85
f 1374/1236/86 1373/1240/86 1371/1237/86
f 1374/1236/87 1376/1241/371 1375/1239/87
f 1376/1241/88 1378/1243/88 1377/1242/88
f 1378/1243/89 1380/1821/372 1379/1244/89
f 1380/1245/91 1382/1248/91 1381/1246/91
f 1382/1248/93 1384/1251/373 1383/1249/93
f 1386/1250/94 1385/1822/94 1383/1249/94
f 1366/1226/96 1363/1228/96 1385/1252/96
f 1385/1255/98 1363/1823/98 1364/1824/98
f 1364/1824/98 1367/1233/98 1369/1232/98
f 1369/1232/98 1371/1235/374 1373/1825/98
f 1373/1825/98 1375/1826/98 1377/1254/98
f 1377/1254/98 1379/1827/375 1381/1828/98
f 1381/1828/98 1383/1829/374 1385/1255/98
f 1385/1255/98 1364/1824/98 1369/1232/98
f 1369/1232/98 1373/1825/98 1377/1254/98
f 1377/1254/98 1381/1828/98 1385/1255/98
f 1366/1258/99 1386/1830/99 1384/1831/99
f 1384/1831/99 1382/1832/376 1380/1256/99
f 1380/1256/99 1378/1833/377 1376/1834/99
f 1376/1834/99 1374/1835/113 1372/1257/99
f 1372/1257/99 1370/1836/99 1368/1837/99
f 1368/1837/99 1365/1838/99 1366/1258/99
f 1366/1258/99 1384/1831/99 1380/1256/99
f 1380/1256/99 1376/1834/99 1372/1257/99
f 1372/1257/99 1368/1837/99 1366/1258/99
f 1389/1289/99 1402/1839/378 1400/1840/99
f 1400/1840/99 1399/1841/113 1398/1287/113
f 1398/1287/113 1397/1842/379 1396/1843/99
f 1396/1843/99 1395/1844/380 1394/1288/113
f 1394/1288/113 1392/1845/381 1391/1846/99
f 1391/1846/99 1388/1847/382 1389/1289/99
f 1389/1289/99 1400/1840/99 1398/1287/113
f 1398/1287/113 1396/1843/99 1394/1288/113
f 1394/1288/113 1391/1846/99 1389/1289/99
f 1406/1301/124 1405/1848/383 1404/1302/124
f 1409/1304/125 1408/1308/384 1405/1305/125
f 1411/1307/126 1410/1310/385 1408/1308/127
f 1413/1309/129 1412/1849/129 1410/1310/129
f 1413/1311/131 1415/1314/131 1414/1312/131
f 1415/1314/132 1417/1316/132 1416/1315/132
f 1417/1316/133 1419/1850/386 1418/1317/133
f 1419/1318/134 1421/1322/387 1420/1319/134
f 1423/1321/136 1422/1324/136 1420/1319/137
f 1423/1321/139 1425/1851/388 1424/1323/140
f 1427/1325/141 1426/1328/141 1424/1326/141
f 1407/1303/142 1404/1302/142 1426/1328/142
f 1426/1330/143 1404/1852/143 1405/1853/143
f 1405/1853/143 1408/1854/143 1410/1329/143
f 1410/1329/143 1412/1855/389 1414/1856/143
f 1414/1856/143 1416/1857/143 1418/1320/143
f 1418/1320/143 1420/1319/390 1422/1324/143
f 1422/1324/143 1424/1323/143 1426/1330/143
f 1426/1330/143 1405/1853/143 1410/1329/143
f 1410/1329/143 1414/1856/143 1418/1320/143
f 1418/1320/143 1422/1324/143 1426/1330/143
f 1407/1333/145 1427/1858/145 1425/1859/145
f 1425/1859/145 1423/1860/391 1421/1331/144
f 1421/1331/144 1419/1861/144 1417/1862/144
f 1417/1862/144 1415/1863/392 1413/1332/144
f 1413/1332/144 1411/1864/144 1409/1865/145
f 1409/1865/145 1406/1866/393 1407/1333/145
f 1407/1333/145 1425/1859/145 1421/1331/144
f 1421/1331/144 1417/1862/144 1413/1332/144
f 1413/1332/144 1409/1865/145 1407/1333/145
f 1430/1362/145 1443/1867/391 1441/1868/145
f 1441/1868/145 1440/1869/144 1439/1360/145
f 1439/1360/145 1438/1870/391 1437/1871/145
f 1437/1871/145 1436/1872/394 1435/1361/144
f 1435/1361/144 1433/1873/395 1432/1874/392
f 1432/1874/392 1429/1875/396 1430/1362/145
f 1430/1362/145 1441/1868/145 1439/1360/145
f 1439/1360/145 1437/1871/145 1435/1361/144
f 1435/1361/144 1432/1874/392 1430/1362/145
f 1448/1372/171 1447/1376/171 1446/1373/171
f 1450/1375/173 1449/1378/173 1446/1373/173
f 1450/1375/174 1452/1876/174 1451/1377/174
f 1454/1379/175 1453/1383/175 1451/1380/175
f 1454/1379/176 1456/1877/176 1455/1382/176
f 1458/1384/177 1457/1388/177 1455/1385/177
f 1460/1387/178 1459/1390/178 1457/1388/178
f 1462/1389/179 1461/1878/179 1459/1390/179
f 1464/1391/180 1463/1395/180 1461/1392/180
f 1466/1394/181 1465/1397/181 1463/1395/181
f 1466/1394/182 1468/1879/182 1467/1396/182
f 1468/1398/183 1448/1372/183 1445/1374/183
f 1467/1402/184 1445/1880/184 1446/1881/184
f 1446/1881/184 1449/1882/397 1451/1400/184
f 1451/1400/184 1453/1883/398 1455/1884/184
f 1455/1884/184 1457/1885/399 1459/1401/184
f 1459/1401/184 1461/1886/184 1463/1887/184
f 1463/1887/184 1465/1888/398 1467/1402/184
f 1467/1402/184 1446/1881/184 1451/1400/184
f 1451/1400/184 1455/1884/184 1459/1401/184
f 1459/1401/184 1463/1887/184 1467/1402/184
f 1448/1404/185 1468/1889/185 1466/1890/185
f 1466/1890/185 1464/1891/185 1462/1403/185
f 1462/1403/185 1460/1892/185 1458/1893/185
f 1458/1893/185 1456/1877/185 1454/1379/185
f 1454/1379/185 1452/1381/185 1450/1894/185
f 1450/1894/185 1447/1895/400 1448/1404/185
f 1448/1404/185 1466/1890/185 1462/1403/185
f 1462/1403/185 1458/1893/185 1454/1379/185
f 1454/1379/185 1450/1894/185 1448/1404/185
f 1471/1405/185 1484/1896/401 1482/1897/185
f 1482/1897/185 1481/1898/401 1480/1429/185
f 1480/1429/185 1479/1899/185 1478/1900/185
f 1478/1900/185 1477/1901/402 1476/1430/185
f 1476/1430/185 1474/1902/403 1473/1408/185
f 1473/1408/185 1470/1406/404 1471/1405/185
f 1471/1405/185 1482/1897/185 1480/1429/185
f 1480/1429/185 1478/1900/185 1476/1430/185
f 1476/1430/185 1473/1408/185 1471/1405/185
f 1488/1439/209 1487/1903/209 1486/1440/209
f 1491/1442/210 1490/1446/210 1487/1443/210
f 1493/1445/211 1492/1448/211 1490/1446/211
f 1495/1447/212 1494/1904/212 1492/1448/212
f 1495/1449/213 1497/1453/213 1496/1450/213
f 1499/1452/214 1498/1455/405 1496/1450/214
f 1499/1452/215 1501/1905/215 1500/1454/215
f 1503/1456/216 1502/1460/216 1500/1457/216
f 1505/1459/217 1504/1462/217 1502/1460/217
f 1507/1461/218 1506/1906/218 1504/1462/218
f 1509/1463/219 1508/1466/219 1506/1464/219
f 1509/1463/220 1489/1441/220 1486/1440/220
f 1508/1468/221 1486/1907/221 1487/1443/221
f 1487/1443/221 1490/1446/221 1492/1448/221
f 1492/1448/221 1494/1904/221 1496/1908/221
f 1496/1908/221 1498/1909/406 1500/1467/221
f 1500/1467/221 1502/1910/221 1504/1911/221
f 1504/1911/221 1506/1912/221 1508/1468/221
f 1508/1468/221 1487/1443/221 1492/1448/221
f 1492/1448/221 1496/1908/221 1500/1467/221
f 1500/1467/221 1504/1911/221 1508/1468/221
f 1489/1471/222 1509/1913/222 1507/1914/222
f 1507/1914/222 1505/1915/222 1503/1469/222
f 1503/1469/222 1501/1916/222 1499/1917/222
f 1499/1917/222 1497/1918/407 1495/1470/222
f 1495/1470/222 1493/1919/408 1491/1920/222
f 1491/1920/222 1488/1921/409 1489/1471/222
f 1489/1471/222 1507/1914/222 1503/1469/222
f 1503/1469/222 1499/1917/222 1495/1470/222
f 1495/1470/222 1491/1920/222 1489/1471/222
f 1512/1501/222 1525/1922/410 1523/1923/222
f 1523/1923/222 1522/1924/407 1521/1499/222
f 1521/1499/222 1520/1925/222 1519/1926/410
f 1519/1926/410 1518/1927/409 1517/1500/222
f 1517/1500/222 1515/1928/407 1514/1929/222
f 1514/1929/222 1511/1930/411 1512/1501/222
f 1512/1501/222 1523/1923/222 1521/1499/222
f 1521/1499/222 1519/1926/410 1517/1500/222
f 1517/1500/222 1514/1929/222 1512/1501/222
f 1530/1515/247 1529/1518/247 1528/1516/247
f 1529/1518/248 1532/1520/248 1531/1519/248
f 1532/1520/249 1534/1931/249 1533/1521/249
f 1534/1522/250 1536/1526/250 1535/1523/250
f 1538/1525/251 1537/1528/251 1535/1523/251
f 1538/1525/252 1540/1932/252 1539/1527/252
f 1540/1529/253 1542/1533/253 1541/1530/253
f 1544/1532/254 1543/1535/254 1541/1530/254
f 1544/1532/255 1546/1537/255 1545/1534/255
f 1548/1536/256 1547/1933/256 1545/1534/256
f 1548/1538/257 1550/1541/257 1549/1539/257
f 1550/1541/258 1530/1548/258 1527/1542/258
f 1549/1545/259 1527/1934/259 1528/1935/259
f 1528/1935/259 1531/1936/412 1533/1543/259
f 1533/1543/259 1535/1937/260 1537/1938/260
f 1537/1938/260 1539/1939/259 1541/1544/260
f 1541/1544/260 1543/1940/260 1545/1941/260
f 1545/1941/260 1547/1942/259 1549/1545/259
f 1549/1545/259 1528/1935/259 1533/1543/259
f 1533/1543/259 1537/1938/260 1541/1544/260
f 1541/1544/260 1545/1941/260 1549/1545/259
f 1530/1548/261 1550/1541/275 1548/1538/275
f 1548/1538/275 1546/1943/413 1544/1546/261
f 1544/1546/261 1542/1944/414 1540/1945/261
f 1540/1945/261 1538/1946/275 1536/1547/261
f 1536/1547/261 1534/1947/275 1532/1948/261
f 1532/1948/261 1529/1949/414 1530/1548/261
f 1530/1548/261 1548/1538/275 1544/1546/261
f 1544/1546/261 1540/1945/261 1536/1547/261
f 1536/1547/261 1532/1948/261 1530/1548/261
f 1553/1574/275 1566/1950/415 1564/1951/275
f 1564/1951/275 1563/1565/261 1562/1563/275
f 1562/1563/275 1561/1562/416 1560/1952/261
f 1560/1952/261 1559/1953/261 1558/1573/261
f 1558/1573/261 1556/1954/261 1555/1955/275
f 1555/1955/275 1552/1956/275 1553/1574/275
f 1553/1574/275 1564/1951/275 1562/1563/275
f 1562/1563/275 1560/1952/261 1558/1573/261
f 1558/1573/261 1555/1955/275 1553/1574/275
f 1570/1587/299 1583/1957/299 1581/1958/299
f 1581/1958/299 1580/1959/417 1579/1610/299
f 1579/1610/299 1578/1960/299 1577/1961/299
f 1577/1961/299 1576/1962/418 1575/1611/299
f 1575/1611/299 1573/1963/418 1572/1590/299
f 1572/1590/299 1569/1588/419 1570/1587/299
f 1570/1587/299 1581/1958/299 1579/1610/299
f 1579/1610/299 1577/1961/299 1575/1611/299
f 1575/1611/299 1572/1590/299 1570/1587/299
f 1588/1623/310 1587/1626/310 1586/1624/310
f 1587/1626/311 1590/1628/311 1589/1627/311
f 1590/1628/312 1592/1964/312 1591/1629/312
f 1594/1630/313 1593/1634/313 1591/1631/313
f 1594/1630/314 1596/1635/314 1595/1633/314
f 1596/1635/315 1598/1965/315 1597/1636/315
f 1600/1637/316 1599/1641/316 1597/1638/316
f 1600/1637/317 1602/1642/317 1601/1640/317
f 1602/1642/318 1604/1966/318 1603/1643/318
f 1606/1644/319 1605/1648/319 1603/1645/319
f 1606/1644/320 1608/1967/320 1607/1647/320
f 1608/1649/321 1588/1623/321 1585/1625/321
f 1607/1653/322 1585/1968/322 1586/1969/322
f 1586/1969/322 1589/1970/322 1591/1651/322
f 1591/1651/322 1593/1971/322 1595/1972/322
f 1595/1972/322 1597/1973/420 1599/1652/322
f 1599/1652/322 1601/1974/322 1603/1975/322
f 1603/1975/322 1605/1976/421 1607/1653/322
f 1607/1653/322 1586/1969/322 1591/1651/322
f 1591/1651/322 1595/1972/322 1599/1652/322
f 1599/1652/322 1603/1975/322 1607/1653/322
f 1588/1655/299 1608/1977/299 1606/1978/299
f 1606/1978/299 1604/1979/422 1602/1654/299
f 1602/1654/299 1600/1980/299 1598/1965/299
f 1598/1965/299 1596/1635/299 1594/1630/299
f 1594/1630/299 1592/1632/299 1590/1981/299
f 1590/1981/299 1587/1982/423 1588/1655/299
f 1588/1655/299 1606/1978/299 1602/1654/299
f 1602/1654/299 1598/1965/299 1594/1630/299
f 1594/1630/299 1590/1981/299 1588/1655/299
f 1611/1656/323 1610/1660/323 1609/1657/323
f 1611/1656/324 1614/1662/324 1613/1659/324
f 1616/1661/325 1615/1983/325 1613/1659/325
f 1618/1663/326 1617/1667/326 1615/1664/326
f 1618/1663/327 1620/1669/327 1619/1666/327
f 1622/1668/328 1621/1984/328 1619/1666/329
f 1622/1670/330 1624/1673/330 1623/1671/330
f 1624/1673/331 1626/1675/331 1625/1674/331
f 1626/1675/332 1628/1985/332 1627/1676/332
f 1628/1677/333 1630/1681/424 1629/1678/333
f 1632/1680/334 1631/1683/334 1629/1678/334
f 1612/1682/335 1609/1986/425 1631/1683/335
f 1631/1683/336 1609/1986/426 1610/1987/336
f 1610/1987/336 1613/1988/336 1615/1684/336
f 1615/1684/336 1617/1989/427 1619/1990/336
f 1619/1990/336 1621/1991/428 1623/1685/336
f 1623/1685/336 1625/1992/428 1627/1679/336
f 1627/1679/336 1629/1678/336 1631/1683/336
f 1631/1683/336 1610/1987/336 1615/1684/336
f 1615/1684/336 1619/1990/336 1623/1685/336
f 1623/1685/336 1627/1679/336 1631/1683/336
f 1612/1688/337 1632/1993/337 1630/1994/337
f 1630/1994/337 1628/1995/337 1626/1686/337
f 1626/1686/337 1624/1996/337 1622/1997/337
f 1622/1997/337 1620/1998/337 1618/1687/337
f 1618/1687/337 1616/1999/337 1614/2000/337
f 1614/2000/337 1611/2001/429 1612/1688/337
f 1612/1688/337 1630/1994/337 1626/1686/337
f 1626/1686/337 1622/1997/337 1618/1687/337
f 1618/1687/337 1614/2000/337 1612/1688/337
f 1635/1715/337 1648/2002/430 1646/2003/337
f 1646/2003/337 1645/2004/431 1644/1713/337
f 1644/1713/337 1643/2005/432 1642/2006/337
f 1642/2006/337 1641/2007/433 1640/1714/337
f 1640/1714/337 1638/2008/434 1637/2009/337
f 1637/2009/337 1634/2010/432 1635/1715/337
f 1635/1715/337 1646/2003/337 1644/1713/337
f 1644/1713/337 1642/2006/337 1640/1714/337
f 1640/1714/337 1637/2009/337 1635/1715/337
