# Blender 5.1.1
# www.blender.org
mtllib chair.mtl
o Alex_Rossi_CG25/26
v 0.046004 5.109973 -1.347079
v 0.055637 5.109973 -1.333654
v 0.065887 5.109973 -1.321311
v 0.076700 5.109973 -1.310064
v 0.088022 5.109973 -1.299932
v 0.099800 5.109973 -1.290931
v 0.111980 5.109973 -1.283076
v 0.124508 5.109973 -1.276384
v 0.137331 5.109973 -1.270873
v 0.150395 5.109973 -1.266557
v 0.163646 5.109973 -1.263454
v 0.177031 5.109973 -1.261581
v 0.190496 5.109973 -1.260952
v 0.201541 5.109973 -1.261528
v 0.211925 5.109973 -1.263223
v 0.221590 5.109973 -1.265985
v 0.230480 5.109973 -1.269763
v 0.238537 5.109973 -1.274504
v 0.245705 5.109973 -1.280157
v 0.251926 5.109973 -1.286672
v 0.257144 5.109973 -1.293996
v 0.261302 5.109973 -1.302078
v 0.264342 5.109973 -1.310867
v 0.266208 5.109973 -1.320311
v 0.266842 5.109973 -1.330359
v 0.266245 5.109973 -1.338830
v 0.264507 5.109973 -1.346996
v 0.261711 5.109973 -1.354774
v 0.257939 5.109973 -1.362082
v 0.253273 5.109973 -1.368838
v 0.247795 5.109973 -1.374960
v 0.241588 5.109973 -1.380365
v 0.234733 5.109973 -1.384972
v 0.227313 5.109973 -1.388698
v 0.219410 5.109973 -1.391461
v 0.211107 5.109973 -1.393179
v 0.202484 5.109973 -1.393770
v 0.193760 5.109973 -1.393242
v 0.185455 5.109973 -1.391695
v 0.177635 5.109973 -1.389191
v 0.170363 5.109973 -1.385790
v 0.163705 5.109973 -1.381552
v 0.157725 5.109973 -1.376538
v 0.152487 5.109973 -1.370806
v 0.148057 5.109973 -1.364419
v 0.144499 5.109973 -1.357436
v 0.141878 5.109973 -1.349918
v 0.140257 5.109973 -1.341923
v 0.139703 5.109973 -1.333513
v 0.139792 5.109973 -1.330029
v 0.140050 5.109973 -1.326675
v 0.140462 5.109973 -1.323447
v 0.141011 5.109973 -1.320345
v 0.141684 5.109973 -1.317365
v 0.142463 5.109973 -1.314506
v 0.143335 5.109973 -1.311764
v 0.144283 5.109973 -1.309139
v 0.145293 5.109973 -1.306628
v 0.146348 5.109973 -1.304229
v 0.147435 5.109973 -1.301939
v 0.148536 5.109973 -1.299757
v 0.141026 5.109973 -1.302331
v 0.133514 5.109973 -1.305605
v 0.126053 5.109973 -1.309527
v 0.118694 5.109973 -1.314047
v 0.111488 5.109973 -1.319115
v 0.104487 5.109973 -1.324680
v 0.097742 5.109973 -1.330692
v 0.091305 5.109973 -1.337100
v 0.085228 5.109973 -1.343855
v 0.079561 5.109973 -1.350906
v 0.074356 5.109973 -1.358202
v 0.069666 5.109973 -1.365693
v 0.180400 5.109973 -1.293131
v 0.178321 5.109973 -1.296399
v 0.176492 5.109973 -1.299445
v 0.174899 5.109973 -1.302315
v 0.173530 5.109973 -1.305050
v 0.172371 5.109973 -1.307692
v 0.171409 5.109973 -1.310286
v 0.170631 5.109973 -1.312873
v 0.170024 5.109973 -1.315495
v 0.169575 5.109973 -1.318197
v 0.169271 5.109973 -1.321021
v 0.169097 5.109973 -1.324008
v 0.169043 5.109973 -1.327204
v 0.169333 5.109973 -1.332213
v 0.170182 5.109973 -1.336965
v 0.171557 5.109973 -1.341425
v 0.173424 5.109973 -1.345560
v 0.175752 5.109973 -1.349336
v 0.178507 5.109973 -1.352718
v 0.181657 5.109973 -1.355674
v 0.185167 5.109973 -1.358168
v 0.189007 5.109973 -1.360167
v 0.193142 5.109973 -1.361636
v 0.197540 5.109973 -1.362543
v 0.202168 5.109973 -1.362853
v 0.207304 5.109973 -1.362568
v 0.212125 5.109973 -1.361730
v 0.216607 5.109973 -1.360364
v 0.220723 5.109973 -1.358495
v 0.224450 5.109973 -1.356148
v 0.227762 5.109973 -1.353349
v 0.230633 5.109973 -1.350123
v 0.233039 5.109973 -1.346495
v 0.234954 5.109973 -1.342490
v 0.236353 5.109973 -1.338133
v 0.237211 5.109973 -1.333450
v 0.237502 5.109973 -1.328466
v 0.237054 5.109973 -1.322908
v 0.235726 5.109973 -1.317501
v 0.233549 5.109973 -1.312341
v 0.230550 5.109973 -1.307527
v 0.226758 5.109973 -1.303155
v 0.222202 5.109973 -1.299323
v 0.216909 5.109973 -1.296128
v 0.210908 5.109973 -1.293669
v 0.204229 5.109973 -1.292042
v 0.196899 5.109973 -1.291345
v 0.188946 5.109973 -1.291676
v 0.234663 5.109973 -1.236345
v 0.234663 5.109973 -1.154004
v 0.220947 5.109973 -1.165393
v 0.208271 5.109973 -1.175608
v 0.196519 5.109973 -1.184684
v 0.185576 5.109973 -1.192656
v 0.175326 5.109973 -1.199559
v 0.165651 5.109973 -1.205427
v 0.156437 5.109973 -1.210297
v 0.147567 5.109973 -1.214202
v 0.138924 5.109973 -1.217179
v 0.130393 5.109973 -1.219262
v 0.121858 5.109973 -1.220486
v 0.113202 5.109973 -1.220886
v 0.103530 5.109973 -1.220336
v 0.094422 5.109973 -1.218720
v 0.085933 5.109973 -1.216089
v 0.078114 5.109973 -1.212496
v 0.071017 5.109973 -1.207992
v 0.064697 5.109973 -1.202627
v 0.059204 5.109973 -1.196454
v 0.054593 5.109973 -1.189524
v 0.050914 5.109973 -1.181889
v 0.048222 5.109973 -1.173600
v 0.046567 5.109973 -1.164708
v 0.046004 5.109973 -1.155266
v 0.046143 5.109973 -1.150952
v 0.046559 5.109973 -1.146683
v 0.047256 5.109973 -1.142449
v 0.048236 5.109973 -1.138241
v 0.049501 5.109973 -1.134051
v 0.051052 5.109973 -1.129869
v 0.052893 5.109973 -1.125687
v 0.055025 5.109973 -1.121497
v 0.057451 5.109973 -1.117289
v 0.060172 5.109973 -1.113055
v 0.063191 5.109973 -1.108786
v 0.066511 5.109973 -1.104473
v 0.105315 5.109973 -1.104473
v 0.100105 5.109973 -1.108778
v 0.095497 5.109973 -1.113023
v 0.091464 5.109973 -1.117210
v 0.087975 5.109973 -1.121345
v 0.085004 5.109973 -1.125432
v 0.082522 5.109973 -1.129475
v 0.080499 5.109973 -1.133478
v 0.078908 5.109973 -1.137446
v 0.077720 5.109973 -1.141384
v 0.076907 5.109973 -1.145296
v 0.076440 5.109973 -1.149185
v 0.076291 5.109973 -1.153057
v 0.076633 5.109973 -1.158224
v 0.077639 5.109973 -1.163131
v 0.079273 5.109973 -1.167742
v 0.081502 5.109973 -1.172021
v 0.084292 5.109973 -1.175932
v 0.087609 5.109973 -1.179440
v 0.091418 5.109973 -1.182506
v 0.095687 5.109973 -1.185096
v 0.100381 5.109973 -1.187174
v 0.105466 5.109973 -1.188703
v 0.110908 5.109973 -1.189646
v 0.116673 5.109973 -1.189969
v 0.121025 5.109973 -1.189863
v 0.125123 5.109973 -1.189548
v 0.129016 5.109973 -1.189022
v 0.132751 5.109973 -1.188286
v 0.136376 5.109973 -1.187340
v 0.139939 5.109973 -1.186183
v 0.143490 5.109973 -1.184816
v 0.147076 5.109973 -1.183238
v 0.150745 5.109973 -1.181451
v 0.154545 5.109973 -1.179452
v 0.158525 5.109973 -1.177244
v 0.162733 5.109973 -1.174825
v 0.170695 5.109973 -1.169962
v 0.178922 5.109973 -1.164577
v 0.187351 5.109973 -1.158751
v 0.195917 5.109973 -1.152566
v 0.204558 5.109973 -1.146106
v 0.213210 5.109973 -1.139452
v 0.221810 5.109973 -1.132686
v 0.230293 5.109973 -1.125891
v 0.238597 5.109973 -1.119148
v 0.246657 5.109973 -1.112540
v 0.254411 5.109973 -1.106148
v 0.261795 5.109973 -1.100056
v 0.264003 5.109973 -1.100056
v 0.264003 5.109973 -1.236345
v 0.266842 5.109973 -1.003203
v 0.266842 5.109973 -1.025287
v 0.046004 5.109973 -1.087121
v 0.046004 5.109973 -1.065037
v 0.048844 5.109973 -0.970392
v 0.048844 5.109973 -0.874801
v 0.160840 5.109973 -0.874801
v 0.158675 5.109973 -0.886226
v 0.157795 5.109973 -0.896818
v 0.158104 5.109973 -0.906547
v 0.159508 5.109973 -0.915382
v 0.161911 5.109973 -0.923292
v 0.165218 5.109973 -0.930247
v 0.169332 5.109973 -0.936217
v 0.174161 5.109973 -0.941170
v 0.179606 5.109973 -0.945075
v 0.185575 5.109973 -0.947903
v 0.191971 5.109973 -0.949622
v 0.198698 5.109973 -0.950202
v 0.203902 5.109973 -0.949790
v 0.208912 5.109973 -0.948594
v 0.213679 5.109973 -0.946667
v 0.218153 5.109973 -0.944067
v 0.222285 5.109973 -0.940850
v 0.226027 5.109973 -0.937070
v 0.229328 5.109973 -0.932784
v 0.232139 5.109973 -0.928048
v 0.234412 5.109973 -0.922918
v 0.236096 5.109973 -0.917449
v 0.237143 5.109973 -0.911697
v 0.237503 5.109973 -0.905719
v 0.237391 5.109973 -0.901775
v 0.237057 5.109973 -0.897833
v 0.236502 5.109973 -0.893893
v 0.235726 5.109973 -0.889956
v 0.234732 5.109973 -0.886024
v 0.233520 5.109973 -0.882097
v 0.232090 5.109973 -0.878177
v 0.230445 5.109973 -0.874264
v 0.228585 5.109973 -0.870360
v 0.226512 5.109973 -0.866466
v 0.224226 5.109973 -0.862583
v 0.221728 5.109973 -0.858712
v 0.253592 5.109973 -0.858712
v 0.255841 5.109973 -0.863291
v 0.257860 5.109973 -0.867738
v 0.259655 5.109973 -0.872080
v 0.261234 5.109973 -0.876344
v 0.262602 5.109973 -0.880555
v 0.263766 5.109973 -0.884739
v 0.264734 5.109973 -0.888923
v 0.265510 5.109973 -0.893134
v 0.266103 5.109973 -0.897398
v 0.266518 5.109973 -0.901740
v 0.266762 5.109973 -0.906188
v 0.266842 5.109973 -0.910766
v 0.266248 5.109973 -0.920700
v 0.264508 5.109973 -0.930109
v 0.261686 5.109973 -0.938928
v 0.257845 5.109973 -0.947093
v 0.253049 5.109973 -0.954540
v 0.247361 5.109973 -0.961204
v 0.240845 5.109973 -0.967020
v 0.233565 5.109973 -0.971923
v 0.225583 5.109973 -0.975849
v 0.216964 5.109973 -0.978734
v 0.207771 5.109973 -0.980512
v 0.198067 5.109973 -0.981119
v 0.188334 5.109973 -0.980507
v 0.179067 5.109973 -0.978697
v 0.170349 5.109973 -0.975726
v 0.162266 5.109973 -0.971631
v 0.154901 5.109973 -0.966449
v 0.148339 5.109973 -0.960218
v 0.142665 5.109973 -0.952975
v 0.137962 5.109973 -0.944757
v 0.134315 5.109973 -0.935601
v 0.131808 5.109973 -0.925544
v 0.130527 5.109973 -0.914625
v 0.130554 5.109973 -0.902879
v 0.076606 5.109973 -0.902879
v 0.076606 5.109973 -0.970392
v 0.234663 5.109973 -0.832211
v 0.234663 5.109973 -0.749870
v 0.220947 5.109973 -0.761260
v 0.208271 5.109973 -0.771475
v 0.196519 5.109973 -0.780551
v 0.185576 5.109973 -0.788522
v 0.175326 5.109973 -0.795425
v 0.165651 5.109973 -0.801294
v 0.156437 5.109973 -0.806163
v 0.147567 5.109973 -0.810069
v 0.138924 5.109973 -0.813046
v 0.130393 5.109973 -0.815128
v 0.121858 5.109973 -0.816352
v 0.113202 5.109973 -0.816752
v 0.103530 5.109973 -0.816202
v 0.094422 5.109973 -0.814586
v 0.085933 5.109973 -0.811956
v 0.078114 5.109973 -0.808363
v 0.071017 5.109973 -0.803858
v 0.064697 5.109973 -0.798494
v 0.059204 5.109973 -0.792321
v 0.054593 5.109973 -0.785391
v 0.050914 5.109973 -0.777756
v 0.048222 5.109973 -0.769467
v 0.046567 5.109973 -0.760575
v 0.046004 5.109973 -0.751132
v 0.046143 5.109973 -0.746819
v 0.046559 5.109973 -0.742550
v 0.047256 5.109973 -0.738315
v 0.048236 5.109973 -0.734107
v 0.049501 5.109973 -0.729917
v 0.051052 5.109973 -0.725736
v 0.052893 5.109973 -0.721554
v 0.055025 5.109973 -0.717364
v 0.057451 5.109973 -0.713156
v 0.060172 5.109973 -0.708921
v 0.063191 5.109973 -0.704652
v 0.066511 5.109973 -0.700339
v 0.105315 5.109973 -0.700339
v 0.100105 5.109973 -0.704645
v 0.095497 5.109973 -0.708889
v 0.091464 5.109973 -0.713077
v 0.087975 5.109973 -0.717212
v 0.085004 5.109973 -0.721298
v 0.082522 5.109973 -0.725341
v 0.080499 5.109973 -0.729345
v 0.078908 5.109973 -0.733313
v 0.077720 5.109973 -0.737251
v 0.076907 5.109973 -0.741162
v 0.076440 5.109973 -0.745052
v 0.076291 5.109973 -0.748924
v 0.076633 5.109973 -0.754090
v 0.077639 5.109973 -0.758997
v 0.079273 5.109973 -0.763608
v 0.081502 5.109973 -0.767888
v 0.084292 5.109973 -0.771799
v 0.087609 5.109973 -0.775306
v 0.091418 5.109973 -0.778373
v 0.095687 5.109973 -0.780963
v 0.100381 5.109973 -0.783040
v 0.105466 5.109973 -0.784569
v 0.110908 5.109973 -0.785513
v 0.116673 5.109973 -0.785835
v 0.121025 5.109973 -0.785730
v 0.125123 5.109973 -0.785415
v 0.129016 5.109973 -0.784889
v 0.132751 5.109973 -0.784153
v 0.136376 5.109973 -0.783206
v 0.139939 5.109973 -0.782049
v 0.143490 5.109973 -0.780682
v 0.147076 5.109973 -0.779105
v 0.150745 5.109973 -0.777317
v 0.154545 5.109973 -0.775319
v 0.158525 5.109973 -0.773111
v 0.162733 5.109973 -0.770692
v 0.170695 5.109973 -0.765829
v 0.178922 5.109973 -0.760443
v 0.187351 5.109973 -0.754617
v 0.195917 5.109973 -0.748433
v 0.204558 5.109973 -0.741973
v 0.213210 5.109973 -0.735319
v 0.221810 5.109973 -0.728553
v 0.230293 5.109973 -0.721757
v 0.238597 5.109973 -0.715014
v 0.246657 5.109973 -0.708406
v 0.254411 5.109973 -0.702015
v 0.261795 5.109973 -0.695922
v 0.264003 5.109973 -0.695922
v 0.264003 5.109973 -0.832211
v 0.158001 5.109973 -0.664059
v 0.158001 5.109973 -0.591813
v 0.185763 5.109973 -0.591813
v 0.185763 5.109973 -0.633142
v 0.229931 5.109973 -0.633142
v 0.231093 5.109973 -0.629427
v 0.232205 5.109973 -0.625695
v 0.233258 5.109973 -0.621942
v 0.234243 5.109973 -0.618162
v 0.235148 5.109973 -0.614351
v 0.235965 5.109973 -0.610506
v 0.236683 5.109973 -0.606620
v 0.237292 5.109973 -0.602692
v 0.237783 5.109973 -0.598714
v 0.238147 5.109973 -0.594685
v 0.238372 5.109973 -0.590598
v 0.238449 5.109973 -0.586450
v 0.237757 5.109973 -0.574001
v 0.235726 5.109973 -0.562254
v 0.232425 5.109973 -0.551284
v 0.227921 5.109973 -0.541161
v 0.222282 5.109973 -0.531958
v 0.215576 5.109973 -0.523748
v 0.207872 5.109973 -0.516602
v 0.199236 5.109973 -0.510594
v 0.189736 5.109973 -0.505795
v 0.179442 5.109973 -0.502277
v 0.168420 5.109973 -0.500114
v 0.156739 5.109973 -0.499377
v 0.145310 5.109973 -0.500118
v 0.134427 5.109973 -0.502281
v 0.124175 5.109973 -0.505775
v 0.114639 5.109973 -0.510512
v 0.105906 5.109973 -0.516402
v 0.098059 5.109973 -0.523354
v 0.091185 5.109973 -0.531278
v 0.085370 5.109973 -0.540086
v 0.080698 5.109973 -0.549687
v 0.077255 5.109973 -0.559991
v 0.075126 5.109973 -0.570908
v 0.074398 5.109973 -0.582349
v 0.074549 5.109973 -0.588822
v 0.075000 5.109973 -0.595304
v 0.075749 5.109973 -0.601790
v 0.076793 5.109973 -0.608277
v 0.078131 5.109973 -0.614759
v 0.079761 5.109973 -0.621232
v 0.081680 5.109973 -0.627692
v 0.083886 5.109973 -0.634135
v 0.086376 5.109973 -0.640556
v 0.089150 5.109973 -0.646950
v 0.092203 5.109973 -0.653314
v 0.095535 5.109973 -0.659642
v 0.064302 5.109973 -0.659642
v 0.060960 5.109973 -0.651524
v 0.058018 5.109973 -0.643995
v 0.055454 5.109973 -0.636972
v 0.053249 5.109973 -0.630372
v 0.051381 5.109973 -0.624115
v 0.049830 5.109973 -0.618117
v 0.048574 5.109973 -0.612296
v 0.047594 5.109973 -0.606571
v 0.046867 5.109973 -0.600859
v 0.046374 5.109973 -0.595078
v 0.046093 5.109973 -0.589145
v 0.046004 5.109973 -0.582980
v 0.046991 5.109973 -0.566923
v 0.049874 5.109973 -0.551642
v 0.054537 5.109973 -0.537254
v 0.060867 5.109973 -0.523879
v 0.068748 5.109973 -0.511635
v 0.078065 5.109973 -0.500639
v 0.088704 5.109973 -0.491010
v 0.100548 5.109973 -0.482867
v 0.113483 5.109973 -0.476327
v 0.127395 5.109973 -0.471509
v 0.142167 5.109973 -0.468532
v 0.157685 5.109973 -0.467513
v 0.173088 5.109973 -0.468507
v 0.187680 5.109973 -0.471417
v 0.201360 5.109973 -0.476135
v 0.214028 5.109973 -0.482551
v 0.225584 5.109973 -0.490558
v 0.235925 5.109973 -0.500047
v 0.244952 5.109973 -0.510910
v 0.252564 5.109973 -0.523038
v 0.258660 5.109973 -0.536323
v 0.263138 5.109973 -0.550656
v 0.265900 5.109973 -0.565929
v 0.266842 5.109973 -0.582033
v 0.266736 5.109973 -0.589395
v 0.266410 5.109973 -0.596522
v 0.265857 5.109973 -0.603457
v 0.265066 5.109973 -0.610240
v 0.264031 5.109973 -0.616914
v 0.262741 5.109973 -0.623519
v 0.261189 5.109973 -0.630099
v 0.259364 5.109973 -0.636694
v 0.257260 5.109973 -0.643345
v 0.254866 5.109973 -0.650096
v 0.252174 5.109973 -0.656986
v 0.249175 5.109973 -0.664059
v 0.063671 5.109973 -0.435334
v 0.060739 5.109973 -0.428140
v 0.058091 5.109973 -0.421212
v 0.055720 5.109973 -0.414527
v 0.053623 5.109973 -0.408062
v 0.051793 5.109973 -0.401795
v 0.050224 5.109973 -0.395701
v 0.048912 5.109973 -0.389759
v 0.047851 5.109973 -0.383945
v 0.047035 5.109973 -0.378236
v 0.046459 5.109973 -0.372610
v 0.046117 5.109973 -0.367042
v 0.046004 5.109973 -0.361511
v 0.046986 5.109973 -0.344808
v 0.049860 5.109973 -0.329000
v 0.054523 5.109973 -0.314193
v 0.060867 5.109973 -0.300494
v 0.068789 5.109973 -0.288008
v 0.078184 5.109973 -0.276843
v 0.088945 5.109973 -0.267104
v 0.100969 5.109973 -0.258897
v 0.114149 5.109973 -0.252329
v 0.128381 5.109973 -0.247506
v 0.143559 5.109973 -0.244534
v 0.159578 5.109973 -0.243520
v 0.171166 5.109973 -0.244262
v 0.183188 5.109973 -0.246511
v 0.195371 5.109973 -0.250303
v 0.207438 5.109973 -0.255672
v 0.219116 5.109973 -0.262654
v 0.230128 5.109973 -0.271283
v 0.240201 5.109973 -0.281594
v 0.249059 5.109973 -0.293624
v 0.256427 5.109973 -0.307405
v 0.262030 5.109973 -0.322975
v 0.265593 5.109973 -0.340367
v 0.266842 5.109973 -0.359618
v 0.266681 5.109973 -0.367839
v 0.266207 5.109973 -0.375643
v 0.265438 5.109973 -0.383062
v 0.264389 5.109973 -0.390126
v 0.263077 5.109973 -0.396866
v 0.261519 5.109973 -0.403312
v 0.259730 5.109973 -0.409495
v 0.257728 5.109973 -0.415447
v 0.255529 5.109973 -0.421196
v 0.253150 5.109973 -0.426775
v 0.250605 5.109973 -0.432213
v 0.247913 5.109973 -0.437542
v 0.214157 5.109973 -0.437542
v 0.217948 5.109973 -0.431426
v 0.221433 5.109973 -0.425233
v 0.224607 5.109973 -0.418978
v 0.227465 5.109973 -0.412677
v 0.230004 5.109973 -0.406346
v 0.232218 5.109973 -0.400000
v 0.234104 5.109973 -0.393653
v 0.235656 5.109973 -0.387322
v 0.236872 5.109973 -0.381022
v 0.237745 5.109973 -0.374767
v 0.238272 5.109973 -0.368574
v 0.238449 5.109973 -0.362457
v 0.237763 5.109973 -0.349875
v 0.235748 5.109973 -0.338042
v 0.232470 5.109973 -0.327025
v 0.227991 5.109973 -0.316887
v 0.222378 5.109973 -0.307697
v 0.215695 5.109973 -0.299518
v 0.208006 5.109973 -0.292418
v 0.199376 5.109973 -0.286461
v 0.189870 5.109973 -0.281713
v 0.179552 5.109973 -0.278241
v 0.168486 5.109973 -0.276109
v 0.156739 5.109973 -0.275384
v 0.145178 5.109973 -0.276133
v 0.134208 5.109973 -0.278323
v 0.123909 5.109973 -0.281871
v 0.114359 5.109973 -0.286695
v 0.105637 5.109973 -0.292710
v 0.097823 5.109973 -0.299834
v 0.090994 5.109973 -0.307983
v 0.085229 5.109973 -0.317075
v 0.080609 5.109973 -0.327025
v 0.077211 5.109973 -0.337751
v 0.075114 5.109973 -0.349168
v 0.074398 5.109973 -0.361195
v 0.074543 5.109973 -0.367384
v 0.074984 5.109973 -0.373501
v 0.075724 5.109973 -0.379567
v 0.076770 5.109973 -0.385605
v 0.078127 5.109973 -0.391633
v 0.079801 5.109973 -0.397673
v 0.081796 5.109973 -0.403746
v 0.084119 5.109973 -0.409873
v 0.086776 5.109973 -0.416075
v 0.089770 5.109973 -0.422371
v 0.093109 5.109973 -0.428784
v 0.096797 5.109973 -0.435334
v 0.122351 5.109973 -0.120167
v 0.122351 5.109973 -0.092089
v 0.264003 5.109973 -0.092089
v 0.264003 5.109973 -0.120167
v 0.079446 5.109973 -0.123006
v 0.077195 5.109973 -0.122852
v 0.075030 5.109973 -0.122403
v 0.072973 5.109973 -0.121680
v 0.071044 5.109973 -0.120704
v 0.069265 5.109973 -0.119496
v 0.067654 5.109973 -0.118076
v 0.066235 5.109973 -0.116466
v 0.065027 5.109973 -0.114686
v 0.064051 5.109973 -0.112758
v 0.063328 5.109973 -0.110700
v 0.062879 5.109973 -0.108536
v 0.062725 5.109973 -0.106285
v 0.062879 5.109973 -0.104034
v 0.063328 5.109973 -0.101870
v 0.064051 5.109973 -0.099813
v 0.065027 5.109973 -0.097884
v 0.066235 5.109973 -0.096104
v 0.067655 5.109973 -0.094494
v 0.069265 5.109973 -0.093075
v 0.071044 5.109973 -0.091866
v 0.072973 5.109973 -0.090891
v 0.075030 5.109973 -0.090168
v 0.077195 5.109973 -0.089719
v 0.079446 5.109973 -0.089565
v 0.081697 5.109973 -0.089719
v 0.083861 5.109973 -0.090168
v 0.085918 5.109973 -0.090891
v 0.087847 5.109973 -0.091867
v 0.089627 5.109973 -0.093075
v 0.091237 5.109973 -0.094494
v 0.092656 5.109973 -0.096105
v 0.093864 5.109973 -0.097884
v 0.094840 5.109973 -0.099813
v 0.095563 5.109973 -0.101870
v 0.096012 5.109973 -0.104035
v 0.096166 5.109973 -0.106285
v 0.096012 5.109973 -0.108536
v 0.095563 5.109973 -0.110701
v 0.094840 5.109973 -0.112758
v 0.093864 5.109973 -0.114687
v 0.092656 5.109973 -0.116467
v 0.091237 5.109973 -0.118077
v 0.089627 5.109973 -0.119496
v 0.087847 5.109973 -0.120704
v 0.085918 5.109973 -0.121680
v 0.083861 5.109973 -0.122403
v 0.081697 5.109973 -0.122852
v 0.131185 5.109973 -0.052338
v 0.129298 5.109973 -0.048657
v 0.127582 5.109973 -0.045025
v 0.126034 5.109973 -0.041439
v 0.124653 5.109973 -0.037896
v 0.123439 5.109973 -0.034392
v 0.122391 5.109973 -0.030924
v 0.121507 5.109973 -0.027490
v 0.120786 5.109973 -0.024084
v 0.120227 5.109973 -0.020706
v 0.119829 5.109973 -0.017350
v 0.119591 5.109973 -0.014014
v 0.119512 5.109973 -0.010694
v 0.119811 5.109973 -0.003811
v 0.120698 5.109973 0.002623
v 0.122154 5.109973 0.008580
v 0.124162 5.109973 0.014030
v 0.126705 5.109973 0.018946
v 0.129765 5.109973 0.023299
v 0.133325 5.109973 0.027060
v 0.137366 5.109973 0.030202
v 0.141872 5.109973 0.032695
v 0.146825 5.109973 0.034510
v 0.152207 5.109973 0.035621
v 0.158001 5.109973 0.035997
v 0.166987 5.109973 0.034694
v 0.174945 5.109973 0.031090
v 0.182002 5.109973 0.025646
v 0.188287 5.109973 0.018821
v 0.193928 5.109973 0.011076
v 0.199053 5.109973 0.002872
v 0.203790 5.109973 -0.005333
v 0.208268 5.109973 -0.013078
v 0.212614 5.109973 -0.019902
v 0.216957 5.109973 -0.025347
v 0.221424 5.109973 -0.028950
v 0.226145 5.109973 -0.030254
v 0.228570 5.109973 -0.030061
v 0.230799 5.109973 -0.029500
v 0.232829 5.109973 -0.028598
v 0.234663 5.109973 -0.027380
v 0.236300 5.109973 -0.025872
v 0.237739 5.109973 -0.024102
v 0.238981 5.109973 -0.022095
v 0.240026 5.109973 -0.019878
v 0.240874 5.109973 -0.017477
v 0.241525 5.109973 -0.014918
v 0.241978 5.109973 -0.012228
v 0.242235 5.109973 -0.009432
v 0.242110 5.109973 -0.006483
v 0.241732 5.109973 -0.003324
v 0.241101 5.109973 0.000032
v 0.240213 5.109973 0.003573
v 0.239067 5.109973 0.007284
v 0.237660 5.109973 0.011153
v 0.235990 5.109973 0.015167
v 0.234056 5.109973 0.019312
v 0.231853 5.109973 0.023575
v 0.229382 5.109973 0.027944
v 0.226638 5.109973 0.032404
v 0.223621 5.109973 0.036944
v 0.253908 5.109973 0.036944
v 0.256150 5.109973 0.032463
v 0.258152 5.109973 0.028150
v 0.259922 5.109973 0.023975
v 0.261468 5.109973 0.019908
v 0.262799 5.109973 0.015920
v 0.263924 5.109973 0.011981
v 0.264852 5.109973 0.008062
v 0.265592 5.109973 0.004134
v 0.266152 5.109973 0.000165
v 0.266542 5.109973 -0.003872
v 0.266769 5.109973 -0.008008
v 0.266842 5.109973 -0.012272
v 0.266499 5.109973 -0.018823
v 0.265489 5.109973 -0.025041
v 0.263840 5.109973 -0.030880
v 0.261584 5.109973 -0.036295
v 0.258750 5.109973 -0.041241
v 0.255367 5.109973 -0.045673
v 0.251464 5.109973 -0.049547
v 0.247072 5.109973 -0.052817
v 0.242220 5.109973 -0.055438
v 0.236937 5.109973 -0.057366
v 0.231254 5.109973 -0.058556
v 0.225199 5.109973 -0.058963
v 0.221663 5.109973 -0.058782
v 0.218289 5.109973 -0.058224
v 0.215039 5.109973 -0.057267
v 0.211878 5.109973 -0.055890
v 0.208770 5.109973 -0.054070
v 0.205678 5.109973 -0.051786
v 0.202567 5.109973 -0.049015
v 0.199399 5.109973 -0.045736
v 0.196140 5.109973 -0.041927
v 0.192752 5.109973 -0.037566
v 0.189200 5.109973 -0.032630
v 0.185448 5.109973 -0.027099
v 0.181961 5.109973 -0.021187
v 0.178744 5.109973 -0.015898
v 0.175776 5.109973 -0.011212
v 0.173039 5.109973 -0.007107
v 0.170512 5.109973 -0.003563
v 0.168175 5.109973 -0.000559
v 0.166010 5.109973 0.001925
v 0.163995 5.109973 0.003912
v 0.162112 5.109973 0.005420
v 0.160341 5.109973 0.006472
v 0.158661 5.109973 0.007088
v 0.157054 5.109973 0.007288
v 0.155209 5.109973 0.007139
v 0.153467 5.109973 0.006698
v 0.151839 5.109973 0.005977
v 0.150336 5.109973 0.004987
v 0.148968 5.109973 0.003738
v 0.147748 5.109973 0.002241
v 0.146685 5.109973 0.000507
v 0.145791 5.109973 -0.001451
v 0.145076 5.109973 -0.003625
v 0.144552 5.109973 -0.006003
v 0.144230 5.109973 -0.008573
v 0.144120 5.109973 -0.011325
v 0.144213 5.109973 -0.014018
v 0.144495 5.109973 -0.016883
v 0.144972 5.109973 -0.019907
v 0.145650 5.109973 -0.023080
v 0.146534 5.109973 -0.026388
v 0.147629 5.109973 -0.029820
v 0.148942 5.109973 -0.033364
v 0.150476 5.109973 -0.037008
v 0.152238 5.109973 -0.040739
v 0.154234 5.109973 -0.044546
v 0.156469 5.109973 -0.048416
v 0.158947 5.109973 -0.052338
v 0.131185 5.109973 0.069123
v 0.129298 5.109973 0.072804
v 0.127582 5.109973 0.076436
v 0.126034 5.109973 0.080022
v 0.124653 5.109973 0.083565
v 0.123439 5.109973 0.087069
v 0.122391 5.109973 0.090536
v 0.121507 5.109973 0.093971
v 0.120786 5.109973 0.097376
v 0.120227 5.109973 0.100755
v 0.119829 5.109973 0.104111
v 0.119591 5.109973 0.107447
v 0.119512 5.109973 0.110767
v 0.119811 5.109973 0.117650
v 0.120698 5.109973 0.124084
v 0.122154 5.109973 0.130041
v 0.124162 5.109973 0.135491
v 0.126705 5.109973 0.140407
v 0.129765 5.109973 0.144760
v 0.133325 5.109973 0.148521
v 0.137366 5.109973 0.151663
v 0.141872 5.109973 0.154155
v 0.146825 5.109973 0.155971
v 0.152207 5.109973 0.157082
v 0.158001 5.109973 0.157458
v 0.166987 5.109973 0.156155
v 0.174945 5.109973 0.152551
v 0.182002 5.109973 0.147106
v 0.188287 5.109973 0.140282
v 0.193928 5.109973 0.132537
v 0.199053 5.109973 0.124333
v 0.203790 5.109973 0.116128
v 0.208268 5.109973 0.108383
v 0.212614 5.109973 0.101559
v 0.216957 5.109973 0.096114
v 0.221424 5.109973 0.092510
v 0.226145 5.109973 0.091207
v 0.228570 5.109973 0.091400
v 0.230799 5.109973 0.091961
v 0.232829 5.109973 0.092863
v 0.234663 5.109973 0.094081
v 0.236300 5.109973 0.095589
v 0.237739 5.109973 0.097359
v 0.238981 5.109973 0.099366
v 0.240026 5.109973 0.101583
v 0.240874 5.109973 0.103984
v 0.241525 5.109973 0.106543
v 0.241978 5.109973 0.109233
v 0.242235 5.109973 0.112029
v 0.242110 5.109973 0.114978
v 0.241732 5.109973 0.118137
v 0.241101 5.109973 0.121493
v 0.240213 5.109973 0.125034
v 0.239067 5.109973 0.128745
v 0.237660 5.109973 0.132614
v 0.235990 5.109973 0.136628
v 0.234056 5.109973 0.140773
v 0.231853 5.109973 0.145036
v 0.229382 5.109973 0.149405
v 0.226638 5.109973 0.153865
v 0.223621 5.109973 0.158405
v 0.253908 5.109973 0.158405
v 0.256150 5.109973 0.153924
v 0.258152 5.109973 0.149611
v 0.259922 5.109973 0.145435
v 0.261468 5.109973 0.141369
v 0.262799 5.109973 0.137381
v 0.263924 5.109973 0.133442
v 0.264852 5.109973 0.129523
v 0.265592 5.109973 0.125594
v 0.266152 5.109973 0.121626
v 0.266542 5.109973 0.117589
v 0.266769 5.109973 0.113453
v 0.266842 5.109973 0.109189
v 0.266499 5.109973 0.102637
v 0.265489 5.109973 0.096420
v 0.263840 5.109973 0.090581
v 0.261584 5.109973 0.085166
v 0.258750 5.109973 0.080220
v 0.255367 5.109973 0.075788
v 0.251464 5.109973 0.071914
v 0.247072 5.109973 0.068644
v 0.242220 5.109973 0.066022
v 0.236937 5.109973 0.064094
v 0.231254 5.109973 0.062904
v 0.225199 5.109973 0.062498
v 0.221663 5.109973 0.062679
v 0.218289 5.109973 0.063237
v 0.215039 5.109973 0.064194
v 0.211878 5.109973 0.065571
v 0.208770 5.109973 0.067391
v 0.205678 5.109973 0.069675
v 0.202567 5.109973 0.072446
v 0.199399 5.109973 0.075725
v 0.196140 5.109973 0.079534
v 0.192752 5.109973 0.083895
v 0.189200 5.109973 0.088831
v 0.185448 5.109973 0.094362
v 0.181961 5.109973 0.100274
v 0.178744 5.109973 0.105563
v 0.175776 5.109973 0.110249
v 0.173039 5.109973 0.114354
v 0.170512 5.109973 0.117898
v 0.168175 5.109973 0.120902
v 0.166010 5.109973 0.123386
v 0.163995 5.109973 0.125373
v 0.162112 5.109973 0.126881
v 0.160341 5.109973 0.127933
v 0.158661 5.109973 0.128549
v 0.157054 5.109973 0.128749
v 0.155209 5.109973 0.128600
v 0.153467 5.109973 0.128159
v 0.151839 5.109973 0.127438
v 0.150336 5.109973 0.126448
v 0.148968 5.109973 0.125198
v 0.147748 5.109973 0.123702
v 0.146685 5.109973 0.121968
v 0.145791 5.109973 0.120009
v 0.145076 5.109973 0.117836
v 0.144552 5.109973 0.115458
v 0.144230 5.109973 0.112888
v 0.144120 5.109973 0.110136
v 0.144213 5.109973 0.107443
v 0.144495 5.109973 0.104578
v 0.144972 5.109973 0.101554
v 0.145650 5.109973 0.098381
v 0.146534 5.109973 0.095073
v 0.147629 5.109973 0.091641
v 0.148942 5.109973 0.088097
v 0.150476 5.109973 0.084453
v 0.152238 5.109973 0.080722
v 0.154234 5.109973 0.076915
v 0.156469 5.109973 0.073045
v 0.158947 5.109973 0.069123
v 0.119512 5.109973 0.259359
v 0.120156 5.109973 0.269711
v 0.122037 5.109973 0.279576
v 0.125077 5.109973 0.288877
v 0.129198 5.109973 0.297533
v 0.134323 5.109973 0.305466
v 0.140373 5.109973 0.312597
v 0.147271 5.109973 0.318847
v 0.154940 5.109973 0.324138
v 0.163300 5.109973 0.328391
v 0.172275 5.109973 0.331526
v 0.181787 5.109973 0.333465
v 0.191758 5.109973 0.334129
v 0.202381 5.109973 0.333489
v 0.212436 5.109973 0.331613
v 0.221857 5.109973 0.328568
v 0.230574 5.109973 0.324419
v 0.238519 5.109973 0.319231
v 0.245626 5.109973 0.313070
v 0.251826 5.109973 0.306002
v 0.257051 5.109973 0.298093
v 0.261233 5.109973 0.289409
v 0.264304 5.109973 0.280015
v 0.266197 5.109973 0.269976
v 0.266842 5.109973 0.259359
v 0.266221 5.109973 0.248307
v 0.264392 5.109973 0.237906
v 0.261410 5.109973 0.228215
v 0.257331 5.109973 0.219293
v 0.252209 5.109973 0.211199
v 0.246099 5.109973 0.203992
v 0.239056 5.109973 0.197731
v 0.231134 5.109973 0.192477
v 0.222389 5.109973 0.188287
v 0.212874 5.109973 0.185221
v 0.202646 5.109973 0.183338
v 0.191758 5.109973 0.182697
v 0.181522 5.109973 0.183356
v 0.171837 5.109973 0.185286
v 0.162768 5.109973 0.188420
v 0.154379 5.109973 0.192687
v 0.146735 5.109973 0.198019
v 0.139900 5.109973 0.204347
v 0.133940 5.109973 0.211601
v 0.128918 5.109973 0.219713
v 0.124900 5.109973 0.228614
v 0.121950 5.109973 0.238235
v 0.120132 5.109973 0.248506
v 0.144751 5.109973 0.259675
v 0.145158 5.109973 0.252827
v 0.146350 5.109973 0.246350
v 0.148285 5.109973 0.240287
v 0.150920 5.109973 0.234681
v 0.154212 5.109973 0.229575
v 0.158119 5.109973 0.225011
v 0.162598 5.109973 0.221032
v 0.167606 5.109973 0.217680
v 0.173100 5.109973 0.214999
v 0.179037 5.109973 0.213031
v 0.185376 5.109973 0.211819
v 0.192073 5.109973 0.211406
v 0.199476 5.109973 0.211789
v 0.206368 5.109973 0.212922
v 0.212722 5.109973 0.214778
v 0.218515 5.109973 0.217330
v 0.223721 5.109973 0.220553
v 0.228314 5.109973 0.224419
v 0.232270 5.109973 0.228904
v 0.235563 5.109973 0.233980
v 0.238168 5.109973 0.239622
v 0.240060 5.109973 0.245802
v 0.241214 5.109973 0.252495
v 0.241604 5.109973 0.259675
v 0.241195 5.109973 0.266274
v 0.239993 5.109973 0.272484
v 0.238030 5.109973 0.278268
v 0.235341 5.109973 0.283593
v 0.231960 5.109973 0.288422
v 0.227920 5.109973 0.292722
v 0.223256 5.109973 0.296455
v 0.218001 5.109973 0.299589
v 0.212190 5.109973 0.302087
v 0.205856 5.109973 0.303915
v 0.199034 5.109973 0.305038
v 0.191758 5.109973 0.305420
v 0.185133 5.109973 0.305026
v 0.178855 5.109973 0.303871
v 0.172967 5.109973 0.301999
v 0.167512 5.109973 0.299449
v 0.162535 5.109973 0.296264
v 0.158080 5.109973 0.292485
v 0.154190 5.109973 0.288154
v 0.150908 5.109973 0.283313
v 0.148280 5.109973 0.278002
v 0.146348 5.109973 0.272265
v 0.145157 5.109973 0.266142
v 0.048844 5.109973 0.511745
v 0.264003 5.109973 0.511745
v 0.264003 5.109973 0.480828
v 0.170620 5.109973 0.480828
v 0.170620 5.109973 0.467893
v 0.170745 5.109973 0.463998
v 0.171199 5.109973 0.460158
v 0.172099 5.109973 0.456309
v 0.173565 5.109973 0.452388
v 0.175714 5.109973 0.448331
v 0.178665 5.109973 0.444074
v 0.182536 5.109973 0.439555
v 0.187446 5.109973 0.434709
v 0.193512 5.109973 0.429473
v 0.200854 5.109973 0.423784
v 0.209589 5.109973 0.417578
v 0.219836 5.109973 0.410791
v 0.264003 5.109973 0.382397
v 0.264003 5.109973 0.345486
v 0.259141 5.109973 0.349003
v 0.254758 5.109973 0.352172
v 0.250782 5.109973 0.355039
v 0.247142 5.109973 0.357650
v 0.243765 5.109973 0.360050
v 0.240579 5.109973 0.362285
v 0.237510 5.109973 0.364403
v 0.234488 5.109973 0.366448
v 0.231439 5.109973 0.368467
v 0.228292 5.109973 0.370506
v 0.224974 5.109973 0.372610
v 0.221413 5.109973 0.374826
v 0.214854 5.109973 0.378842
v 0.208583 5.109973 0.382716
v 0.202602 5.109973 0.386489
v 0.196910 5.109973 0.390203
v 0.191508 5.109973 0.393899
v 0.186394 5.109973 0.397620
v 0.181570 5.109973 0.401406
v 0.177035 5.109973 0.405299
v 0.172789 5.109973 0.409342
v 0.168832 5.109973 0.413575
v 0.165165 5.109973 0.418040
v 0.161787 5.109973 0.422779
v 0.159304 5.109973 0.417234
v 0.156438 5.109973 0.412119
v 0.153200 5.109973 0.407444
v 0.149600 5.109973 0.403219
v 0.145649 5.109973 0.399455
v 0.141359 5.109973 0.396160
v 0.136740 5.109973 0.393346
v 0.131804 5.109973 0.391021
v 0.126561 5.109973 0.389195
v 0.121022 5.109973 0.387879
v 0.115199 5.109973 0.387082
v 0.109101 5.109973 0.386814
v 0.100095 5.109973 0.387373
v 0.091712 5.109973 0.389026
v 0.083981 5.109973 0.391734
v 0.076933 5.109973 0.395461
v 0.070600 5.109973 0.400169
v 0.065012 5.109973 0.405822
v 0.060200 5.109973 0.412382
v 0.056193 5.109973 0.419811
v 0.053024 5.109973 0.428073
v 0.050722 5.109973 0.437131
v 0.049319 5.109973 0.446946
v 0.048844 5.109973 0.457482
v 0.075344 5.109973 0.480828
v 0.075344 5.109973 0.460953
v 0.075598 5.109973 0.453831
v 0.076349 5.109973 0.447437
v 0.077582 5.109973 0.441748
v 0.079282 5.109973 0.436742
v 0.081433 5.109973 0.432399
v 0.084020 5.109973 0.428695
v 0.087028 5.109973 0.425609
v 0.090441 5.109973 0.423118
v 0.094244 5.109973 0.421202
v 0.098421 5.109973 0.419838
v 0.102958 5.109973 0.419004
v 0.107839 5.109973 0.418678
v 0.112306 5.109973 0.418811
v 0.116677 5.109973 0.419399
v 0.120897 5.109973 0.420492
v 0.124910 5.109973 0.422137
v 0.128660 5.109973 0.424382
v 0.132092 5.109973 0.427275
v 0.135149 5.109973 0.430865
v 0.137775 5.109973 0.435200
v 0.139915 5.109973 0.440328
v 0.141513 5.109973 0.446297
v 0.142512 5.109973 0.453156
v 0.142858 5.109973 0.460953
v 0.142858 5.109973 0.480828
v 0.122351 5.109973 0.627843
v 0.122351 5.109973 0.663808
v 0.170936 5.109973 0.704190
v 0.122351 5.109973 0.746149
v 0.122351 5.109973 0.781483
v 0.192073 5.109973 0.721857
v 0.264003 5.109973 0.781483
v 0.264003 5.109973 0.746149
v 0.213210 5.109973 0.704190
v 0.264003 5.109973 0.659707
v 0.264003 5.109973 0.623742
v 0.192073 5.109973 0.686207
v 0.222990 5.109973 0.794418
v 0.225579 5.109973 0.798513
v 0.227977 5.109973 0.802600
v 0.230177 5.109973 0.806682
v 0.232174 5.109973 0.810765
v 0.233961 5.109973 0.814851
v 0.235531 5.109973 0.818947
v 0.236877 5.109973 0.823055
v 0.237993 5.109973 0.827181
v 0.238873 5.109973 0.831330
v 0.239509 5.109973 0.835504
v 0.239896 5.109973 0.839709
v 0.240026 5.109973 0.843949
v 0.239725 5.109973 0.850501
v 0.238821 5.109973 0.856591
v 0.237320 5.109973 0.862217
v 0.235224 5.109973 0.867376
v 0.232536 5.109973 0.872067
v 0.229261 5.109973 0.876286
v 0.225400 5.109973 0.880032
v 0.220957 5.109973 0.883302
v 0.215936 5.109973 0.886095
v 0.210340 5.109973 0.888409
v 0.204173 5.109973 0.890240
v 0.197436 5.109973 0.891587
v 0.197436 5.109973 0.791894
v 0.184902 5.109973 0.792388
v 0.173480 5.109973 0.793844
v 0.163167 5.109973 0.796227
v 0.153958 5.109973 0.799501
v 0.145849 5.109973 0.803629
v 0.138835 5.109973 0.808575
v 0.132913 5.109973 0.814304
v 0.128077 5.109973 0.820778
v 0.124323 5.109973 0.827963
v 0.121647 5.109973 0.835821
v 0.120045 5.109973 0.844316
v 0.119512 5.109973 0.853413
v 0.120108 5.109973 0.862935
v 0.121861 5.109973 0.871904
v 0.124717 5.109973 0.880269
v 0.128626 5.109973 0.887976
v 0.133533 5.109973 0.894974
v 0.139387 5.109973 0.901209
v 0.146135 5.109973 0.906629
v 0.153724 5.109973 0.911182
v 0.162102 5.109973 0.914814
v 0.171216 5.109973 0.917474
v 0.181014 5.109973 0.919108
v 0.191442 5.109973 0.919665
v 0.201144 5.109973 0.919155
v 0.210611 5.109973 0.917637
v 0.219727 5.109973 0.915130
v 0.228377 5.109973 0.911649
v 0.236444 5.109973 0.907213
v 0.243812 5.109973 0.901840
v 0.250365 5.109973 0.895546
v 0.255988 5.109973 0.888350
v 0.260562 5.109973 0.880269
v 0.263974 5.109973 0.871320
v 0.266106 5.109973 0.861521
v 0.266842 5.109973 0.850889
v 0.266730 5.109973 0.845067
v 0.266393 5.109973 0.839564
v 0.265827 5.109973 0.834346
v 0.265031 5.109973 0.829378
v 0.264004 5.109973 0.824625
v 0.262741 5.109973 0.820051
v 0.261242 5.109973 0.815622
v 0.259505 5.109973 0.811302
v 0.257526 5.109973 0.807057
v 0.255304 5.109973 0.802851
v 0.252837 5.109973 0.798650
v 0.250122 5.109973 0.794418
v 0.178823 5.109973 0.890956
v 0.173428 5.109973 0.889819
v 0.168451 5.109973 0.888303
v 0.163901 5.109973 0.886411
v 0.159789 5.109973 0.884144
v 0.156123 5.109973 0.881504
v 0.152914 5.109973 0.878494
v 0.150171 5.109973 0.875116
v 0.147905 5.109973 0.871372
v 0.146126 5.109973 0.867265
v 0.144843 5.109973 0.862796
v 0.144065 5.109973 0.857968
v 0.143804 5.109973 0.852782
v 0.144084 5.109973 0.847973
v 0.144908 5.109973 0.843493
v 0.146259 5.109973 0.839355
v 0.148116 5.109973 0.835571
v 0.150459 5.109973 0.832155
v 0.153269 5.109973 0.829121
v 0.156525 5.109973 0.826481
v 0.160209 5.109973 0.824249
v 0.164301 5.109973 0.822437
v 0.168780 5.109973 0.821059
v 0.173627 5.109973 0.820128
v 0.178823 5.109973 0.819657
v 0.048844 5.109973 0.953106
v 0.048844 5.109973 0.981184
v 0.264003 5.109973 0.981184
v 0.264003 5.109973 0.953106
v 0.047582 5.109973 1.097912
v 0.047582 5.109973 1.119681
v 0.264003 5.109973 1.212117
v 0.264003 5.109973 1.180569
v 0.200591 5.109973 1.153437
v 0.200591 5.109973 1.061947
v 0.264003 5.109973 1.033238
v 0.264003 5.109973 1.001690
v 0.094904 5.109973 1.109270
v 0.172829 5.109973 1.074567
v 0.172829 5.109973 1.141449
v -1.985467 4.758322 1.214249
v -2.836988 9.533399 1.271738
v -1.985467 4.758322 1.488765
v -2.836988 9.533399 1.546254
v -2.159768 4.758322 1.214250
v -3.011290 9.533399 1.271738
v -2.159768 4.758322 1.488765
v -3.011290 9.533399 1.546254
v -2.027241 4.758322 0.304020
v -2.933421 9.533399 0.361509
v -2.027241 4.758322 0.578536
v -2.933421 9.533399 0.636025
v -2.201543 4.758322 0.304021
v -3.107723 9.533399 0.361509
v -2.201542 4.758322 0.578536
v -3.107723 9.533399 0.636025
v -1.985467 4.758322 -1.214248
v -2.836989 9.533399 -1.271738
v -1.985468 4.758322 -1.488765
v -2.836989 9.533399 -1.546254
v -2.159769 4.758322 -1.214248
v -3.011291 9.533399 -1.271738
v -2.159769 4.758322 -1.488765
v -3.011292 9.533399 -1.546254
v -2.027241 4.758322 -0.304019
v -2.933421 9.533399 -0.361509
v -2.027241 4.758322 -0.578535
v -2.933422 9.533399 -0.636025
v -2.201543 4.758322 -0.304019
v -3.107723 9.533399 -0.361509
v -2.201543 4.758322 -0.578535
v -3.107723 9.533399 -0.636025
v 2.284161 4.286845 -2.312532
v 2.284161 4.794837 -2.312532
v 2.284163 4.286846 2.312530
v 2.284163 4.794837 2.312530
v -2.312532 4.286845 -2.312531
v -2.312532 4.794837 -2.312531
v -2.312531 4.286846 2.312531
v -2.312531 4.794837 2.312531
v 2.231380 4.286845 1.656720
v 2.231380 4.286845 -1.656721
v 2.231380 4.794837 -1.656721
v 2.231380 4.794837 1.656720
v -2.312531 4.286845 -1.656721
v -2.312531 4.286845 1.656721
v -2.312531 4.794837 1.778597
v -2.312531 4.794837 -1.778596
v -1.723443 4.286846 2.312531
v 1.699842 4.286846 2.312531
v 1.699842 4.794837 2.312531
v -2.003004 4.794837 2.312531
v 1.699840 4.286845 -2.312531
v -1.723444 4.286845 -2.312531
v -2.003005 4.794837 -2.312531
v 1.699840 4.794837 -2.312531
v 2.010786 4.934438 1.942049
v -2.003004 4.794837 1.778597
v 1.963284 4.934438 1.391302
v -2.003005 4.794837 -1.778596
v -1.723443 4.286845 1.656721
v 1.651258 4.286845 1.656720
v -1.723444 4.286845 -1.656721
v 1.651257 4.286845 -1.656721
v 2.060032 4.794837 1.487967
v 2.110413 4.794837 2.076977
v 1.589256 4.794837 -2.076979
v 2.110411 4.794837 -2.076979
v 2.060031 4.794837 -1.487969
v 1.589257 4.794837 2.076977
v -1.763679 4.794837 2.076979
v -1.763681 4.794837 -2.076978
v 1.722048 5.072456 1.610615
v -1.763680 4.794837 1.487969
v 1.684789 5.072456 1.153861
v -1.763681 4.794837 -1.487968
v 1.525797 4.934438 -1.942050
v 2.010784 4.934438 -1.942050
v 1.963283 4.934438 -1.391305
v 1.525798 4.934438 1.942049
v -1.618145 4.934438 1.942050
v -1.618146 4.934438 -1.942050
v -0.919831 4.794837 2.312531
v -1.618145 4.934438 1.391304
v -0.919831 4.286846 2.312531
v -1.618146 4.934438 -1.391304
v 1.326026 5.072456 -1.610616
v 1.722047 5.072456 -1.610616
v 1.684788 5.072456 -1.153862
v 1.326027 5.072456 1.610615
v -1.307068 5.072456 1.610615
v -1.307069 5.072456 -1.610615
v 1.293743 5.105422 1.153861
v -1.307068 5.072456 1.153862
v 1.293742 5.105422 -1.153862
v -1.307068 5.072456 -1.153862
v -0.919832 4.286845 -2.312531
v -0.919832 4.794837 -2.312531
v -0.919831 4.286845 1.656721
v -0.919832 4.286845 -1.656720
v -0.747620 4.794837 2.076979
v -0.747622 4.794837 -2.076978
v -0.648974 4.934438 1.942049
v -0.648975 4.934438 -1.942050
v -0.453071 5.072456 1.610615
v -0.453072 5.072456 -1.610616
v -0.453315 5.105422 1.153862
v -0.453316 5.105422 -1.153861
v 2.129237 4.286845 -0.000001
v 2.129237 4.794837 -0.000001
v -2.312531 4.286845 0.000001
v -2.312531 4.794837 0.000001
v 1.557722 4.286845 -0.000001
v -1.723444 4.286845 0.000001
v -1.983606 4.794837 0.000001
v 1.973585 4.794837 -0.000001
v -1.763680 4.794837 0.000001
v 1.886634 4.934438 -0.000001
v -1.618146 4.934438 0.000001
v 1.632207 5.072456 -0.000001
v -1.307068 5.072456 -0.000000
v 1.248160 5.105422 -0.000000
v -0.457800 5.105422 -0.000000
v -0.919831 4.286845 -0.000000
v 2.227838 0.001935 -1.743306
v 2.266683 0.001935 -2.225947
v 1.836655 0.001936 2.225946
v 2.266684 0.001936 2.225946
v -3.036443 0.001936 1.508460
v -3.036443 0.001936 1.978956
v -2.613817 0.001935 -1.978955
v -3.036445 0.001935 -1.978954
v 2.227839 0.001936 1.743304
v -3.036444 0.001935 -1.508458
v 1.800900 0.001936 1.743304
v 1.800899 0.001935 -1.743305
v -2.613815 0.001936 1.978956
v 1.836653 0.001935 -2.225947
v -2.613816 0.001936 1.508459
v -2.613816 0.001935 -1.508458
v -2.749699 9.925459 2.492488
v -3.059226 9.925459 2.492488
v -3.059227 9.925459 -1.785644
v -3.059228 9.925459 -2.492487
v -3.059227 9.925459 1.785644
v -2.749700 9.925459 1.785644
v -2.749701 9.925459 -1.785644
v -2.749701 9.925459 -2.492487
v -2.676801 9.472978 1.917004
v -2.676801 9.472978 2.492488
v -2.986328 9.472978 1.917004
v -2.986328 9.472978 2.492488
v -2.986330 9.472978 -2.492487
v -2.676803 9.472978 -2.492487
v -2.676803 9.472978 -1.917005
v -2.986330 9.472978 -1.917005
v -3.234944 9.925459 0.595215
v -3.234945 9.925459 -0.595215
v -3.162047 9.472978 -0.595215
v -3.162047 9.472978 0.595215
v -2.852521 9.472978 -0.595215
v -2.852520 9.472978 0.595215
v -2.925418 9.925459 -0.595215
v -2.925417 9.925459 0.595215
vn -0.0000 1.0000 -0.0000
vn 0.9845 0.1756 -0.0000
vn -0.0000 -0.0120 0.9999
vn -0.9845 -0.1756 -0.0000
vn -0.0000 0.0120 -0.9999
vn -0.0000 -1.0000 -0.0000
vn 0.9825 0.1864 -0.0000
vn -0.9825 -0.1864 -0.0000
vn -0.0000 -0.0120 -0.9999
vn -0.0000 0.0120 0.9999
vn 0.9968 -0.0000 -0.0802
vn 0.9968 -0.0012 -0.0802
vn -0.0000 -0.0000 1.0000
vn -1.0000 -0.0000 -0.0000
vn -0.0000 -0.0000 -1.0000
vn -0.0000 -0.0202 0.9998
vn 0.9968 -0.0012 0.0802
vn 0.9968 -0.0024 0.0802
vn 0.9968 -0.0000 0.0802
vn 0.9981 -0.0000 -0.0615
vn -0.0000 -0.0202 -0.9998
vn -0.9860 0.1666 -0.0000
vn 0.9981 -0.0000 0.0615
vn -0.9967 -0.0333 0.0738
vn -0.9967 -0.0333 -0.0738
vn 0.9791 -0.2034 -0.0000
vn -0.0000 -0.0776 -0.9970
vn -0.0000 0.0346 -0.9994
vn 0.9968 -0.0024 -0.0802
vn -0.0000 0.0346 0.9994
vn -0.0000 -0.0776 0.9970
vn 0.9873 0.1591 -0.0000
vn -0.9873 -0.1591 -0.0000
vn -0.9828 -0.1278 -0.1335
vn -0.9787 -0.1490 -0.1412
vn -0.9770 -0.1574 -0.1442
vn -0.0000 -0.0384 0.9993
vn -0.9898 -0.1426 -0.0000
vn -0.0000 0.0296 -0.9996
vn 0.9898 0.1426 -0.0000
vn -0.0000 -0.0384 -0.9993
vn -0.0000 0.0296 0.9996
vn 0.9787 0.1490 0.1412
vn 0.9828 0.1278 0.1335
vn 0.9770 0.1574 0.1442
vn 0.9787 0.1490 -0.1412
vn 0.9828 0.1278 -0.1335
vn 0.9840 0.1206 -0.1308
vn -0.9828 -0.1278 0.1335
vn -0.9787 -0.1490 0.1412
vn -0.9840 -0.1206 0.1308
vn -0.6922 0.7217 -0.0000
vn -0.0000 0.6950 0.7190
vn 0.8427 0.5334 -0.0726
vn 0.8434 0.5325 -0.0722
vn 0.8435 0.5322 -0.0722
vn 0.8470 0.5295 0.0469
vn 0.8370 0.5450 0.0485
vn 0.8479 0.5281 0.0467
vn -0.0000 0.6950 -0.7190
vn -0.4056 0.9141 -0.0000
vn -0.0000 0.9232 -0.3844
vn -0.0000 0.9232 0.3844
vn 0.4691 0.8823 -0.0392
vn 0.4689 0.8824 -0.0396
vn 0.4683 0.8827 -0.0404
vn 0.4743 0.8801 0.0223
vn 0.4629 0.8860 0.0250
vn 0.4767 0.8788 0.0217
vn 0.8427 0.5334 0.0726
vn 0.8434 0.5325 0.0722
vn 0.8426 0.5336 0.0727
vn 0.0460 0.9983 -0.0362
vn 0.0377 0.9988 -0.0296
vn 0.0838 0.9943 -0.0658
vn 0.0377 0.9988 0.0296
vn 0.0460 0.9983 0.0362
vn 0.0838 0.9943 0.0658
vn 0.0852 0.9964 -0.0000
vn 0.0843 0.9964 0.0037
vn 0.0855 0.9963 -0.0000
vn -0.0000 0.9974 0.0720
vn -0.0000 0.9974 -0.0720
vn 0.4691 0.8823 0.0392
vn 0.4689 0.8824 0.0396
vn 0.4698 0.8820 0.0383
vn -0.0121 0.9997 -0.0226
vn -0.0265 0.9984 -0.0495
vn -0.0265 0.9984 0.0495
vn -0.0121 0.9997 0.0226
vn -0.0387 0.9993 -0.0000
vn -0.0387 0.9993 -0.0001
vn -0.0388 0.9992 -0.0000
vn -0.0387 0.9993 0.0001
vn 0.0843 0.9964 -0.0037
vn 0.4743 0.8801 -0.0223
vn 0.4629 0.8860 -0.0250
vn 0.4612 0.8869 -0.0254
vn 0.8470 0.5295 -0.0469
vn 0.8370 0.5450 -0.0485
vn 0.8364 0.5460 -0.0486
vn -0.9840 -0.1206 -0.1308
vn 0.9840 0.1206 0.1308
vn 0.9770 0.1574 -0.1442
vn -0.9770 -0.1574 0.1442
vn 0.8426 0.5336 -0.0727
vn 0.8364 0.5460 0.0486
vn 0.4698 0.8820 -0.0383
vn 0.4612 0.8869 0.0254
vn 0.8435 0.5322 0.0721
vn 0.0840 0.9965 0.0038
vn 0.4683 0.8827 0.0404
vn -0.0385 0.9967 -0.0720
vn -0.0385 0.9967 0.0720
vn -0.0386 0.9993 -0.0001
vn -0.0386 0.9993 0.0001
vn 0.0840 0.9965 -0.0038
vn 0.4767 0.8788 -0.0217
vn 0.8479 0.5281 -0.0467
vt 0.625000 0.000000
vt 0.500000 0.000000
vt 0.616667 0.000000
vt 0.633333 0.000000
vt 0.141667 0.000000
vt 0.150000 0.000000
vt 0.958333 0.000000
vt 0.966667 0.000000
vt 0.133333 0.000000
vt 0.125000 0.000000
vt 0.975000 0.000000
vt 0.116667 0.000000
vt 0.983333 0.000000
vt 0.108333 0.000000
vt 0.991667 0.000000
vt 0.100000 0.000000
vt 1.000000 0.000000
vt 0.091667 0.000000
vt 0.608333 0.000000
vt 0.083333 0.000000
vt 0.075000 0.000000
vt 0.066667 0.000000
vt 0.700000 0.000000
vt 0.425000 0.000000
vt 0.433333 0.000000
vt 0.450000 0.000000
vt 0.683333 0.000000
vt 0.691667 0.000000
vt 0.441667 0.000000
vt 0.191667 0.000000
vt 0.916667 0.000000
vt 0.183333 0.000000
vt 0.925000 0.000000
vt 0.475000 0.000000
vt 0.483333 0.000000
vt 0.666667 0.000000
vt 0.675000 0.000000
vt 0.466667 0.000000
vt 0.458333 0.000000
vt 0.175000 0.000000
vt 0.933333 0.000000
vt 0.166667 0.000000
vt 0.941667 0.000000
vt 0.158333 0.000000
vt 0.950000 0.000000
vt 0.641667 0.000000
vt 0.650000 0.000000
vt 0.658333 0.000000
vt 0.491667 0.000000
vt 0.508333 0.000000
vt 0.058333 0.000000
vt 0.516667 0.000000
vt 0.050000 0.000000
vt 0.525000 0.000000
vt 0.533333 0.000000
vt 0.041667 0.000000
vt 0.541667 0.000000
vt 0.033333 0.000000
vt 0.416667 0.000000
vt 0.708333 0.000000
vt 0.408333 0.000000
vt 0.208333 0.000000
vt 0.891667 0.000000
vt 0.900000 0.000000
vt 0.200000 0.000000
vt 0.908333 0.000000
vt 0.716667 0.000000
vt 0.400000 0.000000
vt 0.883333 0.000000
vt 0.216667 0.000000
vt 0.225000 0.000000
vt 0.875000 0.000000
vt 0.733333 0.000000
vt 0.383333 0.000000
vt 0.725000 0.000000
vt 0.391667 0.000000
vt 0.575000 0.000000
vt 0.583333 0.000000
vt 0.008333 0.000000
vt 0.250000 0.000000
vt 0.258333 0.000000
vt 0.850000 0.000000
vt 0.841667 0.000000
vt 0.266667 0.000000
vt 0.833333 0.000000
vt 0.275000 0.000000
vt 0.825000 0.000000
vt 0.283333 0.000000
vt 0.816667 0.000000
vt 0.291667 0.000000
vt 0.300000 0.000000
vt 0.808333 0.000000
vt 0.308333 0.000000
vt 0.800000 0.000000
vt 0.316667 0.000000
vt 0.791667 0.000000
vt 0.325000 0.000000
vt 0.783333 0.000000
vt 0.333333 0.000000
vt 0.775000 0.000000
vt 0.341667 0.000000
vt 0.766667 0.000000
vt 0.350000 0.000000
vt 0.233333 0.000000
vt 0.866667 0.000000
vt 0.241667 0.000000
vt 0.858333 0.000000
vt 0.758333 0.000000
vt 0.358333 0.000000
vt 0.750000 0.000000
vt 0.366667 0.000000
vt 0.741667 0.000000
vt 0.375000 0.000000
vt 0.591667 0.000000
vt 0.000000 0.000000
vt 0.600000 0.000000
vt 0.550000 0.000000
vt 0.025000 0.000000
vt 0.558333 0.000000
vt 0.566667 0.000000
vt 0.016667 0.000000
vt 0.977273 0.000000
vt 0.988636 0.000000
vt 0.965909 0.000000
vt 0.420455 0.000000
vt 0.431818 0.000000
vt 0.443182 0.000000
vt 0.454545 0.000000
vt 0.465909 0.000000
vt 0.511364 0.000000
vt 0.386364 0.000000
vt 0.363636 0.000000
vt 0.477273 0.000000
vt 0.409091 0.000000
vt 0.488636 0.000000
vt 0.397727 0.000000
vt 0.306818 0.000000
vt 0.556818 0.000000
vt 0.295455 0.000000
vt 0.318182 0.000000
vt 0.545455 0.000000
vt 0.340909 0.000000
vt 0.534091 0.000000
vt 0.329545 0.000000
vt 0.579545 0.000000
vt 0.284091 0.000000
vt 0.568182 0.000000
vt 0.590909 0.000000
vt 0.272727 0.000000
vt 0.011364 0.000000
vt 0.022727 0.000000
vt 0.909091 0.000000
vt 0.897727 0.000000
vt 0.886364 0.000000
vt 0.954545 0.000000
vt 0.943182 0.000000
vt 0.931818 0.000000
vt 0.920455 0.000000
vt 0.522727 0.000000
vt 0.352273 0.000000
vt 0.715909 0.000000
vt 0.727273 0.000000
vt 0.136364 0.000000
vt 0.704545 0.000000
vt 0.147727 0.000000
vt 0.693182 0.000000
vt 0.159091 0.000000
vt 0.840909 0.000000
vt 0.852273 0.000000
vt 0.056818 0.000000
vt 0.068182 0.000000
vt 0.829545 0.000000
vt 0.818182 0.000000
vt 0.079545 0.000000
vt 0.806818 0.000000
vt 0.795455 0.000000
vt 0.090909 0.000000
vt 0.784091 0.000000
vt 0.772727 0.000000
vt 0.102273 0.000000
vt 0.761364 0.000000
vt 0.113636 0.000000
vt 0.738636 0.000000
vt 0.681818 0.000000
vt 0.170455 0.000000
vt 0.670455 0.000000
vt 0.181818 0.000000
vt 0.659091 0.000000
vt 0.193182 0.000000
vt 0.647727 0.000000
vt 0.204545 0.000000
vt 0.636364 0.000000
vt 0.215909 0.000000
vt 0.227273 0.000000
vt 0.238636 0.000000
vt 0.613636 0.000000
vt 0.034091 0.000000
vt 0.045455 0.000000
vt 0.863636 0.000000
vt 0.602273 0.000000
vt 0.261364 0.000000
vt 0.493506 0.000000
vt 0.506494 0.000000
vt 0.480519 0.000000
vt 0.519481 0.000000
vt 0.441558 0.000000
vt 0.467532 0.000000
vt 0.558442 0.000000
vt 0.571429 0.000000
vt 0.402597 0.000000
vt 0.415584 0.000000
vt 0.428571 0.000000
vt 0.532468 0.000000
vt 0.350649 0.000000
vt 0.623377 0.000000
vt 0.610390 0.000000
vt 0.376623 0.000000
vt 0.337662 0.000000
vt 0.649351 0.000000
vt 0.662338 0.000000
vt 0.324675 0.000000
vt 0.675325 0.000000
vt 0.311688 0.000000
vt 0.077922 0.000000
vt 0.961039 0.000000
vt 0.064935 0.000000
vt 0.974026 0.000000
vt 0.051948 0.000000
vt 0.597403 0.000000
vt 0.584416 0.000000
vt 0.389610 0.000000
vt 0.038961 0.000000
vt 0.025974 0.000000
vt 0.012987 0.000000
vt 0.987013 0.000000
vt 0.103896 0.000000
vt 0.935065 0.000000
vt 0.948052 0.000000
vt 0.701299 0.000000
vt 0.714286 0.000000
vt 0.285714 0.000000
vt 0.922078 0.000000
vt 0.792208 0.000000
vt 0.805195 0.000000
vt 0.194805 0.000000
vt 0.831169 0.000000
vt 0.168831 0.000000
vt 0.844156 0.000000
vt 0.259740 0.000000
vt 0.740260 0.000000
vt 0.246753 0.000000
vt 0.753247 0.000000
vt 0.233766 0.000000
vt 0.766234 0.000000
vt 0.220779 0.000000
vt 0.779221 0.000000
vt 0.207792 0.000000
vt 0.155844 0.000000
vt 0.857143 0.000000
vt 0.142857 0.000000
vt 0.870130 0.000000
vt 0.883117 0.000000
vt 0.129870 0.000000
vt 0.896104 0.000000
vt 0.116883 0.000000
vt 0.688312 0.000000
vt 0.298701 0.000000
vt 0.752475 0.000000
vt 0.762376 0.000000
vt 0.277228 0.000000
vt 0.801980 0.000000
vt 0.811881 0.000000
vt 0.237624 0.000000
vt 0.247525 0.000000
vt 0.792079 0.000000
vt 0.257426 0.000000
vt 0.782178 0.000000
vt 0.772277 0.000000
vt 0.267327 0.000000
vt 0.287129 0.000000
vt 0.742574 0.000000
vt 0.297030 0.000000
vt 0.732673 0.000000
vt 0.306931 0.000000
vt 0.722772 0.000000
vt 0.316832 0.000000
vt 0.712871 0.000000
vt 0.326733 0.000000
vt 0.702970 0.000000
vt 0.356436 0.000000
vt 0.366337 0.000000
vt 0.673267 0.000000
vt 0.851485 0.000000
vt 0.198020 0.000000
vt 0.841584 0.000000
vt 0.207921 0.000000
vt 0.683168 0.000000
vt 0.346535 0.000000
vt 0.663366 0.000000
vt 0.376238 0.000000
vt 0.653465 0.000000
vt 0.168317 0.000000
vt 0.881188 0.000000
vt 0.158416 0.000000
vt 0.871287 0.000000
vt 0.178218 0.000000
vt 0.386139 0.000000
vt 0.396040 0.000000
vt 0.643564 0.000000
vt 0.861386 0.000000
vt 0.188119 0.000000
vt 0.831683 0.000000
vt 0.217822 0.000000
vt 0.821782 0.000000
vt 0.227723 0.000000
vt 0.336634 0.000000
vt 0.693069 0.000000
vt 0.425743 0.000000
vt 0.613861 0.000000
vt 0.415842 0.000000
vt 0.623762 0.000000
vt 0.148515 0.000000
vt 0.891089 0.000000
vt 0.900990 0.000000
vt 0.138614 0.000000
vt 0.128713 0.000000
vt 0.118812 0.000000
vt 0.910891 0.000000
vt 0.920792 0.000000
vt 0.108911 0.000000
vt 0.089109 0.000000
vt 0.099010 0.000000
vt 0.930693 0.000000
vt 0.445545 0.000000
vt 0.584158 0.000000
vt 0.435644 0.000000
vt 0.594059 0.000000
vt 0.603960 0.000000
vt 0.059406 0.000000
vt 0.069307 0.000000
vt 0.950495 0.000000
vt 0.960396 0.000000
vt 0.049505 0.000000
vt 0.455446 0.000000
vt 0.465347 0.000000
vt 0.564356 0.000000
vt 0.574257 0.000000
vt 0.514852 0.000000
vt 0.524752 0.000000
vt 0.504951 0.000000
vt 0.495050 0.000000
vt 0.534653 0.000000
vt 0.485149 0.000000
vt 0.544554 0.000000
vt 0.970297 0.000000
vt 0.039604 0.000000
vt 0.980198 0.000000
vt 0.990099 0.000000
vt 0.029703 0.000000
vt 0.475248 0.000000
vt 0.554455 0.000000
vt 0.940594 0.000000
vt 0.079208 0.000000
vt 0.009901 0.000000
vt 0.019802 0.000000
vt 0.405941 0.000000
vt 0.633663 0.000000
vt 0.288660 0.000000
vt 0.298969 0.000000
vt 0.711340 0.000000
vt 0.721649 0.000000
vt 0.278351 0.000000
vt 0.731959 0.000000
vt 0.268041 0.000000
vt 0.742268 0.000000
vt 0.257732 0.000000
vt 0.247423 0.000000
vt 0.752577 0.000000
vt 0.237113 0.000000
vt 0.762887 0.000000
vt 0.226804 0.000000
vt 0.773196 0.000000
vt 0.216495 0.000000
vt 0.783505 0.000000
vt 0.206186 0.000000
vt 0.793814 0.000000
vt 0.195876 0.000000
vt 0.340206 0.000000
vt 0.670103 0.000000
vt 0.329897 0.000000
vt 0.680412 0.000000
vt 0.824742 0.000000
vt 0.835052 0.000000
vt 0.164948 0.000000
vt 0.154639 0.000000
vt 0.659794 0.000000
vt 0.350515 0.000000
vt 0.649485 0.000000
vt 0.855670 0.000000
vt 0.144330 0.000000
vt 0.845361 0.000000
vt 0.371134 0.000000
vt 0.639175 0.000000
vt 0.360825 0.000000
vt 0.876289 0.000000
vt 0.123711 0.000000
vt 0.865979 0.000000
vt 0.134021 0.000000
vt 0.319588 0.000000
vt 0.690722 0.000000
vt 0.309278 0.000000
vt 0.701031 0.000000
vt 0.804124 0.000000
vt 0.185567 0.000000
vt 0.814433 0.000000
vt 0.175258 0.000000
vt 0.381443 0.000000
vt 0.618557 0.000000
vt 0.628866 0.000000
vt 0.113402 0.000000
vt 0.886598 0.000000
vt 0.103093 0.000000
vt 0.907216 0.000000
vt 0.092784 0.000000
vt 0.896907 0.000000
vt 0.391753 0.000000
vt 0.608247 0.000000
vt 0.587629 0.000000
vt 0.412371 0.000000
vt 0.422680 0.000000
vt 0.577320 0.000000
vt 0.927835 0.000000
vt 0.061856 0.000000
vt 0.917526 0.000000
vt 0.072165 0.000000
vt 0.402062 0.000000
vt 0.597938 0.000000
vt 0.082474 0.000000
vt 0.958763 0.000000
vt 0.030928 0.000000
vt 0.948454 0.000000
vt 0.041237 0.000000
vt 0.494845 0.000000
vt 0.505155 0.000000
vt 0.515464 0.000000
vt 0.989691 0.000000
vt 0.525773 0.000000
vt 0.979381 0.000000
vt 0.010309 0.000000
vt 0.556701 0.000000
vt 0.453608 0.000000
vt 0.463918 0.000000
vt 0.546392 0.000000
vt 0.474227 0.000000
vt 0.536082 0.000000
vt 0.484536 0.000000
vt 0.969072 0.000000
vt 0.020619 0.000000
vt 0.432990 0.000000
vt 0.567010 0.000000
vt 0.443299 0.000000
vt 0.938144 0.000000
vt 0.051546 0.000000
vt 0.549020 0.000000
vt 0.568627 0.000000
vt 0.588235 0.000000
vt 0.490196 0.000000
vt 0.509804 0.000000
vt 0.529412 0.000000
vt 0.470588 0.000000
vt 0.607843 0.000000
vt 0.627451 0.000000
vt 0.647059 0.000000
vt 0.450980 0.000000
vt 0.764706 0.000000
vt 0.784314 0.000000
vt 0.745098 0.000000
vt 0.725490 0.000000
vt 0.431373 0.000000
vt 0.254902 0.000000
vt 0.274510 0.000000
vt 0.313726 0.000000
vt 0.294118 0.000000
vt 0.941176 0.000000
vt 0.156863 0.000000
vt 0.921569 0.000000
vt 0.176471 0.000000
vt 0.078431 0.000000
vt 0.980392 0.000000
vt 0.960784 0.000000
vt 0.137255 0.000000
vt 0.117647 0.000000
vt 0.098039 0.000000
vt 0.901961 0.000000
vt 0.196078 0.000000
vt 0.019608 0.000000
vt 0.039216 0.000000
vt 0.058824 0.000000
vt 0.803922 0.000000
vt 0.823529 0.000000
vt 0.843137 0.000000
vt 0.705882 0.000000
vt 0.862745 0.000000
vt 0.686275 0.000000
vt 0.882353 0.000000
vt 0.411765 0.000000
vt 0.215686 0.000000
vt 0.392157 0.000000
vt 0.235294 0.000000
vt 0.372549 0.000000
vt 0.352941 0.000000
vt 0.436090 0.000000
vt 0.443609 0.000000
vt 0.458647 0.000000
vt 0.451128 0.000000
vt 0.503759 0.000000
vt 0.398496 0.000000
vt 0.496241 0.000000
vt 0.406015 0.000000
vt 0.488722 0.000000
vt 0.481203 0.000000
vt 0.413534 0.000000
vt 0.473684 0.000000
vt 0.421053 0.000000
vt 0.466165 0.000000
vt 0.172932 0.000000
vt 0.180451 0.000000
vt 0.819549 0.000000
vt 0.827068 0.000000
vt 0.165414 0.000000
vt 0.909774 0.000000
vt 0.090226 0.000000
vt 0.902256 0.000000
vt 0.368421 0.000000
vt 0.541353 0.000000
vt 0.360902 0.000000
vt 0.533835 0.000000
vt 0.375940 0.000000
vt 0.894737 0.000000
vt 0.097744 0.000000
vt 0.526316 0.000000
vt 0.518797 0.000000
vt 0.383459 0.000000
vt 0.751880 0.000000
vt 0.759399 0.000000
vt 0.225564 0.000000
vt 0.879699 0.000000
vt 0.887218 0.000000
vt 0.105263 0.000000
vt 0.511278 0.000000
vt 0.390977 0.000000
vt 0.218045 0.000000
vt 0.766917 0.000000
vt 0.774436 0.000000
vt 0.210526 0.000000
vt 0.781955 0.000000
vt 0.203008 0.000000
vt 0.789474 0.000000
vt 0.796992 0.000000
vt 0.195489 0.000000
vt 0.804511 0.000000
vt 0.187970 0.000000
vt 0.812030 0.000000
vt 0.834586 0.000000
vt 0.157895 0.000000
vt 0.842105 0.000000
vt 0.150376 0.000000
vt 0.849624 0.000000
vt 0.135338 0.000000
vt 0.127820 0.000000
vt 0.864662 0.000000
vt 0.120301 0.000000
vt 0.872180 0.000000
vt 0.112782 0.000000
vt 0.353383 0.000000
vt 0.548872 0.000000
vt 0.556391 0.000000
vt 0.345865 0.000000
vt 0.338346 0.000000
vt 0.932331 0.000000
vt 0.067669 0.000000
vt 0.924812 0.000000
vt 0.075188 0.000000
vt 0.917293 0.000000
vt 0.082707 0.000000
vt 0.563910 0.000000
vt 0.330827 0.000000
vt 0.736842 0.000000
vt 0.240602 0.000000
vt 0.729323 0.000000
vt 0.939850 0.000000
vt 0.052632 0.000000
vt 0.060150 0.000000
vt 0.962406 0.000000
vt 0.969925 0.000000
vt 0.015038 0.000000
vt 0.022556 0.000000
vt 0.992481 0.000000
vt 0.984962 0.000000
vt 0.977444 0.000000
vt 0.007519 0.000000
vt 0.323308 0.000000
vt 0.578947 0.000000
vt 0.315789 0.000000
vt 0.586466 0.000000
vt 0.308271 0.000000
vt 0.593985 0.000000
vt 0.300752 0.000000
vt 0.601504 0.000000
vt 0.293233 0.000000
vt 0.609023 0.000000
vt 0.616541 0.000000
vt 0.624060 0.000000
vt 0.278196 0.000000
vt 0.631579 0.000000
vt 0.270677 0.000000
vt 0.639098 0.000000
vt 0.646617 0.000000
vt 0.654135 0.000000
vt 0.661654 0.000000
vt 0.263158 0.000000
vt 0.669173 0.000000
vt 0.676692 0.000000
vt 0.684211 0.000000
vt 0.691729 0.000000
vt 0.699248 0.000000
vt 0.255639 0.000000
vt 0.706767 0.000000
vt 0.248120 0.000000
vt 0.721804 0.000000
vt 0.954887 0.000000
vt 0.030075 0.000000
vt 0.037594 0.000000
vt 0.947368 0.000000
vt 0.045113 0.000000
vt 0.233083 0.000000
vt 0.744361 0.000000
vt 0.168421 0.000000
vt 0.178947 0.000000
vt 0.852632 0.000000
vt 0.863158 0.000000
vt 0.147368 0.000000
vt 0.136842 0.000000
vt 0.873684 0.000000
vt 0.126316 0.000000
vt 0.884211 0.000000
vt 0.115789 0.000000
vt 0.905263 0.000000
vt 0.094737 0.000000
vt 0.915789 0.000000
vt 0.084211 0.000000
vt 0.926316 0.000000
vt 0.073684 0.000000
vt 0.221053 0.000000
vt 0.810526 0.000000
vt 0.957895 0.000000
vt 0.968421 0.000000
vt 0.042105 0.000000
vt 0.031579 0.000000
vt 0.231579 0.000000
vt 0.778947 0.000000
vt 0.978947 0.000000
vt 0.989474 0.000000
vt 0.021053 0.000000
vt 0.242105 0.000000
vt 0.768421 0.000000
vt 0.010526 0.000000
vt 0.821053 0.000000
vt 0.189474 0.000000
vt 0.831579 0.000000
vt 0.936842 0.000000
vt 0.063158 0.000000
vt 0.747368 0.000000
vt 0.252632 0.000000
vt 0.515789 0.000000
vt 0.494737 0.000000
vt 0.273684 0.000000
vt 0.726316 0.000000
vt 0.536842 0.000000
vt 0.484211 0.000000
vt 0.715789 0.000000
vt 0.284211 0.000000
vt 0.294737 0.000000
vt 0.705263 0.000000
vt 0.547368 0.000000
vt 0.557895 0.000000
vt 0.463158 0.000000
vt 0.326316 0.000000
vt 0.336842 0.000000
vt 0.673684 0.000000
vt 0.663158 0.000000
vt 0.347368 0.000000
vt 0.652632 0.000000
vt 0.357895 0.000000
vt 0.642105 0.000000
vt 0.378947 0.000000
vt 0.621053 0.000000
vt 0.389474 0.000000
vt 0.610526 0.000000
vt 0.410526 0.000000
vt 0.589474 0.000000
vt 0.431579 0.000000
vt 0.305263 0.000000
vt 0.694737 0.000000
vt 0.442105 0.000000
vt 0.568421 0.000000
vt 0.452632 0.000000
vt 0.757895 0.000000
vt 0.505263 0.000000
vt 0.021505 0.000000
vt 0.032258 0.000000
vt 0.010753 0.000000
vt 0.064516 0.000000
vt 0.989247 0.000000
vt 0.053763 0.000000
vt 0.043011 0.000000
vt 0.720430 0.000000
vt 0.086022 0.000000
vt 0.978495 0.000000
vt 0.075269 0.000000
vt 0.096774 0.000000
vt 0.967742 0.000000
vt 0.752688 0.000000
vt 0.698925 0.000000
vt 0.741935 0.000000
vt 0.709677 0.000000
vt 0.731183 0.000000
vt 0.935484 0.000000
vt 0.946237 0.000000
vt 0.451613 0.000000
vt 0.774194 0.000000
vt 0.784946 0.000000
vt 0.677419 0.000000
vt 0.118280 0.000000
vt 0.107527 0.000000
vt 0.956989 0.000000
vt 0.763441 0.000000
vt 0.688172 0.000000
vt 0.376344 0.000000
vt 0.387097 0.000000
vt 0.161290 0.000000
vt 0.193548 0.000000
vt 0.204301 0.000000
vt 0.182796 0.000000
vt 0.215054 0.000000
vt 0.225806 0.000000
vt 0.236559 0.000000
vt 0.247312 0.000000
vt 0.258065 0.000000
vt 0.268817 0.000000
vt 0.279570 0.000000
vt 0.290323 0.000000
vt 0.301075 0.000000
vt 0.311828 0.000000
vt 0.172043 0.000000
vt 0.322581 0.000000
vt 0.344086 0.000000
vt 0.354839 0.000000
vt 0.365591 0.000000
vt 0.580645 0.000000
vt 0.591398 0.000000
vt 0.860215 0.000000
vt 0.150538 0.000000
vt 0.397849 0.000000
vt 0.408602 0.000000
vt 0.139785 0.000000
vt 0.419355 0.000000
vt 0.430108 0.000000
vt 0.129032 0.000000
vt 0.440860 0.000000
vt 0.462366 0.000000
vt 0.473118 0.000000
vt 0.924731 0.000000
vt 0.483871 0.000000
vt 0.494624 0.000000
vt 0.913979 0.000000
vt 0.505376 0.000000
vt 0.903226 0.000000
vt 0.516129 0.000000
vt 0.526882 0.000000
vt 0.892473 0.000000
vt 0.537634 0.000000
vt 0.548387 0.000000
vt 0.881720 0.000000
vt 0.559140 0.000000
vt 0.870968 0.000000
vt 0.569892 0.000000
vt 0.849462 0.000000
vt 0.602151 0.000000
vt 0.838710 0.000000
vt 0.612903 0.000000
vt 0.827957 0.000000
vt 0.623656 0.000000
vt 0.817204 0.000000
vt 0.634409 0.000000
vt 0.806452 0.000000
vt 0.645161 0.000000
vt 0.795699 0.000000
vt 0.655914 0.000000
vt 0.520408 0.000000
vt 0.530612 0.000000
vt 0.224490 0.000000
vt 0.234694 0.000000
vt 0.510204 0.000000
vt 0.244898 0.000000
vt 0.755102 0.000000
vt 0.489796 0.000000
vt 0.479592 0.000000
vt 0.765306 0.000000
vt 0.469388 0.000000
vt 0.775510 0.000000
vt 0.459184 0.000000
vt 0.785714 0.000000
vt 0.448980 0.000000
vt 0.153061 0.000000
vt 0.612245 0.000000
vt 0.877551 0.000000
vt 0.377551 0.000000
vt 0.867347 0.000000
vt 0.602041 0.000000
vt 0.163265 0.000000
vt 0.387755 0.000000
vt 0.591837 0.000000
vt 0.173469 0.000000
vt 0.836735 0.000000
vt 0.846939 0.000000
vt 0.408163 0.000000
vt 0.397959 0.000000
vt 0.581633 0.000000
vt 0.183673 0.000000
vt 0.193878 0.000000
vt 0.561224 0.000000
vt 0.551020 0.000000
vt 0.204082 0.000000
vt 0.540816 0.000000
vt 0.214286 0.000000
vt 0.795918 0.000000
vt 0.438776 0.000000
vt 0.806122 0.000000
vt 0.816327 0.000000
vt 0.826531 0.000000
vt 0.418367 0.000000
vt 0.132653 0.000000
vt 0.632653 0.000000
vt 0.122449 0.000000
vt 0.897959 0.000000
vt 0.367347 0.000000
vt 0.887755 0.000000
vt 0.642857 0.000000
vt 0.112245 0.000000
vt 0.908163 0.000000
vt 0.357143 0.000000
vt 0.091837 0.000000
vt 0.663265 0.000000
vt 0.673469 0.000000
vt 0.081633 0.000000
vt 0.653061 0.000000
vt 0.102041 0.000000
vt 0.918367 0.000000
vt 0.346939 0.000000
vt 0.704082 0.000000
vt 0.061224 0.000000
vt 0.051020 0.000000
vt 0.010204 0.000000
vt 0.744898 0.000000
vt 0.030612 0.000000
vt 0.734694 0.000000
vt 0.020408 0.000000
vt 0.724490 0.000000
vt 0.040816 0.000000
vt 0.255102 0.000000
vt 0.265306 0.000000
vt 0.275510 0.000000
vt 0.989796 0.000000
vt 0.683673 0.000000
vt 0.693878 0.000000
vt 0.071429 0.000000
vt 0.979592 0.000000
vt 0.969388 0.000000
vt 0.295918 0.000000
vt 0.959184 0.000000
vt 0.306122 0.000000
vt 0.948980 0.000000
vt 0.316327 0.000000
vt 0.938776 0.000000
vt 0.326531 0.000000
vt 0.928571 0.000000
vt 0.336735 0.000000
vt 0.622449 0.000000
vt 0.567753 0.748660
vt 0.581862 0.997395
vt 0.567753 0.997558
vt 0.664705 0.750070
vt 0.673524 0.997821
vt 0.664705 0.999394
vt 0.624189 0.996652
vt 0.638299 0.748666
vt 0.638299 0.996820
vt 0.699984 0.750070
vt 0.691164 0.997785
vt 0.691165 0.748497
vt 0.304829 0.756248
vt 0.313788 0.770358
vt 0.304829 0.770358
vt 0.331706 0.756248
vt 0.322747 0.770358
vt 0.322747 0.756248
vt 0.539535 0.748659
vt 0.553644 0.997725
vt 0.539536 0.997886
vt 0.638299 0.750168
vt 0.647101 0.998330
vt 0.638299 1.000000
vt 0.595971 0.996875
vt 0.610080 0.748665
vt 0.610080 0.997042
vt 0.655903 0.750168
vt 0.647101 0.998294
vt 0.647101 0.748497
vt 0.295870 0.756248
vt 0.304829 0.770358
vt 0.295870 0.770358
vt 0.322747 0.756248
vt 0.313788 0.770358
vt 0.313788 0.756248
vt 0.567753 0.748670
vt 0.553644 0.997397
vt 0.553644 0.748497
vt 0.682344 0.750070
vt 0.673524 0.997821
vt 0.673524 0.748497
vt 0.610080 0.748665
vt 0.624189 0.996652
vt 0.610080 0.996820
vt 0.691164 0.997785
vt 0.682344 0.750071
vt 0.691164 0.748498
vt 0.277952 0.770358
vt 0.286911 0.756248
vt 0.286911 0.770358
vt 0.340665 0.770358
vt 0.331706 0.770358
vt 0.993645 0.510943
vt 0.979536 0.759999
vt 0.979536 0.510770
vt 0.994564 0.216432
vt 0.985762 0.464594
vt 0.985762 0.214762
vt 0.581862 0.748665
vt 0.595971 0.996875
vt 0.581862 0.997042
vt 0.664705 0.998294
vt 0.664705 0.748497
vt 0.286911 0.756248
vt 0.286911 0.770358
vt 0.340665 0.756248
vt 0.349623 0.770358
vt 0.340665 0.770358
vt 0.460247 0.511387
vt 0.493952 0.537635
vt 0.460229 0.537316
vt 0.220359 0.263889
vt 0.236329 0.289963
vt 0.206050 0.290032
vt 0.767620 0.266643
vt 0.795064 0.292672
vt 0.761356 0.292672
vt 0.304077 0.246444
vt 0.274103 0.220264
vt 0.304137 0.220333
vt 0.931003 0.214762
vt 0.953130 0.435029
vt 0.931185 0.435029
vt 0.510876 0.629634
vt 0.522180 0.553152
vt 0.522180 0.629633
vt 0.700199 0.510770
vt 0.574404 0.522877
vt 0.565553 0.510770
vt 0.721302 0.522877
vt 0.694516 0.522877
vt 0.289921 0.537316
vt 0.260523 0.756248
vt 0.256229 0.537635
vt 0.963789 0.629633
vt 0.933510 0.714789
vt 0.933510 0.629633
vt 0.557337 0.292672
vt 0.584781 0.266643
vt 0.591045 0.292672
vt 0.676201 0.266643
vt 0.676201 0.292672
vt 0.256247 0.511705
vt 0.375062 0.510770
vt 0.375044 0.536700
vt 0.735483 0.629634
vt 0.760051 0.714789
vt 0.730233 0.714789
vt 0.892205 0.714789
vt 0.892204 0.629633
vt 0.493970 0.968765
vt 0.516097 0.748497
vt 0.523788 0.968765
vt 0.933510 0.510770
vt 0.892204 0.544478
vt 0.892204 0.510770
vt 0.493970 0.629634
vt 0.509879 0.721053
vt 0.493970 0.721053
vt 0.509879 0.538214
vt 0.522180 0.522877
vt 0.887617 0.197068
vt 0.880739 0.129128
vt 0.896649 0.129128
vt 0.727520 0.544478
vt 0.730232 0.510770
vt 0.544393 0.487504
vt 0.532177 0.510733
vt 0.528484 0.487468
vt 0.722270 0.629634
vt 0.718713 0.706115
vt 0.714269 0.629634
vt 0.574483 0.509270
vt 0.892205 0.748497
vt 0.510372 0.220807
vt 0.494403 0.246880
vt 0.480093 0.220737
vt 0.438728 0.246753
vt 0.438788 0.220642
vt -0.000000 0.264395
vt 0.030094 0.290436
vt 0.000060 0.290505
vt 0.164685 0.264017
vt 0.164744 0.290127
vt 0.727520 0.714789
vt 0.721302 0.736390
vt 0.700199 0.748497
vt 0.730232 0.748497
vt 0.522180 0.736390
vt 0.509879 0.748497
vt 0.565553 0.748497
vt 0.574404 0.736390
vt 0.694516 0.736390
vt 0.030034 0.264326
vt 0.757554 0.748497
vt 0.760051 0.544478
vt 0.757554 0.510770
vt 0.764859 0.629634
vt 0.509879 0.510770
vt 0.718713 0.553152
vt 0.493970 0.538214
vt 0.730233 0.544478
vt 0.289939 0.511387
vt 0.963789 0.544478
vt 0.933510 0.544478
vt 0.522180 0.706115
vt 0.765794 0.748497
vt 0.744071 0.772681
vt 0.744071 0.748497
vt 0.277952 0.756248
vt 0.256229 0.780432
vt 0.256229 0.756248
vt 0.744071 0.750131
vt 0.722186 0.773385
vt 0.722028 0.748498
vt 0.700143 0.750119
vt 0.722027 0.773373
vt 0.699984 0.775006
vt 0.777919 0.509270
vt 0.753735 0.509270
vt 0.804314 -0.000000
vt 0.832280 0.220130
vt 0.807471 0.220130
vt 0.804314 0.440260
vt 0.832279 0.220130
vt 0.838023 0.440260
vt 0.297611 0.000051
vt 0.838023 0.001269
vt 0.862189 0.213851
vt 0.838023 0.214762
vt 0.526364 0.000498
vt 0.548087 0.000547
vt 0.901358 0.437919
vt 0.871712 0.219182
vt 0.892981 0.214762
vt 0.838023 0.428225
vt 0.862193 0.215578
vt 0.871712 0.429362
vt 0.023567 0.510719
vt 0.001464 0.510770
vt 0.489346 0.756248
vt 0.464527 0.756014
vt 0.931003 0.220923
vt 0.901358 0.439660
vt 0.901358 0.214762
vt 0.252321 0.510272
vt 0.969853 0.214762
vt 0.985762 0.251093
vt 0.969853 0.251093
vt 0.969853 0.434657
vt 0.985762 0.470989
vt 0.969853 0.470989
vt 0.029585 0.535367
vt 0.000000 0.511831
vt 0.036331 0.511831
vt 0.774734 0.024198
vt 0.804314 0.000716
vt 0.804314 0.024198
vt 0.226649 0.535367
vt 0.256223 0.511831
vt 0.256229 0.535367
vt 0.767983 0.000716
vt 0.706795 0.023481
vt 0.706795 0.000000
vt 0.577667 0.024198
vt 0.548087 0.000716
vt 0.584419 0.000716
vt 0.270350 0.023266
vt 0.258134 0.000036
vt 0.274044 -0.000000
vt 0.236269 0.263853
vt 0.254440 0.023302
vt 0.557337 0.266643
vt 0.979536 0.513038
vt 0.963789 0.753659
vt 0.963789 0.510770
vt 0.247015 0.778227
vt 0.795064 0.266643
vt 0.009291 0.778227
vt 0.036735 0.778227
vt 0.510312 0.246917
vt 0.539535 0.991387
vt 0.523788 0.750766
vt 0.539535 0.748497
vt 0.097471 0.534306
vt 0.097466 0.510770
vt 0.976731 0.373469
vt 0.960821 0.373469
vt 0.976731 0.312281
vt 0.960821 0.312281
vt 0.158658 0.534306
vt 0.219892 0.511831
vt 0.158653 0.510770
vt 0.645607 0.023481
vt 0.645607 -0.000000
vt 0.887617 0.000000
vt 0.880739 0.067940
vt 0.871708 0.000000
vt 0.896649 0.067940
vt 0.529604 0.558121
vt 0.529604 0.629633
vt 0.919392 0.172341
vt 0.912259 0.194007
vt 0.912259 0.169079
vt 0.904822 0.030290
vt 0.897399 0.006960
vt 0.905126 0.000000
vt 0.904300 0.106795
vt 0.897112 0.178305
vt 0.896649 0.106816
vt 0.529604 0.529812
vt 0.905126 0.052225
vt 0.912259 0.007480
vt 0.912259 0.057296
vt 0.529604 0.701146
vt 0.545538 0.712419
vt 0.529604 0.729455
vt 0.691198 0.729455
vt 0.701229 0.712419
vt 0.716125 0.729455
vt 0.545538 0.570325
vt 0.545538 0.629634
vt 0.691198 0.529812
vt 0.701229 0.546848
vt 0.680874 0.546848
vt 0.713684 0.558121
vt 0.716125 0.529812
vt 0.709744 0.629634
vt 0.699314 0.688942
vt 0.696611 0.629634
vt 0.905126 0.172341
vt 0.912259 0.194007
vt 0.905126 0.199128
vt 0.912259 0.057296
vt 0.919392 0.052225
vt 0.904822 0.183250
vt 0.897399 0.206599
vt 0.680874 0.712419
vt 0.679202 0.688942
vt 0.699314 0.570325
vt 0.679202 0.570325
vt 0.676859 0.629633
vt 0.589406 0.688942
vt 0.589175 0.629634
vt 0.589432 0.546848
vt 0.589406 0.570325
vt 0.589432 0.712419
vt 0.579418 0.529812
vt 0.713684 0.701146
vt 0.579418 0.729455
vt 0.545538 0.546848
vt 0.545538 0.688942
vt 0.912259 0.007480
vt 0.919392 0.000000
vt 0.912259 0.169079
vt 0.897112 0.035282
vt 0.581862 0.748498
vt 0.673524 0.748497
vt 0.624189 0.748498
vt 0.699984 0.999358
vt 0.313788 0.756248
vt 0.331706 0.770358
vt 0.647101 0.748498
vt 0.595971 0.748497
vt 0.655903 0.999964
vt 0.304829 0.756248
vt 0.322747 0.770358
vt 0.567753 0.997569
vt 0.682344 0.999394
vt 0.624189 0.748497
vt 0.682344 0.999358
vt 0.340665 0.756248
vt 0.993645 0.760172
vt 0.994564 0.466264
vt 0.595971 0.748497
vt 0.295870 0.756248
vt 0.349623 0.756248
vt 0.493970 0.511705
vt 0.274043 0.246375
vt 0.960821 0.214762
vt 0.285319 0.756014
vt 0.963789 0.714789
vt 0.494152 0.748497
vt 0.871708 0.197068
vt 0.548087 0.510770
vt 0.598666 0.509270
vt 0.933510 0.748497
vt 0.765794 0.772681
vt 0.277952 0.780432
vt 0.744071 0.775006
vt 0.722027 0.748497
vt 0.838023 -0.000000
vt 0.807471 0.220130
vt 0.275507 -0.000000
vt 0.871708 0.000000
vt 0.871712 0.444080
vt 0.838023 0.214762
vt 0.922626 0.444080
vt 0.274044 0.510222
vt 0.985762 0.214762
vt 0.985762 0.434657
vt 0.000006 0.535367
vt 0.548087 0.024198
vt 0.979536 0.755928
vt 0.219571 0.778227
vt 0.523788 0.993655
vt 0.919392 0.199128
vt 0.905126 0.000000
vt 0.905126 0.213509
s 0
usemtl Materiale.001
f 76/1/1 61/2/1 75/3/1
f 61/2/1 76/1/1 77/4/1
f 18/5/1 19/6/1 116/7/1
f 116/7/1 117/8/1 18/5/1
f 17/9/1 18/5/1 117/8/1
f 16/10/1 17/9/1 117/8/1
f 117/8/1 118/11/1 16/10/1
f 15/12/1 16/10/1 118/11/1
f 118/11/1 119/13/1 15/12/1
f 14/14/1 15/12/1 119/13/1
f 119/13/1 120/15/1 14/14/1
f 13/16/1 14/14/1 120/15/1
f 120/15/1 121/17/1 13/16/1
f 12/18/1 13/16/1 121/17/1
f 121/17/1 74/19/1 12/18/1
f 11/20/1 12/18/1 74/19/1
f 74/19/1 75/3/1 11/20/1
f 75/3/1 61/2/1 11/20/1
f 10/21/1 11/20/1 61/2/1
f 9/22/1 10/21/1 61/2/1
f 85/23/1 52/24/1 53/25/1
f 55/26/1 83/27/1 84/28/1
f 54/29/1 55/26/1 84/28/1
f 84/28/1 85/23/1 54/29/1
f 85/23/1 53/25/1 54/29/1
f 24/30/1 111/31/1 23/32/1
f 111/31/1 112/33/1 23/32/1
f 58/34/1 59/35/1 81/36/1
f 81/36/1 82/37/1 58/34/1
f 57/38/1 58/34/1 82/37/1
f 82/37/1 83/27/1 57/38/1
f 56/39/1 57/38/1 83/27/1
f 83/27/1 55/26/1 56/39/1
f 23/32/1 112/33/1 22/40/1
f 112/33/1 113/41/1 22/40/1
f 21/42/1 22/40/1 113/41/1
f 113/41/1 114/43/1 21/42/1
f 20/44/1 21/42/1 114/43/1
f 114/43/1 115/45/1 20/44/1
f 19/6/1 20/44/1 115/45/1
f 116/7/1 19/6/1 115/45/1
f 61/2/1 77/4/1 78/46/1
f 78/46/1 79/47/1 61/2/1
f 79/47/1 80/48/1 61/2/1
f 60/49/1 61/2/1 80/48/1
f 80/48/1 81/36/1 60/49/1
f 81/36/1 59/35/1 60/49/1
f 9/22/1 61/2/1 62/50/1
f 8/51/1 9/22/1 62/50/1
f 62/50/1 63/52/1 8/51/1
f 7/53/1 8/51/1 63/52/1
f 63/52/1 64/54/1 7/53/1
f 64/54/1 65/55/1 7/53/1
f 6/56/1 7/53/1 65/55/1
f 65/55/1 66/57/1 6/56/1
f 5/58/1 6/56/1 66/57/1
f 51/59/1 86/60/1 50/61/1
f 26/62/1 108/63/1 109/64/1
f 26/62/1 109/64/1 25/65/1
f 110/66/1 25/65/1 109/64/1
f 50/61/1 86/60/1 87/67/1
f 87/67/1 49/68/1 50/61/1
f 107/69/1 27/70/1 28/71/1
f 106/72/1 107/69/1 28/71/1
f 108/63/1 26/62/1 27/70/1
f 27/70/1 107/69/1 108/63/1
f 89/73/1 47/74/1 88/75/1
f 47/74/1 48/76/1 88/75/1
f 87/67/1 88/75/1 48/76/1
f 49/68/1 87/67/1 48/76/1
f 70/77/1 71/78/1 2/79/1
f 31/80/1 32/81/1 103/82/1
f 102/83/1 103/82/1 32/81/1
f 32/81/1 33/84/1 102/83/1
f 101/85/1 102/83/1 33/84/1
f 33/84/1 34/86/1 101/85/1
f 100/87/1 101/85/1 34/86/1
f 34/86/1 35/88/1 100/87/1
f 99/89/1 100/87/1 35/88/1
f 35/88/1 36/90/1 99/89/1
f 36/90/1 37/91/1 99/89/1
f 98/92/1 99/89/1 37/91/1
f 37/91/1 38/93/1 98/92/1
f 97/94/1 98/92/1 38/93/1
f 38/93/1 39/95/1 97/94/1
f 96/96/1 97/94/1 39/95/1
f 39/95/1 40/97/1 96/96/1
f 95/98/1 96/96/1 40/97/1
f 40/97/1 41/99/1 95/98/1
f 94/100/1 95/98/1 41/99/1
f 41/99/1 42/101/1 94/100/1
f 93/102/1 94/100/1 42/101/1
f 42/101/1 43/103/1 93/102/1
f 106/72/1 28/71/1 29/104/1
f 105/105/1 106/72/1 29/104/1
f 29/104/1 30/106/1 105/105/1
f 104/107/1 105/105/1 30/106/1
f 30/106/1 31/80/1 104/107/1
f 31/80/1 103/82/1 104/107/1
f 93/102/1 43/103/1 92/108/1
f 43/103/1 44/109/1 92/108/1
f 91/110/1 92/108/1 44/109/1
f 44/109/1 45/111/1 91/110/1
f 90/112/1 91/110/1 45/111/1
f 45/111/1 46/113/1 90/112/1
f 89/73/1 90/112/1 46/113/1
f 47/74/1 89/73/1 46/113/1
f 2/79/1 71/78/1 72/114/1
f 1/115/1 2/79/1 72/114/1
f 72/114/1 73/116/1 1/115/1
f 25/65/1 110/66/1 24/30/1
f 111/31/1 24/30/1 110/66/1
f 52/24/1 85/23/1 86/60/1
f 86/60/1 51/59/1 52/24/1
f 5/58/1 66/57/1 67/117/1
f 4/118/1 5/58/1 67/117/1
f 67/117/1 68/119/1 4/118/1
f 68/119/1 69/120/1 4/118/1
f 3/121/1 4/118/1 69/120/1
f 69/120/1 70/77/1 3/121/1
f 70/77/1 2/79/1 3/121/1
f 208/122/1 209/123/1 207/124/1
f 159/125/1 160/126/1 161/127/1
f 161/127/1 162/128/1 159/125/1
f 162/128/1 163/129/1 159/125/1
f 166/2/1 167/130/1 156/131/1
f 155/113/1 156/131/1 167/130/1
f 167/130/1 154/132/1 155/113/1
f 159/125/1 163/129/1 164/133/1
f 158/134/1 159/125/1 164/133/1
f 164/133/1 165/135/1 158/134/1
f 157/136/1 158/134/1 165/135/1
f 165/135/1 166/2/1 157/136/1
f 166/2/1 156/131/1 157/136/1
f 149/137/1 171/138/1 148/139/1
f 150/140/1 170/141/1 171/138/1
f 171/138/1 149/137/1 150/140/1
f 152/142/1 169/143/1 170/141/1
f 151/144/1 152/142/1 170/141/1
f 170/141/1 150/140/1 151/144/1
f 173/145/1 147/146/1 172/147/1
f 174/148/1 146/149/1 173/145/1
f 147/146/1 173/145/1 146/149/1
f 123/150/1 124/151/1 202/152/1
f 201/153/1 202/152/1 124/151/1
f 124/151/1 200/154/1 201/153/1
f 148/139/1 171/138/1 172/147/1
f 172/147/1 147/146/1 148/139/1
f 207/124/1 209/123/1 123/150/1
f 206/155/1 207/124/1 123/150/1
f 205/156/1 206/155/1 123/150/1
f 204/157/1 205/156/1 123/150/1
f 203/158/1 204/157/1 123/150/1
f 123/150/1 202/152/1 203/158/1
f 154/132/1 167/130/1 168/159/1
f 153/160/1 154/132/1 168/159/1
f 168/159/1 169/143/1 153/160/1
f 169/143/1 152/142/1 153/160/1
f 185/161/1 186/162/1 133/10/1
f 133/10/1 134/163/1 185/161/1
f 184/164/1 185/161/1 134/163/1
f 134/163/1 135/165/1 184/164/1
f 183/166/1 184/164/1 135/165/1
f 135/165/1 136/167/1 183/166/1
f 196/168/1 197/169/1 127/170/1
f 127/170/1 128/171/1 196/168/1
f 195/172/1 196/168/1 128/171/1
f 194/173/1 195/172/1 128/171/1
f 128/171/1 129/174/1 194/173/1
f 193/175/1 194/173/1 129/174/1
f 192/176/1 193/175/1 129/174/1
f 129/174/1 130/177/1 192/176/1
f 191/178/1 192/176/1 130/177/1
f 190/179/1 191/178/1 130/177/1
f 130/177/1 131/180/1 190/179/1
f 189/181/1 190/179/1 131/180/1
f 131/180/1 132/182/1 189/181/1
f 188/110/1 189/181/1 132/182/1
f 187/183/1 188/110/1 132/182/1
f 132/182/1 133/10/1 187/183/1
f 133/10/1 186/162/1 187/183/1
f 183/166/1 136/167/1 182/184/1
f 136/167/1 137/185/1 182/184/1
f 181/186/1 182/184/1 137/185/1
f 137/185/1 138/187/1 181/186/1
f 180/188/1 181/186/1 138/187/1
f 138/187/1 139/189/1 180/188/1
f 179/190/1 180/188/1 139/189/1
f 139/189/1 140/191/1 179/190/1
f 178/192/1 179/190/1 140/191/1
f 140/191/1 141/193/1 178/192/1
f 177/1/1 178/192/1 141/193/1
f 141/193/1 142/194/1 177/1/1
f 142/194/1 143/195/1 177/1/1
f 176/196/1 177/1/1 143/195/1
f 144/80/1 176/196/1 143/195/1
f 123/150/1 209/123/1 210/17/1
f 200/154/1 124/151/1 125/197/1
f 199/72/1 200/154/1 125/197/1
f 125/197/1 126/198/1 199/72/1
f 198/199/1 199/72/1 126/198/1
f 126/198/1 127/170/1 198/199/1
f 127/170/1 197/169/1 198/199/1
f 176/196/1 144/80/1 175/200/1
f 144/80/1 145/201/1 175/200/1
f 174/148/1 175/200/1 145/201/1
f 146/149/1 174/148/1 145/201/1
f 210/17/1 122/115/1 123/150/1
f 213/36/1 214/17/1 212/99/1
f 211/115/1 212/99/1 214/17/1
f 253/202/1 254/203/1 252/204/1
f 254/203/1 255/205/1 249/206/1
f 249/206/1 250/128/1 254/203/1
f 250/128/1 251/207/1 254/203/1
f 252/204/1 254/203/1 251/207/1
f 258/208/1 259/209/1 246/210/1
f 246/210/1 247/211/1 258/208/1
f 258/208/1 247/211/1 257/141/1
f 247/211/1 248/212/1 257/141/1
f 256/213/1 257/141/1 248/212/1
f 255/205/1 256/213/1 248/212/1
f 249/206/1 255/205/1 248/212/1
f 264/192/1 242/214/1 263/215/1
f 242/214/1 243/132/1 263/215/1
f 262/216/1 263/215/1 243/132/1
f 244/217/1 262/216/1 243/132/1
f 241/218/1 265/219/1 266/220/1
f 266/220/1 240/221/1 241/218/1
f 240/221/1 266/220/1 267/222/1
f 267/222/1 239/223/1 240/221/1
f 221/224/1 289/225/1 220/226/1
f 265/219/1 241/218/1 264/192/1
f 242/214/1 264/192/1 241/218/1
f 290/227/1 219/228/1 220/226/1
f 220/226/1 289/225/1 290/227/1
f 262/216/1 244/217/1 261/229/1
f 260/230/1 261/229/1 244/217/1
f 244/217/1 245/231/1 260/230/1
f 259/209/1 260/230/1 245/231/1
f 246/210/1 259/209/1 245/231/1
f 219/228/1 290/227/1 218/232/1
f 217/233/1 218/232/1 290/227/1
f 216/234/1 217/233/1 290/227/1
f 290/227/1 291/235/1 216/234/1
f 223/236/1 287/237/1 222/177/1
f 288/238/1 222/177/1 287/237/1
f 269/239/1 270/240/1 237/241/1
f 236/149/1 237/241/1 270/240/1
f 287/237/1 223/236/1 286/242/1
f 276/243/1 277/244/1 230/245/1
f 229/187/1 230/245/1 277/244/1
f 277/244/1 278/173/1 229/187/1
f 278/173/1 279/246/1 229/187/1
f 228/247/1 229/187/1 279/246/1
f 279/246/1 280/248/1 228/247/1
f 236/149/1 270/240/1 271/162/1
f 235/249/1 236/149/1 271/162/1
f 271/162/1 272/250/1 235/249/1
f 234/251/1 235/249/1 272/250/1
f 272/250/1 273/252/1 234/251/1
f 233/253/1 234/251/1 273/252/1
f 273/252/1 274/254/1 233/253/1
f 232/255/1 233/253/1 274/254/1
f 274/254/1 275/256/1 232/255/1
f 231/257/1 232/255/1 275/256/1
f 275/256/1 276/243/1 231/257/1
f 276/243/1 230/245/1 231/257/1
f 228/247/1 280/248/1 227/258/1
f 280/248/1 281/259/1 227/258/1
f 226/260/1 227/258/1 281/259/1
f 281/259/1 282/261/1 226/260/1
f 282/261/1 283/262/1 226/260/1
f 225/263/1 226/260/1 283/262/1
f 283/262/1 284/264/1 225/263/1
f 224/265/1 225/263/1 284/264/1
f 284/264/1 285/152/1 224/265/1
f 223/236/1 224/265/1 285/152/1
f 286/242/1 223/236/1 285/152/1
f 239/223/1 267/222/1 268/266/1
f 238/267/1 239/223/1 268/266/1
f 268/266/1 269/239/1 238/267/1
f 269/239/1 237/241/1 238/267/1
f 222/177/1 288/238/1 221/224/1
f 289/225/1 221/224/1 288/238/1
f 292/17/1 215/115/1 291/235/1
f 216/234/1 291/235/1 215/115/1
f 379/122/1 380/123/1 378/124/1
f 330/125/1 331/126/1 332/127/1
f 332/127/1 333/128/1 330/125/1
f 333/128/1 334/129/1 330/125/1
f 337/2/1 338/130/1 327/131/1
f 326/113/1 327/131/1 338/130/1
f 338/130/1 325/132/1 326/113/1
f 330/125/1 334/129/1 335/133/1
f 329/134/1 330/125/1 335/133/1
f 335/133/1 336/135/1 329/134/1
f 328/136/1 329/134/1 336/135/1
f 336/135/1 337/2/1 328/136/1
f 337/2/1 327/131/1 328/136/1
f 320/137/1 342/138/1 319/139/1
f 321/140/1 341/141/1 342/138/1
f 342/138/1 320/137/1 321/140/1
f 323/142/1 340/143/1 341/141/1
f 322/144/1 323/142/1 341/141/1
f 341/141/1 321/140/1 322/144/1
f 344/145/1 318/146/1 343/147/1
f 345/148/1 317/149/1 344/145/1
f 318/146/1 344/145/1 317/149/1
f 294/150/1 295/151/1 373/152/1
f 372/153/1 373/152/1 295/151/1
f 295/151/1 371/154/1 372/153/1
f 319/139/1 342/138/1 343/147/1
f 343/147/1 318/146/1 319/139/1
f 378/124/1 380/123/1 294/150/1
f 377/155/1 378/124/1 294/150/1
f 376/156/1 377/155/1 294/150/1
f 375/157/1 376/156/1 294/150/1
f 374/158/1 375/157/1 294/150/1
f 294/150/1 373/152/1 374/158/1
f 325/132/1 338/130/1 339/159/1
f 324/160/1 325/132/1 339/159/1
f 339/159/1 340/143/1 324/160/1
f 340/143/1 323/142/1 324/160/1
f 356/161/1 357/162/1 304/10/1
f 304/10/1 305/163/1 356/161/1
f 355/164/1 356/161/1 305/163/1
f 305/163/1 306/165/1 355/164/1
f 354/166/1 355/164/1 306/165/1
f 306/165/1 307/167/1 354/166/1
f 367/168/1 368/169/1 298/170/1
f 298/170/1 299/171/1 367/168/1
f 366/172/1 367/168/1 299/171/1
f 365/173/1 366/172/1 299/171/1
f 299/171/1 300/174/1 365/173/1
f 364/175/1 365/173/1 300/174/1
f 363/176/1 364/175/1 300/174/1
f 300/174/1 301/177/1 363/176/1
f 362/178/1 363/176/1 301/177/1
f 361/179/1 362/178/1 301/177/1
f 301/177/1 302/180/1 361/179/1
f 360/181/1 361/179/1 302/180/1
f 302/180/1 303/182/1 360/181/1
f 359/110/1 360/181/1 303/182/1
f 358/183/1 359/110/1 303/182/1
f 303/182/1 304/10/1 358/183/1
f 304/10/1 357/162/1 358/183/1
f 354/166/1 307/167/1 353/184/1
f 307/167/1 308/185/1 353/184/1
f 352/186/1 353/184/1 308/185/1
f 308/185/1 309/187/1 352/186/1
f 351/188/1 352/186/1 309/187/1
f 309/187/1 310/189/1 351/188/1
f 350/190/1 351/188/1 310/189/1
f 310/189/1 311/191/1 350/190/1
f 349/192/1 350/190/1 311/191/1
f 311/191/1 312/193/1 349/192/1
f 348/1/1 349/192/1 312/193/1
f 312/193/1 313/194/1 348/1/1
f 313/194/1 314/195/1 348/1/1
f 347/196/1 348/1/1 314/195/1
f 315/80/1 347/196/1 314/195/1
f 294/150/1 380/123/1 381/17/1
f 371/154/1 295/151/1 296/197/1
f 370/72/1 371/154/1 296/197/1
f 296/197/1 297/198/1 370/72/1
f 369/199/1 370/72/1 297/198/1
f 297/198/1 298/170/1 369/199/1
f 298/170/1 368/169/1 369/199/1
f 347/196/1 315/80/1 346/200/1
f 315/80/1 316/201/1 346/200/1
f 345/148/1 346/200/1 316/201/1
f 317/149/1 345/148/1 316/201/1
f 381/17/1 293/115/1 294/150/1
f 458/268/1 459/269/1 410/270/1
f 463/271/1 464/272/1 406/273/1
f 406/273/1 407/274/1 463/271/1
f 462/275/1 463/271/1 407/274/1
f 407/274/1 408/276/1 462/275/1
f 461/277/1 462/275/1 408/276/1
f 460/278/1 461/277/1 408/276/1
f 408/276/1 409/279/1 460/278/1
f 459/269/1 460/278/1 409/279/1
f 410/270/1 459/269/1 409/279/1
f 458/268/1 410/270/1 411/280/1
f 457/281/1 458/268/1 411/280/1
f 411/280/1 412/282/1 457/281/1
f 456/283/1 457/281/1 412/282/1
f 412/282/1 413/284/1 456/283/1
f 455/285/1 456/283/1 413/284/1
f 413/284/1 414/286/1 455/285/1
f 454/287/1 455/285/1 414/286/1
f 414/286/1 415/288/1 454/287/1
f 415/288/1 453/289/1 454/287/1
f 418/290/1 419/291/1 450/292/1
f 468/293/1 402/294/1 467/295/1
f 402/294/1 403/296/1 467/295/1
f 451/297/1 417/298/1 418/290/1
f 418/290/1 450/292/1 451/297/1
f 449/299/1 420/300/1 448/301/1
f 399/302/1 471/303/1 398/304/1
f 471/303/1 399/302/1 470/305/1
f 400/306/1 470/305/1 399/302/1
f 448/301/1 420/300/1 421/307/1
f 421/307/1 422/308/1 448/301/1
f 422/308/1 447/309/1 448/301/1
f 470/305/1 400/306/1 469/310/1
f 400/306/1 401/311/1 469/310/1
f 468/293/1 469/310/1 401/311/1
f 402/294/1 468/293/1 401/311/1
f 420/300/1 449/299/1 419/291/1
f 450/292/1 419/291/1 449/299/1
f 467/295/1 403/296/1 466/312/1
f 403/296/1 404/313/1 466/312/1
f 465/314/1 466/312/1 404/313/1
f 404/313/1 405/315/1 465/314/1
f 464/272/1 465/314/1 405/315/1
f 406/273/1 464/272/1 405/315/1
f 453/289/1 415/288/1 416/316/1
f 452/317/1 453/289/1 416/316/1
f 416/316/1 417/298/1 452/317/1
f 417/298/1 451/297/1 452/317/1
f 425/318/1 444/319/1 424/320/1
f 445/321/1 424/320/1 444/319/1
f 397/322/1 472/323/1 473/324/1
f 396/325/1 397/322/1 473/324/1
f 473/324/1 395/326/1 396/325/1
f 394/327/1 474/328/1 475/329/1
f 475/329/1 393/330/1 394/327/1
f 391/331/1 392/332/1 476/333/1
f 476/333/1 392/332/1 475/329/1
f 393/330/1 475/329/1 392/332/1
f 427/334/1 441/335/1 426/336/1
f 441/335/1 442/337/1 426/336/1
f 395/326/1 473/324/1 474/328/1
f 474/328/1 394/327/1 395/326/1
f 426/336/1 442/337/1 425/318/1
f 442/337/1 443/338/1 425/318/1
f 444/319/1 425/318/1 443/338/1
f 388/339/1 389/340/1 478/341/1
f 478/341/1 479/342/1 388/339/1
f 479/342/1 387/343/1 388/339/1
f 428/344/1 429/345/1 439/346/1
f 440/347/1 428/344/1 439/346/1
f 434/348/1 435/349/1 433/350/1
f 433/350/1 435/349/1 432/351/1
f 435/349/1 436/352/1 432/351/1
f 431/353/1 432/351/1 436/352/1
f 437/354/1 431/353/1 436/352/1
f 387/343/1 479/342/1 480/355/1
f 386/356/1 387/343/1 480/355/1
f 480/355/1 481/357/1 386/356/1
f 481/357/1 482/358/1 386/356/1
f 482/358/1 483/17/1 386/356/1
f 385/359/1 386/356/1 483/17/1
f 483/17/1 382/115/1 385/359/1
f 431/353/1 437/354/1 430/360/1
f 437/354/1 438/361/1 430/360/1
f 429/345/1 430/360/1 438/361/1
f 439/346/1 429/345/1 438/361/1
f 391/331/1 476/333/1 477/362/1
f 390/363/1 391/331/1 477/362/1
f 477/362/1 478/341/1 390/363/1
f 478/341/1 389/340/1 390/363/1
f 383/364/1 384/365/1 385/359/1
f 385/359/1 382/115/1 383/364/1
f 428/344/1 440/347/1 427/334/1
f 441/335/1 427/334/1 440/347/1
f 398/304/1 471/303/1 472/323/1
f 472/323/1 397/322/1 398/304/1
f 424/320/1 445/321/1 423/366/1
f 445/321/1 446/367/1 423/366/1
f 422/308/1 423/366/1 446/367/1
f 447/309/1 422/308/1 446/367/1
f 512/368/1 513/369/1 553/370/1
f 553/370/1 554/371/1 512/368/1
f 511/372/1 512/368/1 554/371/1
f 554/371/1 555/373/1 511/372/1
f 510/374/1 511/372/1 555/373/1
f 555/373/1 556/375/1 510/374/1
f 509/376/1 510/374/1 556/375/1
f 508/377/1 509/376/1 556/375/1
f 556/375/1 557/378/1 508/377/1
f 507/379/1 508/377/1 557/378/1
f 557/378/1 558/380/1 507/379/1
f 506/381/1 507/379/1 558/380/1
f 558/380/1 559/382/1 506/381/1
f 505/383/1 506/381/1 559/382/1
f 559/382/1 560/384/1 505/383/1
f 504/385/1 505/383/1 560/384/1
f 560/384/1 561/386/1 504/385/1
f 503/387/1 504/385/1 561/386/1
f 517/388/1 549/389/1 516/390/1
f 549/389/1 550/391/1 516/390/1
f 564/392/1 565/393/1 500/394/1
f 565/393/1 499/395/1 500/394/1
f 548/396/1 518/397/1 547/398/1
f 567/399/1 498/400/1 566/401/1
f 520/402/1 546/403/1 519/404/1
f 569/405/1 496/406/1 568/407/1
f 497/408/1 568/407/1 496/406/1
f 547/398/1 518/397/1 519/404/1
f 519/404/1 546/403/1 547/398/1
f 568/407/1 497/408/1 567/399/1
f 498/400/1 567/399/1 497/408/1
f 518/397/1 548/396/1 517/388/1
f 549/389/1 517/388/1 548/396/1
f 499/395/1 565/393/1 566/401/1
f 566/401/1 498/400/1 499/395/1
f 516/390/1 550/391/1 515/409/1
f 550/391/1 551/410/1 515/409/1
f 514/411/1 515/409/1 551/410/1
f 551/410/1 552/412/1 514/411/1
f 513/369/1 514/411/1 552/412/1
f 553/370/1 513/369/1 552/412/1
f 503/387/1 561/386/1 562/413/1
f 502/414/1 503/387/1 562/413/1
f 562/413/1 563/415/1 502/414/1
f 501/416/1 502/414/1 563/415/1
f 563/415/1 564/392/1 501/416/1
f 564/392/1 500/394/1 501/416/1
f 521/417/1 544/418/1 545/419/1
f 495/420/1 570/421/1 494/422/1
f 572/423/1 493/424/1 571/425/1
f 544/418/1 521/417/1 522/426/1
f 522/426/1 543/427/1 544/418/1
f 494/422/1 570/421/1 571/425/1
f 571/425/1 493/424/1 494/422/1
f 541/428/1 524/429/1 525/430/1
f 525/430/1 540/431/1 541/428/1
f 574/432/1 490/433/1 573/434/1
f 491/435/1 573/434/1 490/433/1
f 543/427/1 522/426/1 523/436/1
f 542/437/1 543/427/1 523/436/1
f 523/436/1 524/429/1 542/437/1
f 524/429/1 541/428/1 542/437/1
f 573/434/1 491/435/1 572/423/1
f 491/435/1 492/438/1 572/423/1
f 493/424/1 572/423/1 492/438/1
f 577/439/1 487/440/1 576/441/1
f 488/442/1 576/441/1 487/440/1
f 532/443/1 533/444/1 534/445/1
f 581/17/1 484/115/1 580/446/1
f 532/443/1 534/445/1 535/447/1
f 580/446/1 484/115/1 579/448/1
f 485/449/1 579/448/1 484/115/1
f 538/450/1 528/451/1 529/452/1
f 537/453/1 538/450/1 529/452/1
f 529/452/1 530/454/1 537/453/1
f 536/455/1 537/453/1 530/454/1
f 530/454/1 531/456/1 536/455/1
f 531/456/1 532/443/1 536/455/1
f 532/443/1 535/447/1 536/455/1
f 579/448/1 485/449/1 578/457/1
f 485/449/1 486/458/1 578/457/1
f 577/439/1 578/457/1 486/458/1
f 487/440/1 577/439/1 486/458/1
f 540/431/1 525/430/1 526/459/1
f 539/460/1 540/431/1 526/459/1
f 526/459/1 527/461/1 539/460/1
f 527/461/1 528/451/1 539/460/1
f 528/451/1 538/450/1 539/460/1
f 576/441/1 488/442/1 575/462/1
f 488/442/1 489/463/1 575/462/1
f 574/432/1 575/462/1 489/463/1
f 490/433/1 574/432/1 489/463/1
f 521/417/1 545/419/1 520/402/1
f 546/403/1 520/402/1 545/419/1
f 570/421/1 495/420/1 569/405/1
f 496/406/1 569/405/1 495/420/1
f 610/464/1 611/465/1 612/466/1
f 607/467/1 608/468/1 610/464/1
f 609/469/1 610/464/1 608/468/1
f 606/470/1 613/471/1 614/472/1
f 615/473/1 605/474/1 614/472/1
f 606/470/1 614/472/1 605/474/1
f 610/464/1 612/466/1 613/471/1
f 607/467/1 610/464/1 613/471/1
f 613/471/1 606/470/1 607/467/1
f 621/475/1 622/476/1 620/477/1
f 620/477/1 622/476/1 619/478/1
f 616/36/1 604/479/1 615/473/1
f 605/474/1 615/473/1 604/479/1
f 595/480/1 596/481/1 598/482/1
f 597/483/1 598/482/1 596/481/1
f 630/484/1 590/485/1 629/486/1
f 591/487/1 629/486/1 590/485/1
f 633/17/1 586/488/1 632/489/1
f 632/489/1 586/488/1 631/490/1
f 589/491/1 631/490/1 586/488/1
f 588/492/1 589/491/1 586/488/1
f 586/488/1 587/493/1 588/492/1
f 631/490/1 589/491/1 630/484/1
f 590/485/1 630/484/1 589/491/1
f 629/486/1 591/487/1 628/494/1
f 592/495/1 628/494/1 591/487/1
f 583/496/1 584/497/1 585/498/1
f 585/498/1 582/115/1 583/496/1
f 623/499/1 624/500/1 622/476/1
f 624/500/1 625/501/1 622/476/1
f 619/478/1 622/476/1 625/501/1
f 618/502/1 619/478/1 625/501/1
f 625/501/1 626/503/1 618/502/1
f 617/504/1 618/502/1 626/503/1
f 626/503/1 627/505/1 617/504/1
f 616/36/1 617/504/1 627/505/1
f 627/505/1 628/494/1 616/36/1
f 628/494/1 592/495/1 616/36/1
f 604/479/1 616/36/1 592/495/1
f 603/506/1 604/479/1 592/495/1
f 592/495/1 593/507/1 603/506/1
f 602/508/1 603/506/1 593/507/1
f 593/507/1 594/509/1 602/508/1
f 601/510/1 602/508/1 594/509/1
f 594/509/1 595/480/1 601/510/1
f 595/480/1 598/482/1 601/510/1
f 600/511/1 601/510/1 598/482/1
f 599/99/1 600/511/1 598/482/1
f 692/512/1 693/513/1 695/514/1
f 694/515/1 695/514/1 693/513/1
f 701/516/1 687/517/1 700/518/1
f 687/517/1 688/519/1 700/518/1
f 699/520/1 700/518/1 688/519/1
f 699/520/1 688/519/1 698/521/1
f 688/519/1 689/522/1 698/521/1
f 697/523/1 698/521/1 689/522/1
f 689/522/1 690/524/1 697/523/1
f 696/525/1 697/523/1 690/524/1
f 690/524/1 691/212/1 696/525/1
f 695/514/1 696/525/1 691/212/1
f 692/512/1 695/514/1 691/212/1
f 657/526/1 658/527/1 743/528/1
f 743/528/1 744/529/1 657/526/1
f 656/530/1 657/526/1 744/529/1
f 755/531/1 646/532/1 754/533/1
f 683/534/1 706/535/1 682/536/1
f 706/535/1 683/534/1 705/537/1
f 684/538/1 705/537/1 683/534/1
f 753/539/1 754/533/1 647/540/1
f 754/533/1 646/532/1 647/540/1
f 705/537/1 684/538/1 704/541/1
f 703/542/1 704/541/1 684/538/1
f 685/543/1 703/542/1 684/538/1
f 734/544/1 735/545/1 664/546/1
f 751/547/1 752/548/1 648/549/1
f 752/548/1 753/539/1 648/549/1
f 753/539/1 647/540/1 648/549/1
f 703/542/1 685/543/1 702/550/1
f 685/543/1 686/551/1 702/550/1
f 701/516/1 702/550/1 686/551/1
f 687/517/1 701/516/1 686/551/1
f 664/546/1 735/545/1 663/552/1
f 735/545/1 736/553/1 663/552/1
f 736/553/1 737/554/1 663/552/1
f 662/555/1 663/552/1 737/554/1
f 737/554/1 738/556/1 662/555/1
f 661/557/1 662/555/1 738/556/1
f 738/556/1 739/558/1 661/557/1
f 739/558/1 740/559/1 661/557/1
f 660/560/1 661/557/1 740/559/1
f 740/559/1 741/561/1 660/560/1
f 659/562/1 660/560/1 741/561/1
f 741/561/1 742/563/1 659/562/1
f 658/527/1 659/562/1 742/563/1
f 743/528/1 658/527/1 742/563/1
f 656/530/1 744/529/1 745/564/1
f 655/565/1 656/530/1 745/564/1
f 745/564/1 746/566/1 655/565/1
f 654/567/1 655/565/1 746/566/1
f 653/260/1 654/567/1 746/566/1
f 746/566/1 747/568/1 653/260/1
f 652/569/1 653/260/1 747/568/1
f 747/568/1 748/259/1 652/569/1
f 651/570/1 652/569/1 748/259/1
f 748/259/1 749/571/1 651/570/1
f 650/572/1 651/570/1 749/571/1
f 749/571/1 750/573/1 650/572/1
f 649/574/1 650/572/1 750/573/1
f 750/573/1 751/547/1 649/574/1
f 751/547/1 648/549/1 649/574/1
f 681/575/1 707/576/1 708/577/1
f 680/578/1 681/575/1 708/577/1
f 708/577/1 679/579/1 680/578/1
f 758/580/1 643/581/1 757/582/1
f 643/581/1 644/583/1 757/582/1
f 756/584/1 757/582/1 644/583/1
f 645/585/1 756/584/1 644/583/1
f 679/579/1 708/577/1 709/586/1
f 678/587/1 679/579/1 709/586/1
f 732/588/1 666/589/1 731/590/1
f 759/591/1 641/592/1 758/580/1
f 641/592/1 642/593/1 758/580/1
f 643/581/1 758/580/1 642/593/1
f 762/594/1 763/595/1 636/596/1
f 636/596/1 637/597/1 762/594/1
f 767/17/1 634/115/1 766/598/1
f 766/598/1 634/115/1 765/599/1
f 764/600/1 765/599/1 634/115/1
f 634/115/1 635/601/1 764/600/1
f 763/595/1 764/600/1 635/601/1
f 636/596/1 763/595/1 635/601/1
f 678/587/1 709/586/1 710/209/1
f 677/602/1 678/587/1 710/209/1
f 710/209/1 711/603/1 677/602/1
f 676/604/1 677/602/1 711/603/1
f 711/603/1 712/605/1 676/604/1
f 675/606/1 676/604/1 712/605/1
f 712/605/1 713/607/1 675/606/1
f 674/608/1 675/606/1 713/607/1
f 713/607/1 714/609/1 674/608/1
f 673/610/1 674/608/1 714/609/1
f 714/609/1 715/611/1 673/610/1
f 715/611/1 716/612/1 673/610/1
f 672/241/1 673/610/1 716/612/1
f 716/612/1 717/613/1 672/241/1
f 671/614/1 672/241/1 717/613/1
f 717/613/1 718/615/1 671/614/1
f 670/616/1 671/614/1 718/615/1
f 718/615/1 719/617/1 670/616/1
f 719/617/1 720/618/1 670/616/1
f 720/618/1 721/619/1 670/616/1
f 721/619/1 722/620/1 670/616/1
f 669/621/1 670/616/1 722/620/1
f 722/620/1 723/622/1 669/621/1
f 723/622/1 724/623/1 669/621/1
f 724/623/1 725/624/1 669/621/1
f 725/624/1 726/625/1 669/621/1
f 726/625/1 727/626/1 669/621/1
f 668/627/1 669/621/1 727/626/1
f 727/626/1 728/628/1 668/627/1
f 728/628/1 729/240/1 668/627/1
f 667/629/1 668/627/1 729/240/1
f 729/240/1 730/630/1 667/629/1
f 666/589/1 667/629/1 730/630/1
f 731/590/1 666/589/1 730/630/1
f 762/594/1 637/597/1 761/631/1
f 637/597/1 638/632/1 761/631/1
f 638/632/1 639/633/1 761/631/1
f 760/634/1 761/631/1 639/633/1
f 639/633/1 640/635/1 760/634/1
f 759/591/1 760/634/1 640/635/1
f 641/592/1 759/591/1 640/635/1
f 682/536/1 706/535/1 707/576/1
f 707/576/1 681/575/1 682/536/1
f 666/589/1 732/588/1 665/636/1
f 732/588/1 733/637/1 665/636/1
f 664/546/1 665/636/1 733/637/1
f 734/544/1 664/546/1 733/637/1
f 756/584/1 645/585/1 755/531/1
f 646/532/1 755/531/1 645/585/1
f 826/512/1 827/513/1 829/514/1
f 828/515/1 829/514/1 827/513/1
f 835/516/1 821/517/1 834/518/1
f 821/517/1 822/519/1 834/518/1
f 833/520/1 834/518/1 822/519/1
f 833/520/1 822/519/1 832/521/1
f 822/519/1 823/522/1 832/521/1
f 831/523/1 832/521/1 823/522/1
f 823/522/1 824/524/1 831/523/1
f 830/525/1 831/523/1 824/524/1
f 824/524/1 825/212/1 830/525/1
f 829/514/1 830/525/1 825/212/1
f 826/512/1 829/514/1 825/212/1
f 791/526/1 792/527/1 877/528/1
f 877/528/1 878/529/1 791/526/1
f 790/530/1 791/526/1 878/529/1
f 889/531/1 780/532/1 888/533/1
f 817/534/1 840/535/1 816/536/1
f 840/535/1 817/534/1 839/537/1
f 818/538/1 839/537/1 817/534/1
f 887/539/1 888/533/1 781/540/1
f 888/533/1 780/532/1 781/540/1
f 839/537/1 818/538/1 838/541/1
f 837/542/1 838/541/1 818/538/1
f 819/543/1 837/542/1 818/538/1
f 868/544/1 869/545/1 798/546/1
f 885/547/1 886/548/1 782/549/1
f 886/548/1 887/539/1 782/549/1
f 887/539/1 781/540/1 782/549/1
f 837/542/1 819/543/1 836/550/1
f 819/543/1 820/551/1 836/550/1
f 835/516/1 836/550/1 820/551/1
f 821/517/1 835/516/1 820/551/1
f 798/546/1 869/545/1 797/552/1
f 869/545/1 870/553/1 797/552/1
f 870/553/1 871/554/1 797/552/1
f 796/555/1 797/552/1 871/554/1
f 871/554/1 872/556/1 796/555/1
f 795/557/1 796/555/1 872/556/1
f 872/556/1 873/558/1 795/557/1
f 873/558/1 874/559/1 795/557/1
f 794/560/1 795/557/1 874/559/1
f 874/559/1 875/561/1 794/560/1
f 793/562/1 794/560/1 875/561/1
f 875/561/1 876/563/1 793/562/1
f 792/527/1 793/562/1 876/563/1
f 877/528/1 792/527/1 876/563/1
f 790/530/1 878/529/1 879/564/1
f 789/565/1 790/530/1 879/564/1
f 879/564/1 880/566/1 789/565/1
f 788/567/1 789/565/1 880/566/1
f 787/260/1 788/567/1 880/566/1
f 880/566/1 881/568/1 787/260/1
f 786/569/1 787/260/1 881/568/1
f 881/568/1 882/259/1 786/569/1
f 785/570/1 786/569/1 882/259/1
f 882/259/1 883/571/1 785/570/1
f 784/572/1 785/570/1 883/571/1
f 883/571/1 884/573/1 784/572/1
f 783/574/1 784/572/1 884/573/1
f 884/573/1 885/547/1 783/574/1
f 885/547/1 782/549/1 783/574/1
f 815/575/1 841/576/1 842/577/1
f 814/578/1 815/575/1 842/577/1
f 842/577/1 813/579/1 814/578/1
f 892/580/1 777/581/1 891/582/1
f 777/581/1 778/583/1 891/582/1
f 890/584/1 891/582/1 778/583/1
f 779/585/1 890/584/1 778/583/1
f 813/579/1 842/577/1 843/586/1
f 812/587/1 813/579/1 843/586/1
f 866/588/1 800/589/1 865/590/1
f 893/591/1 775/592/1 892/580/1
f 775/592/1 776/593/1 892/580/1
f 777/581/1 892/580/1 776/593/1
f 896/594/1 897/595/1 770/596/1
f 770/596/1 771/597/1 896/594/1
f 901/17/1 768/115/1 900/598/1
f 900/598/1 768/115/1 899/599/1
f 898/600/1 899/599/1 768/115/1
f 768/115/1 769/601/1 898/600/1
f 897/595/1 898/600/1 769/601/1
f 770/596/1 897/595/1 769/601/1
f 812/587/1 843/586/1 844/209/1
f 811/602/1 812/587/1 844/209/1
f 844/209/1 845/603/1 811/602/1
f 810/604/1 811/602/1 845/603/1
f 845/603/1 846/605/1 810/604/1
f 809/606/1 810/604/1 846/605/1
f 846/605/1 847/607/1 809/606/1
f 808/608/1 809/606/1 847/607/1
f 847/607/1 848/609/1 808/608/1
f 807/610/1 808/608/1 848/609/1
f 848/609/1 849/611/1 807/610/1
f 849/611/1 850/612/1 807/610/1
f 806/241/1 807/610/1 850/612/1
f 850/612/1 851/613/1 806/241/1
f 805/614/1 806/241/1 851/613/1
f 851/613/1 852/615/1 805/614/1
f 804/616/1 805/614/1 852/615/1
f 852/615/1 853/617/1 804/616/1
f 853/617/1 854/618/1 804/616/1
f 854/618/1 855/619/1 804/616/1
f 855/619/1 856/620/1 804/616/1
f 803/621/1 804/616/1 856/620/1
f 856/620/1 857/622/1 803/621/1
f 857/622/1 858/623/1 803/621/1
f 858/623/1 859/624/1 803/621/1
f 859/624/1 860/625/1 803/621/1
f 860/625/1 861/626/1 803/621/1
f 802/627/1 803/621/1 861/626/1
f 861/626/1 862/628/1 802/627/1
f 862/628/1 863/240/1 802/627/1
f 801/629/1 802/627/1 863/240/1
f 863/240/1 864/630/1 801/629/1
f 800/589/1 801/629/1 864/630/1
f 865/590/1 800/589/1 864/630/1
f 896/594/1 771/597/1 895/631/1
f 771/597/1 772/632/1 895/631/1
f 772/632/1 773/633/1 895/631/1
f 894/634/1 895/631/1 773/633/1
f 773/633/1 774/635/1 894/634/1
f 893/591/1 894/634/1 774/635/1
f 775/592/1 893/591/1 774/635/1
f 816/536/1 840/535/1 841/576/1
f 841/576/1 815/575/1 816/536/1
f 800/589/1 866/588/1 799/636/1
f 866/588/1 867/637/1 799/636/1
f 798/546/1 799/636/1 867/637/1
f 868/544/1 798/546/1 867/637/1
f 890/584/1 779/585/1 889/531/1
f 780/532/1 889/531/1 779/585/1
f 918/638/1 919/639/1 982/566/1
f 982/566/1 983/640/1 918/638/1
f 917/565/1 918/638/1 983/640/1
f 983/640/1 984/641/1 917/565/1
f 916/642/1 917/565/1 984/641/1
f 915/643/1 916/642/1 984/641/1
f 984/641/1 985/644/1 915/643/1
f 914/645/1 915/643/1 985/644/1
f 985/644/1 986/646/1 914/645/1
f 913/647/1 914/645/1 986/646/1
f 986/646/1 987/539/1 913/647/1
f 912/549/1 913/647/1 987/539/1
f 987/539/1 988/648/1 912/549/1
f 911/649/1 912/549/1 988/648/1
f 988/648/1 989/650/1 911/649/1
f 910/651/1 911/649/1 989/650/1
f 989/650/1 990/652/1 910/651/1
f 909/653/1 910/651/1 990/652/1
f 923/654/1 978/94/1 922/555/1
f 978/94/1 979/655/1 922/555/1
f 993/656/1 994/657/1 906/658/1
f 994/657/1 905/659/1 906/658/1
f 977/558/1 924/660/1 976/661/1
f 995/662/1 996/663/1 904/664/1
f 976/661/1 924/660/1 925/665/1
f 925/665/1 975/666/1 976/661/1
f 997/17/1 903/667/1 996/663/1
f 904/664/1 996/663/1 903/667/1
f 924/660/1 977/558/1 923/654/1
f 978/94/1 923/654/1 977/558/1
f 905/659/1 994/657/1 995/662/1
f 995/662/1 904/664/1 905/659/1
f 922/555/1 979/655/1 921/65/1
f 979/655/1 980/668/1 921/65/1
f 920/669/1 921/65/1 980/668/1
f 980/668/1 981/670/1 920/669/1
f 919/639/1 920/669/1 981/670/1
f 982/566/1 919/639/1 981/670/1
f 909/653/1 990/652/1 991/671/1
f 908/672/1 909/653/1 991/671/1
f 991/671/1 992/634/1 908/672/1
f 907/592/1 908/672/1 992/634/1
f 992/634/1 993/656/1 907/592/1
f 993/656/1 906/658/1 907/592/1
f 927/621/1 973/673/1 926/674/1
f 902/115/1 951/675/1 949/676/1
f 928/677/1 971/678/1 972/588/1
f 952/541/1 953/679/1 948/680/1
f 928/677/1 972/588/1 927/621/1
f 973/673/1 927/621/1 972/588/1
f 949/676/1 951/675/1 952/541/1
f 952/541/1 948/680/1 949/676/1
f 970/681/1 929/682/1 930/683/1
f 969/684/1 970/681/1 930/683/1
f 954/685/1 955/686/1 946/687/1
f 947/523/1 954/685/1 946/687/1
f 971/678/1 928/677/1 929/682/1
f 929/682/1 970/681/1 971/678/1
f 954/685/1 947/523/1 953/679/1
f 948/680/1 953/679/1 947/523/1
f 933/688/1 934/689/1 966/690/1
f 965/691/1 966/690/1 934/689/1
f 934/689/1 935/692/1 965/691/1
f 964/693/1 965/691/1 935/692/1
f 935/692/1 936/694/1 964/693/1
f 963/695/1 964/693/1 936/694/1
f 936/694/1 937/534/1 963/695/1
f 962/615/1 963/695/1 937/534/1
f 937/534/1 938/696/1 962/615/1
f 961/697/1 962/615/1 938/696/1
f 938/696/1 939/698/1 961/697/1
f 960/699/1 961/697/1 939/698/1
f 939/698/1 940/68/1 960/699/1
f 940/68/1 941/700/1 960/699/1
f 959/116/1 960/699/1 941/700/1
f 941/700/1 942/524/1 959/116/1
f 958/701/1 959/116/1 942/524/1
f 942/524/1 943/702/1 958/701/1
f 969/684/1 930/683/1 931/703/1
f 968/704/1 969/684/1 931/703/1
f 931/703/1 932/604/1 968/704/1
f 967/624/1 968/704/1 932/604/1
f 932/604/1 933/688/1 967/624/1
f 933/688/1 966/690/1 967/624/1
f 958/701/1 943/702/1 957/603/1
f 943/702/1 944/705/1 957/603/1
f 956/706/1 957/603/1 944/705/1
f 944/705/1 945/707/1 956/706/1
f 955/686/1 956/706/1 945/707/1
f 946/687/1 955/686/1 945/707/1
f 975/666/1 925/665/1 926/674/1
f 974/708/1 975/666/1 926/674/1
f 926/674/1 973/673/1 974/708/1
f 951/675/1 902/115/1 950/709/1
f 997/17/1 950/709/1 902/115/1
f 903/667/1 997/17/1 902/115/1
f 1000/710/1 1001/711/1 999/712/1
f 1001/711/1 1091/17/1 999/712/1
f 998/115/1 999/712/1 1091/17/1
f 1004/713/1 1090/714/1 1003/715/1
f 1002/716/1 1003/715/1 1090/714/1
f 1091/17/1 1001/711/1 1002/716/1
f 1002/716/1 1090/714/1 1091/17/1
f 998/115/1 1091/17/1 1065/717/1
f 1006/718/1 1089/719/1 1005/720/1
f 1006/718/1 1007/721/1 1088/722/1
f 1089/719/1 1006/718/1 1088/722/1
f 1068/723/1 1063/724/1 1067/725/1
f 1064/726/1 1067/725/1 1063/724/1
f 1005/720/1 1089/719/1 1004/713/1
f 1090/714/1 1004/713/1 1089/719/1
f 1067/725/1 1064/726/1 1066/727/1
f 1065/717/1 1066/727/1 1064/726/1
f 998/115/1 1065/717/1 1064/726/1
f 1085/728/1 1086/729/1 1040/730/1
f 1070/731/1 1071/732/1 1060/36/1
f 1061/733/1 1070/731/1 1060/36/1
f 1009/734/1 1040/730/1 1008/735/1
f 1007/721/1 1008/735/1 1040/730/1
f 1088/722/1 1007/721/1 1040/730/1
f 1087/736/1 1088/722/1 1040/730/1
f 1040/730/1 1086/729/1 1087/736/1
f 1070/731/1 1061/733/1 1069/737/1
f 1061/733/1 1062/738/1 1069/737/1
f 1068/723/1 1069/737/1 1062/738/1
f 1063/724/1 1068/723/1 1062/738/1
f 1033/739/1 1034/740/1 1013/741/1
f 1016/742/1 1017/743/1 1015/744/1
f 1017/743/1 1018/745/1 1015/744/1
f 1018/745/1 1019/746/1 1015/744/1
f 1019/746/1 1020/747/1 1015/744/1
f 1020/747/1 1021/748/1 1015/744/1
f 1021/748/1 1022/749/1 1015/744/1
f 1022/749/1 1023/750/1 1015/744/1
f 1023/750/1 1024/751/1 1015/744/1
f 1024/751/1 1025/752/1 1015/744/1
f 1025/752/1 1026/753/1 1015/744/1
f 1026/753/1 1027/754/1 1015/744/1
f 1015/744/1 1027/754/1 1014/755/1
f 1027/754/1 1028/756/1 1014/755/1
f 1028/756/1 1029/99/1 1014/755/1
f 1029/99/1 1030/757/1 1014/755/1
f 1030/757/1 1031/758/1 1014/755/1
f 1031/758/1 1032/759/1 1014/755/1
f 1013/741/1 1014/755/1 1032/759/1
f 1033/739/1 1013/741/1 1032/759/1
f 1052/760/1 1053/761/1 1078/762/1
f 1013/741/1 1034/740/1 1012/763/1
f 1034/740/1 1035/764/1 1012/763/1
f 1035/764/1 1036/765/1 1012/763/1
f 1011/766/1 1012/763/1 1036/765/1
f 1036/765/1 1037/767/1 1011/766/1
f 1037/767/1 1038/768/1 1011/766/1
f 1010/769/1 1011/766/1 1038/768/1
f 1038/768/1 1039/770/1 1010/769/1
f 1009/734/1 1010/769/1 1039/770/1
f 1040/730/1 1009/734/1 1039/770/1
f 1085/728/1 1040/730/1 1041/771/1
f 1041/771/1 1042/772/1 1085/728/1
f 1084/773/1 1085/728/1 1042/772/1
f 1042/772/1 1043/774/1 1084/773/1
f 1043/774/1 1044/775/1 1084/773/1
f 1083/776/1 1084/773/1 1044/775/1
f 1044/775/1 1045/777/1 1083/776/1
f 1082/778/1 1083/776/1 1045/777/1
f 1045/777/1 1046/779/1 1082/778/1
f 1046/779/1 1047/780/1 1082/778/1
f 1081/781/1 1082/778/1 1047/780/1
f 1047/780/1 1048/782/1 1081/781/1
f 1048/782/1 1049/783/1 1081/781/1
f 1080/784/1 1081/781/1 1049/783/1
f 1049/783/1 1050/785/1 1080/784/1
f 1079/786/1 1080/784/1 1050/785/1
f 1050/785/1 1051/787/1 1079/786/1
f 1051/787/1 1052/760/1 1079/786/1
f 1052/760/1 1078/762/1 1079/786/1
f 1078/762/1 1053/761/1 1077/788/1
f 1053/761/1 1054/789/1 1077/788/1
f 1076/790/1 1077/788/1 1054/789/1
f 1054/789/1 1055/791/1 1076/790/1
f 1075/792/1 1076/790/1 1055/791/1
f 1055/791/1 1056/793/1 1075/792/1
f 1074/794/1 1075/792/1 1056/793/1
f 1056/793/1 1057/795/1 1074/794/1
f 1073/796/1 1074/794/1 1057/795/1
f 1057/795/1 1058/797/1 1073/796/1
f 1072/798/1 1073/796/1 1058/797/1
f 1058/797/1 1059/799/1 1072/798/1
f 1071/732/1 1072/798/1 1059/799/1
f 1060/36/1 1071/732/1 1059/799/1
f 1100/162/1 1097/128/1 1099/192/1
f 1098/141/1 1099/192/1 1097/128/1
f 1097/128/1 1095/149/1 1096/132/1
f 1094/187/1 1103/17/1 1093/177/1
f 1101/173/1 1102/152/1 1103/17/1
f 1093/177/1 1103/17/1 1092/115/1
f 1101/173/1 1103/17/1 1100/162/1
f 1097/128/1 1100/162/1 1103/17/1
f 1103/17/1 1094/187/1 1097/128/1
f 1095/149/1 1097/128/1 1094/187/1
f 1155/800/1 1156/801/1 1126/802/1
f 1126/802/1 1127/803/1 1155/800/1
f 1154/804/1 1155/800/1 1127/803/1
f 1127/803/1 1128/805/1 1154/804/1
f 1153/2/1 1154/804/1 1128/805/1
f 1128/805/1 1178/806/1 1153/2/1
f 1152/807/1 1153/2/1 1178/806/1
f 1151/808/1 1152/807/1 1178/806/1
f 1178/806/1 1179/809/1 1151/808/1
f 1150/810/1 1151/808/1 1179/809/1
f 1179/809/1 1180/811/1 1150/810/1
f 1149/812/1 1150/810/1 1180/811/1
f 1180/811/1 1181/813/1 1149/812/1
f 1148/814/1 1149/812/1 1181/813/1
f 1119/815/1 1164/816/1 1118/260/1
f 1190/817/1 1141/818/1 1189/819/1
f 1164/816/1 1119/815/1 1163/820/1
f 1120/821/1 1163/820/1 1119/815/1
f 1142/822/1 1188/259/1 1189/819/1
f 1189/819/1 1141/818/1 1142/822/1
f 1163/820/1 1120/821/1 1162/823/1
f 1121/824/1 1162/823/1 1120/821/1
f 1186/825/1 1187/826/1 1144/827/1
f 1143/828/1 1144/827/1 1187/826/1
f 1187/826/1 1188/259/1 1143/828/1
f 1188/259/1 1142/822/1 1143/828/1
f 1162/823/1 1121/824/1 1161/829/1
f 1121/824/1 1122/830/1 1161/829/1
f 1160/209/1 1161/829/1 1122/830/1
f 1122/830/1 1123/831/1 1160/209/1
f 1159/832/1 1160/209/1 1123/831/1
f 1158/833/1 1159/832/1 1123/831/1
f 1123/831/1 1124/834/1 1158/833/1
f 1157/835/1 1158/833/1 1124/834/1
f 1124/834/1 1125/836/1 1157/835/1
f 1156/801/1 1157/835/1 1125/836/1
f 1126/802/1 1156/801/1 1125/836/1
f 1148/814/1 1181/813/1 1182/837/1
f 1147/838/1 1148/814/1 1182/837/1
f 1182/837/1 1183/839/1 1147/838/1
f 1146/212/1 1147/838/1 1183/839/1
f 1183/839/1 1184/840/1 1146/212/1
f 1184/840/1 1185/841/1 1146/212/1
f 1145/842/1 1146/212/1 1185/841/1
f 1185/841/1 1186/825/1 1145/842/1
f 1186/825/1 1144/827/1 1145/842/1
f 1117/843/1 1166/844/1 1116/845/1
f 1192/846/1 1140/847/1 1191/848/1
f 1116/845/1 1166/844/1 1167/849/1
f 1167/849/1 1115/850/1 1116/845/1
f 1193/851/1 1139/852/1 1192/846/1
f 1140/847/1 1192/846/1 1139/852/1
f 1113/853/1 1169/854/1 1170/855/1
f 1170/855/1 1112/856/1 1113/853/1
f 1115/850/1 1167/849/1 1168/857/1
f 1114/858/1 1115/850/1 1168/857/1
f 1168/857/1 1169/854/1 1114/858/1
f 1169/854/1 1113/853/1 1114/858/1
f 1193/851/1 1194/859/1 1138/860/1
f 1139/852/1 1193/851/1 1138/860/1
f 1173/861/1 1174/240/1 1110/862/1
f 1174/240/1 1109/863/1 1110/862/1
f 1105/864/1 1177/865/1 1104/115/1
f 1107/866/1 1176/867/1 1177/865/1
f 1106/868/1 1107/866/1 1177/865/1
f 1177/865/1 1105/864/1 1106/868/1
f 1109/863/1 1174/240/1 1175/869/1
f 1108/870/1 1109/863/1 1175/869/1
f 1175/869/1 1176/867/1 1108/870/1
f 1176/867/1 1107/866/1 1108/870/1
f 1129/871/1 1130/872/1 1202/17/1
f 1130/872/1 1131/873/1 1202/17/1
f 1201/874/1 1202/17/1 1131/873/1
f 1131/873/1 1132/241/1 1201/874/1
f 1112/856/1 1170/855/1 1171/875/1
f 1171/875/1 1172/876/1 1112/856/1
f 1111/877/1 1112/856/1 1172/876/1
f 1172/876/1 1173/861/1 1111/877/1
f 1173/861/1 1110/862/1 1111/877/1
f 1201/874/1 1132/241/1 1200/878/1
f 1199/879/1 1200/878/1 1132/241/1
f 1132/241/1 1133/880/1 1199/879/1
f 1198/881/1 1199/879/1 1133/880/1
f 1133/880/1 1134/882/1 1198/881/1
f 1197/883/1 1198/881/1 1134/882/1
f 1134/882/1 1135/884/1 1197/883/1
f 1196/885/1 1197/883/1 1135/884/1
f 1135/884/1 1136/886/1 1196/885/1
f 1195/887/1 1196/885/1 1136/886/1
f 1136/886/1 1137/888/1 1195/887/1
f 1194/859/1 1195/887/1 1137/888/1
f 1138/860/1 1194/859/1 1137/888/1
f 1166/844/1 1117/843/1 1165/889/1
f 1164/816/1 1165/889/1 1117/843/1
f 1118/260/1 1164/816/1 1117/843/1
f 1178/806/1 1128/805/1 1202/17/1
f 1141/818/1 1190/817/1 1191/848/1
f 1191/848/1 1140/847/1 1141/818/1
f 1129/871/1 1202/17/1 1128/805/1
f 1204/99/1 1205/36/1 1206/17/1
f 1206/17/1 1203/115/1 1204/99/1
f 1209/65/1 1210/91/1 1211/68/1
f 1211/68/1 1217/17/1 1209/65/1
f 1217/17/1 1208/16/1 1209/65/1
f 1207/115/1 1215/94/1 1216/64/1
f 1212/2/1 1213/116/1 1214/23/1
f 1212/2/1 1214/23/1 1216/64/1
f 1207/115/1 1216/64/1 1214/23/1
f 1212/2/1 1216/64/1 1211/68/1
f 1217/17/1 1211/68/1 1216/64/1
f 1208/16/1 1217/17/1 1215/94/1
f 1215/94/1 1207/115/1 1208/16/1
s 1
usemtl 795548.001
f 1219/890/2 1220/891/2 1218/892/2
f 1221/893/3 1224/894/3 1220/895/3
f 1224/896/4 1223/897/4 1222/898/4
f 1222/899/5 1219/900/5 1218/901/5
f 1220/902/6 1222/903/6 1218/904/6
f 1221/905/1 1223/906/1 1225/907/1
f 1227/908/7 1228/909/7 1226/910/7
f 1229/911/3 1232/912/3 1228/913/3
f 1232/914/8 1231/915/8 1230/916/8
f 1230/917/5 1227/918/5 1226/919/5
f 1228/920/6 1230/921/6 1226/922/6
f 1229/923/1 1231/924/1 1233/925/1
f 1236/926/2 1235/927/2 1234/928/2
f 1240/929/9 1237/930/9 1236/931/9
f 1240/932/4 1239/933/4 1241/934/4
f 1238/935/10 1235/936/10 1239/937/10
f 1236/938/6 1238/939/6 1240/940/6
f 1239/905/1 1237/941/1 1241/942/1
f 1244/943/7 1243/944/7 1242/945/7
f 1248/946/9 1245/947/9 1244/948/9
f 1248/949/8 1247/950/8 1249/951/8
f 1246/952/10 1243/917/10 1247/953/10
f 1242/954/6 1248/922/6 1244/955/6
f 1247/956/1 1245/957/1 1249/958/1
f 1261/959/11 1252/960/12 1258/961/12
f 1269/962/13 1256/963/13 1266/964/13
f 1265/965/14 1254/966/14 1262/967/14
f 1273/968/15 1250/969/15 1270/970/15
f 1259/971/16 1353/972/16 1342/973/16
f 1332/974/1 1291/975/1 1334/976/1
f 1268/977/1 1318/978/1 1300/979/1
f 1268/977/1 1283/980/1 1287/981/1
f 1259/982/17 1343/983/18 1250/984/17
f 1328/985/6 1280/986/6 1331/987/6
f 1256/988/14 1264/989/14 1263/990/14
f 1329/991/14 1262/967/14 1328/992/14
f 1251/993/19 1259/982/17 1250/984/17
f 1327/994/20 1258/961/20 1326/995/20
f 1326/996/6 1281/997/6 1259/998/6
f 1331/987/6 1317/999/6 1341/1000/6
f 1258/1001/21 1352/1002/21 1279/1003/21
f 1266/1004/6 1316/1005/6 1302/1006/6
f 1329/1007/1 1277/1008/1 1265/1009/1
f 1275/1010/1 1288/1011/1 1291/975/1
f 1373/1012/6 1378/1013/6 1376/1014/6
f 1261/1015/1 1283/980/1 1253/1016/1
f 1370/1017/15 1365/1018/15 1371/1019/15
f 1327/1020/1 1286/1021/1 1333/1022/1
f 1263/990/22 1347/1023/22 1256/988/22
f 1280/986/6 1314/1024/6 1317/999/6
f 1254/1025/15 1272/1026/15 1271/1027/15
f 1315/1028/15 1270/970/15 1314/1029/15
f 1253/1030/13 1267/1031/13 1252/1032/13
f 1300/1033/13 1266/964/13 1302/1034/13
f 1260/1035/1 1285/1036/1 1286/1021/1
f 1273/1037/1 1285/1036/1 1251/1038/1
f 1277/1008/1 1289/1039/1 1272/1040/1
f 1315/1041/1 1289/1039/1 1319/1042/1
f 1273/1037/1 1319/1042/1 1284/1043/1
f 1268/1044/13 1302/1034/13 1267/1031/13
f 1271/1027/15 1315/1028/15 1314/1029/15
f 1281/997/6 1314/1024/6 1270/1045/6
f 1302/1006/6 1279/1046/6 1267/1047/6
f 1330/1048/6 1317/999/6 1281/997/6
f 1300/979/1 1288/1011/1 1269/1049/1
f 1316/1005/6 1330/1048/6 1279/1046/6
f 1327/1020/1 1282/1050/1 1261/1015/1
f 1275/1010/1 1329/1007/1 1264/1051/1
f 1316/1005/6 1331/987/6 1341/1000/6
f 1279/1046/6 1326/996/6 1258/1052/6
f 1260/1053/23 1326/995/23 1259/982/23
f 1263/990/14 1329/991/14 1328/992/14
f 1263/1054/6 1331/987/6 1278/1055/6
f 1332/974/1 1293/1056/1 1277/1008/1
f 1351/1057/6 1348/1058/6 1357/1059/6
f 1347/1060/6 1356/1061/6 1354/1062/6
f 1344/1063/6 1350/1064/6 1345/1065/6
f 1342/1066/6 1355/1067/6 1343/1068/6
f 1262/967/22 1349/1069/22 1351/1070/22
f 1267/1071/24 1352/1072/24 1344/1073/24
f 1270/1074/25 1353/1075/25 1281/1076/25
f 1250/969/21 1355/1077/21 1270/970/21
f 1278/1078/26 1354/1079/26 1356/1080/26
f 1254/1025/27 1348/1081/27 1349/1082/27
f 1263/1083/28 1356/1084/28 1346/1085/28
f 1280/1086/26 1348/1087/26 1271/1088/26
f 1252/1032/16 1344/1089/16 1345/1090/16
f 1258/961/12 1345/1091/29 1350/1092/29
f 1262/1093/30 1357/1094/30 1280/1095/30
f 1256/963/31 1354/1096/31 1266/964/31
f 1359/1097/1 1363/1098/1 1362/1099/1
f 1360/1100/1 1365/1101/1 1361/1102/1
f 1372/1103/32 1365/1104/32 1364/1105/32
f 1373/1106/33 1361/1107/33 1370/1108/33
f 1366/1109/32 1358/1110/32 1367/1111/32
f 1360/1112/34 1376/1113/35 1375/1114/36
f 1368/1115/33 1359/1116/33 1362/1117/33
f 1369/1118/13 1358/1119/13 1359/1120/13
f 1257/1121/37 1367/1122/37 1369/1118/37
f 1257/1123/38 1368/1115/38 1264/989/38
f 1264/1124/39 1366/1125/39 1275/1126/39
f 1269/1127/40 1366/1109/40 1367/1111/40
f 1255/1128/38 1373/1106/38 1370/1108/38
f 1272/1129/40 1372/1103/40 1277/1130/40
f 1255/1131/41 1371/1019/41 1272/1026/41
f 1265/1132/42 1372/1133/42 1373/1134/42
f 1378/1135/43 1364/1105/44 1380/1136/45
f 1380/1137/1 1360/1100/1 1375/1138/1
f 1381/1139/1 1362/1099/1 1363/1098/1
f 1380/1137/1 1374/1140/1 1381/1139/1
f 1379/1141/46 1363/1142/47 1366/1109/48
f 1378/1135/32 1381/1143/32 1379/1141/32
f 1362/1117/49 1377/1144/50 1368/1115/51
f 1374/1145/33 1376/1113/33 1377/1144/33
f 1368/1146/6 1379/1147/6 1366/1148/6
f 1377/1149/6 1378/1013/6 1379/1147/6
f 1334/976/52 1301/1150/52 1336/1151/52
f 1282/1155/54 1274/1156/55 1283/1157/56
f 1333/1158/57 1296/1159/58 1335/1160/59
f 1291/975/52 1298/1161/52 1301/1150/52
f 1319/1162/60 1299/1163/60 1321/1164/60
f 1303/1165/61 1309/1166/61 1299/1167/61
f 1294/1168/62 1305/1169/62 1295/1170/62
f 1336/1151/61 1311/1171/61 1338/1172/61
f 1297/1173/63 1290/1174/63 1307/1175/63
f 1276/1176/64 1290/1174/65 1274/1177/66
f 1335/1178/67 1306/1179/68 1337/1180/69
f 1284/1181/60 1295/1182/60 1285/1183/60
f 1293/1056/52 1299/1167/52 1289/1039/52
f 1286/1186/70 1295/1187/71 1296/1159/72
f 1306/1179/73 1304/1188/74 1312/1189/75
f 1307/1175/76 1292/1190/77 1310/1191/78
f 1337/1180/79 1312/1189/80 1339/1192/81
f 1339/1192/1 1325/1193/1 1340/1194/1
f 1322/1195/82 1310/1191/82 1324/1196/82
f 1312/1189/83 1323/1197/83 1325/1193/83
f 1320/1198/63 1307/1175/63 1322/1195/63
f 1296/1199/84 1305/1169/85 1306/1179/86
f 1321/1200/62 1309/1166/62 1323/1197/62
f 1301/1150/61 1308/1201/61 1311/1171/61
f 1321/1200/62 1304/1188/62 1294/1168/62
f 1320/1198/63 1308/1201/63 1298/1161/63
f 1313/1202/87 1323/1197/88 1309/1166/1
f 1322/1195/89 1311/1171/90 1308/1201/1
f 1340/1194/91 1313/1202/92 1338/1172/93
f 1284/1181/60 1321/1164/60 1294/1205/60
f 1311/1171/94 1340/1194/91 1338/1172/93
f 1324/1196/1 1339/1192/1 1340/1194/1
f 1310/1191/95 1337/1180/79 1339/1192/81
f 1335/1178/96 1292/1190/97 1276/1176/98
f 1336/1151/61 1313/1202/61 1303/1165/61
f 1333/1158/99 1276/1206/100 1282/1155/101
f 1334/976/52 1303/1165/52 1293/1056/52
f 1219/890/2 1221/1207/2 1220/891/2
f 1221/893/3 1225/1208/3 1224/894/3
f 1224/896/4 1225/1209/4 1223/897/4
f 1222/899/5 1223/1210/5 1219/900/5
f 1220/902/6 1224/1211/6 1222/903/6
f 1221/905/1 1219/1212/1 1223/906/1
f 1227/908/7 1229/928/7 1228/909/7
f 1229/911/3 1233/1213/3 1232/912/3
f 1232/914/8 1233/1214/8 1231/915/8
f 1230/917/5 1231/1215/5 1227/918/5
f 1228/920/6 1232/1216/6 1230/921/6
f 1229/923/1 1227/1217/1 1231/924/1
f 1236/926/2 1237/1218/2 1235/927/2
f 1240/929/9 1241/1219/9 1237/930/9
f 1240/932/4 1238/1220/4 1239/933/4
f 1238/935/10 1234/1221/10 1235/936/10
f 1236/938/6 1234/1060/6 1238/939/6
f 1239/905/1 1235/1222/1 1237/941/1
f 1244/943/7 1245/1223/7 1243/944/7
f 1248/946/9 1249/1224/9 1245/947/9
f 1248/949/8 1246/1225/8 1247/950/8
f 1246/952/10 1242/1215/10 1243/917/10
f 1242/954/6 1246/1226/6 1248/922/6
f 1247/956/1 1243/1227/1 1245/957/1
f 1261/959/11 1253/1228/11 1252/960/12
f 1269/962/13 1257/1121/13 1256/963/13
f 1265/965/14 1255/1128/14 1254/966/14
f 1273/968/15 1251/1229/15 1250/969/15
f 1259/971/16 1281/1230/16 1353/972/16
f 1332/974/1 1275/1010/1 1291/975/1
f 1268/977/1 1287/981/1 1318/978/1
f 1268/977/1 1253/1016/1 1283/980/1
f 1259/982/17 1342/1231/18 1343/983/18
f 1328/985/6 1262/1232/6 1280/986/6
f 1256/988/14 1257/1123/14 1264/989/14
f 1329/991/14 1265/965/14 1262/967/14
f 1251/993/19 1260/1053/19 1259/982/17
f 1327/994/20 1261/959/20 1258/961/20
f 1326/996/6 1330/1048/6 1281/997/6
f 1331/987/6 1280/986/6 1317/999/6
f 1258/1001/21 1350/1233/21 1352/1002/21
f 1266/1004/6 1278/1055/6 1316/1005/6
f 1329/1007/1 1332/974/1 1277/1008/1
f 1275/1010/1 1269/1049/1 1288/1011/1
f 1373/1012/6 1372/1234/6 1378/1013/6
f 1261/1015/1 1282/1050/1 1283/980/1
f 1370/1017/15 1361/1235/15 1365/1018/15
f 1327/1020/1 1260/1035/1 1286/1021/1
f 1263/990/22 1346/1236/22 1347/1023/22
f 1280/986/6 1271/1237/6 1314/1024/6
f 1254/1025/15 1255/1131/15 1272/1026/15
f 1315/1028/15 1273/968/15 1270/970/15
f 1253/1030/13 1268/1044/13 1267/1031/13
f 1300/1033/13 1269/962/13 1266/964/13
f 1260/1035/1 1251/1038/1 1285/1036/1
f 1273/1037/1 1284/1043/1 1285/1036/1
f 1277/1008/1 1293/1056/1 1289/1039/1
f 1315/1041/1 1272/1040/1 1289/1039/1
f 1273/1037/1 1315/1041/1 1319/1042/1
f 1268/1044/13 1300/1033/13 1302/1034/13
f 1271/1027/15 1272/1026/15 1315/1028/15
f 1281/997/6 1317/999/6 1314/1024/6
f 1302/1006/6 1316/1005/6 1279/1046/6
f 1330/1048/6 1341/1000/6 1317/999/6
f 1300/979/1 1318/978/1 1288/1011/1
f 1316/1005/6 1341/1000/6 1330/1048/6
f 1327/1020/1 1333/1022/1 1282/1050/1
f 1275/1010/1 1332/974/1 1329/1007/1
f 1316/1005/6 1278/1055/6 1331/987/6
f 1279/1046/6 1330/1048/6 1326/996/6
f 1260/1053/23 1327/994/23 1326/995/23
f 1263/990/14 1264/989/14 1329/991/14
f 1263/1054/6 1328/985/6 1331/987/6
f 1332/974/1 1334/976/1 1293/1056/1
f 1351/1057/6 1349/1238/6 1348/1058/6
f 1347/1060/6 1346/1239/6 1356/1061/6
f 1344/1063/6 1352/1240/6 1350/1064/6
f 1342/1066/6 1353/1241/6 1355/1067/6
f 1262/967/22 1254/966/22 1349/1069/22
f 1267/1071/24 1279/1242/24 1352/1072/24
f 1270/1074/25 1355/1243/25 1353/1075/25
f 1250/969/21 1343/1244/21 1355/1077/21
f 1278/1078/26 1266/1245/26 1354/1079/26
f 1254/1025/27 1271/1027/27 1348/1081/27
f 1263/1083/28 1278/1246/28 1356/1084/28
f 1280/1086/26 1357/1247/26 1348/1087/26
f 1252/1032/16 1267/1031/16 1344/1089/16
f 1258/961/12 1252/960/12 1345/1091/29
f 1262/1093/30 1351/1248/30 1357/1094/30
f 1256/963/31 1347/1249/31 1354/1096/31
f 1359/1097/1 1358/1250/1 1363/1098/1
f 1360/1100/1 1364/1251/1 1365/1101/1
f 1372/1103/32 1371/1252/32 1365/1104/32
f 1373/1106/33 1360/1112/33 1361/1107/33
f 1366/1109/32 1363/1142/32 1358/1110/32
f 1360/1112/34 1373/1106/102 1376/1113/35
f 1368/1115/33 1369/1253/33 1359/1116/33
f 1369/1118/13 1367/1122/13 1358/1119/13
f 1257/1121/37 1269/962/37 1367/1122/37
f 1257/1123/38 1369/1253/38 1368/1115/38
f 1264/1124/39 1368/1254/39 1366/1125/39
f 1269/1127/40 1275/1255/40 1366/1109/40
f 1255/1128/38 1265/965/38 1373/1106/38
f 1272/1129/40 1371/1252/40 1372/1103/40
f 1255/1131/41 1370/1017/41 1371/1019/41
f 1265/1132/42 1277/1256/42 1372/1133/42
f 1378/1135/43 1372/1103/103 1364/1105/44
f 1380/1137/1 1364/1251/1 1360/1100/1
f 1381/1139/1 1374/1140/1 1362/1099/1
f 1380/1137/1 1375/1138/1 1374/1140/1
f 1379/1141/46 1381/1143/104 1363/1142/47
f 1378/1135/32 1380/1136/32 1381/1143/32
f 1362/1117/49 1374/1145/105 1377/1144/50
f 1374/1145/33 1375/1114/33 1376/1113/33
f 1368/1146/6 1377/1149/6 1379/1147/6
f 1377/1149/6 1376/1014/6 1378/1013/6
f 1334/976/52 1291/975/52 1301/1150/52
f 1282/1155/54 1276/1206/106 1274/1156/55
f 1333/1158/57 1286/1186/107 1296/1159/58
f 1291/975/52 1288/1011/52 1298/1161/52
f 1319/1162/60 1289/1258/60 1299/1163/60
f 1303/1165/61 1313/1202/61 1309/1166/61
f 1294/1168/62 1304/1188/62 1305/1169/62
f 1336/1151/61 1301/1150/61 1311/1171/61
f 1297/1173/63 1274/1177/63 1290/1174/63
f 1276/1176/64 1292/1190/108 1290/1174/65
f 1335/1178/67 1296/1199/109 1306/1179/68
f 1284/1181/60 1294/1205/60 1295/1182/60
f 1293/1056/52 1303/1165/52 1299/1167/52
f 1286/1186/70 1285/1259/110 1295/1187/71
f 1306/1179/73 1305/1169/1 1304/1188/74
f 1307/1175/76 1290/1174/1 1292/1190/77
f 1337/1180/79 1306/1179/111 1312/1189/80
f 1339/1192/1 1312/1189/1 1325/1193/1
f 1322/1195/82 1307/1175/82 1310/1191/82
f 1312/1189/83 1304/1188/83 1323/1197/83
f 1320/1198/63 1297/1173/63 1307/1175/63
f 1296/1199/84 1295/1170/112 1305/1169/85
f 1321/1200/62 1299/1167/62 1309/1166/62
f 1301/1150/61 1298/1161/61 1308/1201/61
f 1321/1200/62 1323/1197/62 1304/1188/62
f 1320/1198/63 1322/1195/63 1308/1201/63
f 1313/1202/87 1325/1193/113 1323/1197/88
f 1322/1195/89 1324/1196/114 1311/1171/90
f 1340/1194/91 1325/1193/115 1313/1202/92
f 1284/1181/60 1319/1162/60 1321/1164/60
f 1311/1171/94 1324/1196/116 1340/1194/91
f 1324/1196/1 1310/1191/1 1339/1192/1
f 1310/1191/95 1292/1190/117 1337/1180/79
f 1335/1178/96 1337/1180/118 1292/1190/97
f 1336/1151/61 1338/1172/61 1313/1202/61
f 1333/1158/99 1335/1160/119 1276/1206/100
f 1334/976/52 1336/1151/52 1303/1165/52
usemtl DD9944
f 1287/1152/53 1274/1153/53 1297/1154/53
f 1287/1152/53 1320/1184/53 1318/1185/53
f 1318/1185/53 1298/1203/53 1288/1204/53
f 1287/1152/53 1283/1257/53 1274/1153/53
f 1287/1152/53 1297/1154/53 1320/1184/53
f 1318/1185/53 1320/1184/53 1298/1203/53
